name,type,lat,lon,cuisine,source
Snack Corner,restaurant,12.8984603,77.6010688,,OSM
Athicas Canteen,fast_food,12.894213,77.6025681,,OSM
Chai-Unchai,cafe,12.8944356,77.6024475,,OSM
Unknown,restaurant,12.8973119,77.6015666,,OSM
Meals House,fast_food,12.8696335,77.6540449,,OSM
Food n Drinks,fast_food,12.8507304,77.6573836,,OSM
Evolve Electronic City,restaurant,12.8456194,77.6588954,regional,OSM
Sukh Sagar,restaurant,12.9333646,77.6230728,,OSM
Amruth Park Land,restaurant,12.8835332,77.7502633,,OSM
Shanti Sagar,restaurant,12.9606568,77.6385011,,OSM
Srinidhi Sagar,fast_food,12.9593353,77.6385869,,OSM
Nandhini,restaurant,12.9619513,77.6419064,,OSM
Nandhana,restaurant,12.9558995,77.6411692,,OSM
KFC,fast_food,12.9781109,77.6385637,chicken,OSM
Sukh Sagar,restaurant,12.9741824,77.5753745,,OSM
Simply Native,restaurant,12.9651393,77.6383211,,OSM
Subway,fast_food,12.9637134,77.6403936,sandwich,OSM
Adyar Ananda Bhavan,restaurant,12.9543746,77.5930172,,OSM
Koshy's,restaurant,12.9756318,77.6014761,,OSM
M M A Kababs,restaurant,12.9566296,77.7152069,indian,OSM
Unknown,restaurant,12.9563782,77.7108662,chinese,OSM
Pizza Hut,restaurant,12.9782249,77.640632,pizza,OSM
Cafe Coffee Day,cafe,12.9754961,77.6412437,coffee_shop,OSM
Konārk,restaurant,12.9688102,77.6021434,indian;chinese;regional,OSM
Kamat Nandanvan,restaurant,13.0492109,77.547547,,OSM
Old Madras Baking Company,cafe,12.9697383,77.6003775,,OSM
Hard Rock Cafe,restaurant,12.9762256,77.6014809,american,OSM
Sri Raghavendra,restaurant,12.9778503,77.5722059,South_Indian,OSM
Anand Sagar Punjabi Dhaba,restaurant,12.9760075,77.5763577,,OSM
Mavalli Tiffin Rooms,restaurant,12.9550389,77.5854279,,OSM
Hyderbad Biryani House,restaurant,12.9665538,77.6141032,,OSM
Ginger Greens,restaurant,13.0259923,77.6405519,,OSM
Dosa Camp,fast_food,13.0483946,77.5426609,,OSM
Cafe Coffee Day,cafe,13.0232081,77.6362938,coffee_shop,OSM
Pizza Hut,restaurant,13.0261391,77.6362268,pizza,OSM
Thambis's Inetcafé,cafe,13.0194682,77.6332105,,OSM
Cafe Moksh,cafe,13.028839,77.6349071,,OSM
Hallimane,restaurant,12.9955258,77.5717703,,OSM
Cafe Coffee Day,cafe,12.8514179,77.6583216,coffee_shop,OSM
Domino's,fast_food,12.8417186,77.6465145,pizza,OSM
Adiga's,restaurant,13.0055704,77.5713507,indian,OSM
Infinitea,cafe,12.9870759,77.5947417,,OSM
Yo China,restaurant,12.9504549,77.6999246,chinese,OSM
Rajasthani Parotha Point,fast_food,12.9514719,77.5774905,,OSM
Arya Vysya Refreshments,fast_food,12.9510029,77.5776381,,OSM
Unknown,restaurant,12.9506894,77.5786753,,OSM
Unknown,restaurant,12.9505258,77.5785913,,OSM
Unknown,restaurant,12.9507057,77.5784906,,OSM
Unknown,fast_food,12.9512912,77.5774906,,OSM
Unknown,restaurant,12.9522306,77.5897955,,OSM
Guru Sagar Hotel,restaurant,12.9951833,77.5396211,,OSM
Ganesh Upahara,fast_food,13.0468252,77.5494119,,OSM
Polar Bear,cafe,13.0281613,77.5732067,,OSM
Hav Mor,restaurant,13.02807,77.5729018,,OSM
Hyderabad House,restaurant,12.932679,77.6135844,indian,OSM
McDonald's,fast_food,12.9351086,77.611565,burger,OSM
KFC,fast_food,12.9343669,77.6107742,chicken,OSM
Nandhini Andhra Hotel,restaurant,12.9932643,77.5957899,,OSM
Cafe Coffee Day,cafe,13.0045673,77.5710992,coffee_shop,OSM
Pai Vihar,restaurant,12.9930635,77.5959522,,OSM
Papa John's,fast_food,13.0045524,77.5711963,pizza,OSM
Vishnu Sagar,restaurant,12.9901236,77.5722985,,OSM
Kolkata Chaat,fast_food,12.9953279,77.5712934,,OSM
MintLeaf,restaurant,12.9603346,77.6382904,,OSM
Emirates,restaurant,13.0192135,77.5572955,,OSM
Golconda Chimney,restaurant,12.9558807,77.7127803,indian,OSM
Bharath,restaurant,13.0521546,77.5515881,regional,OSM
Kadamba Veg,fast_food,13.051811,77.5517989,,OSM
Wah Paratha,restaurant,12.9262764,77.6698353,,OSM
Ganesh Darshan,restaurant,12.9309204,77.5840319,,OSM
Upahara Darshini,restaurant,12.9330581,77.584422,,OSM
Nagarjuna Chimney,restaurant,12.9330431,77.5843044,indian,OSM
La Casa,restaurant,12.9261789,77.5848245,italian,OSM
KFC,fast_food,12.9269294,77.5861832,chicken,OSM
The Only Place,restaurant,12.9732444,77.6033899,american;burger,OSM
Temple of The Senses,cafe,12.9751034,77.6028435,,OSM
Durga Restaurant,restaurant,13.0489683,77.5440769,,OSM
Indian Coffee House,restaurant,12.9745397,77.6052505,coffee_shop;indian,OSM
Mishra Pedha,fast_food,12.9678501,77.5927753,regional,OSM
Udupi Sri Krishnarajathadri,restaurant,13.0041002,77.5713906,indian,OSM
Nandini Palace,restaurant,13.0330093,77.5691944,,OSM
Beijing Bites,restaurant,13.0330896,77.569359,,OSM
McDonald's,fast_food,13.0293247,77.5708017,burger,OSM
Onesta,restaurant,13.0292372,77.5708378,pizza,OSM
Chung's,restaurant,13.00654,77.5692833,chinese,OSM
Sher-e-Punjab Dhaba,restaurant,13.0218399,77.5349348,,OSM
Unknown,fast_food,13.0273219,77.5389577,,OSM
Raju Samosa,fast_food,13.0266571,77.5391304,,OSM
Sai Chats,fast_food,13.0067269,77.5640344,indian,OSM
Adarsh Dhaba,restaurant,13.0220281,77.5340657,,OSM
Shanthi Sagar,cafe,13.0369119,77.5659032,,OSM
RMV Club,restaurant,13.0380165,77.5693434,,OSM
Hunan Chinese Restaurant,restaurant,13.0342347,77.5693249,chinese,OSM
Kabini Canteen,restaurant,13.0162478,77.5648911,,OSM
Chicken County,restaurant,13.0372579,77.566121,,OSM
The Bay,food_court,12.9939354,77.6609577,,OSM
Shiro,restaurant,12.971852,77.5964092,asian,OSM
Mess B,food_court,13.018847,77.5629281,,OSM
Mess A,food_court,13.0189607,77.5625244,,OSM
Sandhya Sagar,restaurant,12.9600242,77.6015444,,OSM
Utsav,restaurant,12.9601639,77.5945806,,OSM
Rasa,restaurant,12.994359,77.5711764,,OSM
Sri Ganesh Darshan,fast_food,13.0282488,77.5717997,indian,OSM
Freska,restaurant,13.0275961,77.5766293,,OSM
Unknown,restaurant,13.0068412,77.5789439,,OSM
Pizza Hut,restaurant,13.0279832,77.5715545,pizza,OSM
Miller's 46,restaurant,12.991491,77.5941489,american,OSM
Mint Masala,restaurant,13.0069868,77.5788699,,OSM
Juice Junction,cafe,12.9720317,77.6009309,,OSM
Bowring Stall,cafe,12.9751155,77.6014152,,OSM
Shezan Restaurant,restaurant,12.9871688,77.5946714,,OSM
Domino's,fast_food,12.988225,77.5938291,pizza,OSM
Ramana's,restaurant,12.9887039,77.5939333,indian,OSM
Unknown,fast_food,12.9767317,77.5891659,,OSM
Subway,fast_food,12.9758245,77.5975433,sandwich,OSM
McDonald's,fast_food,12.9757683,77.5984496,burger,OSM
Nisarga,restaurant,12.9704007,77.5874248,regional,OSM
Mathsyadarshini (Fish Canteen),fast_food,12.9752515,77.5886667,fish,OSM
Cafe Coffee Day,cafe,12.9717817,77.5942306,coffee_shop,OSM
Museum Canteen,fast_food,12.9748503,77.5956392,,OSM
Canteen,restaurant,12.9803653,77.5950694,,OSM
Cafe Coffee Day,cafe,13.0076197,77.5793977,coffee_shop,OSM
Parkview Hotel,restaurant,12.9758502,77.5891031,,OSM
Chatpat,restaurant,12.9671651,77.580199,indian,OSM
Cane Crush,cafe,12.9697027,77.5796625,,OSM
Sri Vinayaka Juice & Chats Center,cafe,12.9742892,77.5778952,,OSM
Hotel Madhuvan,restaurant,12.9703805,77.5800395,indian,OSM
Hotel Empire,restaurant,12.9798386,77.6027906,indian,OSM
Sanman Veg,restaurant,12.9847344,77.5971261,regional,OSM
Sweet Chariot,cafe,12.9857313,77.595832,,OSM
Cafe Coffee Day,cafe,12.9356995,77.6145787,coffee_shop,OSM
Sana Di Ge,restaurant,12.9853914,77.5795059,indian,OSM
Pure & Natural,cafe,13.0075715,77.5793658,,OSM
New Shanthi Sagar,restaurant,13.0068783,77.5790907,indian,OSM
Nikki's Pub & Restaurant,restaurant,13.0144093,77.5736842,,OSM
Coffee Day,cafe,12.9736525,77.5801953,,OSM
Chicken County,fast_food,12.9756686,77.5749645,,OSM
Amruth Vegetarian Restaurant,restaurant,12.9711937,77.6007788,indian,OSM
Hotel Vinitha,restaurant,12.982738,77.6030551,indian,OSM
Hare Krishna Pure Veg Restaurant,restaurant,12.9772698,77.570304,,OSM
Balaji Restaurant,restaurant,12.9772479,77.5704213,,OSM
Fresh Cane,cafe,12.9734503,77.5751186,,OSM
Pizza Hut,restaurant,12.9310045,77.5830947,pizza,OSM
Barbeque Nation,restaurant,12.9622135,77.6414116,,OSM
Samosa,fast_food,13.0261316,77.5379964,,OSM
Hotel Madeshwara,fast_food,13.0281211,77.5360606,,OSM
A Masala House,restaurant,12.9893411,77.5929583,indian,OSM
Pizza Hut,restaurant,12.9590966,77.6544331,pizza,OSM
Kabab Manor,restaurant,13.0273116,77.5935719,,OSM
Food Magic,fast_food,13.003599,77.6225091,,OSM
Ebony,restaurant,12.9753625,77.6051643,indian,OSM
Little Imperial,restaurant,13.0228247,77.6477855,,OSM
Cafe Coffee Day,cafe,12.924585,77.6743627,coffee_shop,OSM
Hyderabad Biryani House,restaurant,12.959041,77.6564566,Andhra,OSM
Cafe Coffee Day,cafe,12.967858,77.6542204,coffee_shop,OSM
Empire,restaurant,12.9699613,77.6473796,indian,OSM
Sri Ganesh Food Point,restaurant,12.9149626,77.6149914,,OSM
Beijing Bites,restaurant,12.913127,77.6101684,,OSM
Punjabi Swag,restaurant,12.9136689,77.6099505,,OSM
Udupi Upahar,restaurant,12.9387161,77.5534116,regional,OSM
Anna Kuteera,restaurant,12.9261046,77.5502503,,OSM
Shanthi Sagar,restaurant,12.9237141,77.5534616,,OSM
Ganesh Bhavan,restaurant,12.9437007,77.5649097,,OSM
Schezwan,restaurant,13.1028474,77.5770272,chinese,OSM
Namma Mane,fast_food,13.1061576,77.5798146,regional,OSM
Mallu Bakery,fast_food,13.1044566,77.5832328,,OSM
Kadai,fast_food,13.103198,77.5842815,mixed,OSM
The Coffee Brewery,cafe,12.9622669,77.7014635,coffee_shop,OSM
Eden Dhaba,restaurant,12.931753,77.68645,indian,OSM
Calcutta Victoria Chat House,fast_food,12.9644314,77.7161868,indian,OSM
Unknown,restaurant,12.9497553,77.6998051,,OSM
Domino's,fast_food,12.9858685,77.6687185,pizza,OSM
Cafe Coffee Day,cafe,12.9858451,77.6686567,coffee_shop,OSM
Ruchi Restaurant,restaurant,12.973597,77.678189,indian,OSM
Srinidhi Sagar,fast_food,12.9918361,77.7204816,indian,OSM
Chillys,restaurant,12.9916553,77.7207261,indian,OSM
Bhagini Restaurant,restaurant,12.989294,77.7125997,indian,OSM
Pizza Hut,restaurant,12.9972009,77.540616,pizza,OSM
ArmaDQ,restaurant,12.9773708,77.6954828,,OSM
BLR37 Bar & Kitchen,restaurant,12.9805079,77.6937246,,OSM
Ankur Family Restaurant,restaurant,12.9890678,77.7116566,indian,OSM
Spice Garden,restaurant,12.9570571,77.7091042,,OSM
Infusion Restaurant,restaurant,12.9656267,77.7018348,,OSM
Ullas Refreshment,restaurant,12.9745381,77.6096029,indian,OSM
Elements,restaurant,13.0015628,77.5993592,,OSM
Subway,fast_food,12.9729051,77.6074026,sandwich,OSM
Hungry Panda,restaurant,12.934729,77.6125976,chinese,OSM
Reddys,restaurant,12.9855001,77.6732164,,OSM
Bakers Park,fast_food,12.9854324,77.6791217,,OSM
Domino's,fast_food,12.980808,77.6406008,pizza,OSM
Kund,restaurant,12.980115,77.6405511,indian,OSM
Paratha Shop,fast_food,13.0301779,77.5708089,,OSM
Barista,cafe,13.0302354,77.5705086,coffee_shop,OSM
Cafe Coffee Day,cafe,12.9794141,77.7513286,coffee_shop,OSM
Chung WAH,restaurant,12.9792064,77.7513027,chinese,OSM
Highgates Hotel,restaurant,12.9753754,77.6028942,,OSM
McDonald's,fast_food,12.9670593,77.7167619,burger,OSM
Hotel Zaica,restaurant,12.9673994,77.7146901,indian;asian,OSM
Gangothri Restaurant,restaurant,12.9377655,77.6267552,,OSM
Pizza Hut,restaurant,12.9398542,77.6251855,pizza,OSM
Taco Bell,fast_food,12.9376227,77.6269262,tex-mex,OSM
Matthan,restaurant,12.9594188,77.6486258,,OSM
Beijing Bites,restaurant,12.9800208,77.7271185,chinese;thai,OSM
The Mark Boulevard,restaurant,12.9716416,77.7176798,,OSM
Hotel Janardhana,restaurant,12.9856254,77.5788885,,OSM
Domino's,fast_food,12.9930001,77.7027197,pizza,OSM
SLV Fast Food,fast_food,12.9672919,77.5426111,,OSM
Durga Chats,fast_food,12.9724264,77.5388651,,OSM
Paratha Point,fast_food,12.9672031,77.541844,,OSM
LJB Iyengar's Bakery,fast_food,12.9676187,77.541608,,OSM
Nature Fresh,cafe,12.9673021,77.5421438,,OSM
Kabab Studio,restaurant,12.9853569,77.5792692,indian,OSM
Foody's,restaurant,12.9578638,77.5932147,,OSM
Olive Beach,restaurant,12.966942,77.60796,french,OSM
5 Centrigrade,cafe,12.9598295,77.7475972,,OSM
Subway,fast_food,12.9598156,77.7483032,sandwich,OSM
MTR,restaurant,12.9598156,77.7481385,,OSM
Cream n Desserts,cafe,12.9599141,77.748448,ice_cream,OSM
McDonald's,fast_food,12.9598101,77.748238,burger,OSM
Taj Express,fast_food,12.9598302,77.7474647,thai,OSM
Ala Dakshinapuramlo,restaurant,12.9598316,77.7473381,,OSM
Rajdhani Snacklet,fast_food,12.9598156,77.7485602,,OSM
Beijing Bites,fast_food,12.9598375,77.7476967,chinese,OSM
Pind Balluchi,restaurant,12.9598229,77.7479363,,OSM
KFC,fast_food,12.9596115,77.7473085,chicken,OSM
GoPizza,fast_food,12.9598068,77.7484572,pizza,OSM
Kalmane Koffee,cafe,12.9597243,77.7484523,,OSM
Toscano's,restaurant,12.9598943,77.7481291,,OSM
Hot N Cool,fast_food,12.8511373,77.6572789,,OSM
Cafe Coffee Day,cafe,12.9261691,77.6803833,coffee_shop,OSM
Domino's,fast_food,12.9263049,77.6803137,pizza,OSM
McDonald's,fast_food,12.9264201,77.6805202,burger,OSM
Cafe Coffee Day,cafe,12.9783158,77.7123264,coffee_shop,OSM
Qmin,cafe,12.9771241,77.7184791,,OSM
Sri Vishnu Palace,restaurant,12.979486,77.6951134,,OSM
Plate 99 Restaurant,restaurant,12.979298,77.6951854,indian,OSM
Pizza Hut,restaurant,12.9570622,77.7087772,pizza,OSM
Barista,cafe,12.9349444,77.6293498,coffee_shop,OSM
Chat,fast_food,12.9711101,77.6342171,,OSM
Domino's,fast_food,13.0215955,77.6393557,pizza,OSM
Shree Sagar CTR,restaurant,12.9982568,77.5694946,regional,OSM
Parota Point,fast_food,13.0087998,77.5634096,,OSM
Food Camp,restaurant,13.0009296,77.5723686,,OSM
Sri Sai Dosa Center,restaurant,13.0010829,77.5721394,regional,OSM
Amrut Ice-cream,fast_food,13.0018529,77.5671939,ice_cream,OSM
Cafe Coffee Day,cafe,12.913356,77.651692,coffee_shop,OSM
Papa John's,fast_food,12.913287,77.651677,pizza,OSM
Eden Park,restaurant,12.9831559,77.5987115,indian,OSM
Transit,food_court,12.9343647,77.6110938,,OSM
Cafe Coffee Day,cafe,12.9344118,77.6109865,coffee_shop,OSM
India Coffee House,cafe,12.9823242,77.594716,,OSM
Pallavi Grand,restaurant,12.8482581,77.6625319,indian,OSM
Pizza Hut,restaurant,12.9040043,77.5734008,pizza,OSM
Domino's,fast_food,12.8940827,77.5679951,pizza,OSM
Sri Krishna Upahar,fast_food,12.894203,77.5681238,indian,OSM
Coffeeday Xpress,cafe,12.9741202,77.653743,,OSM
Sue's Kitchen,restaurant,12.9793502,77.6421411,,OSM
Mainland China,restaurant,12.9621543,77.6418716,,OSM
Kota Kachori,fast_food,12.9362306,77.6254307,,OSM
Coast to Coast Sea food restaurant,restaurant,12.9370423,77.6245906,,OSM
Tamrind Restaurant,restaurant,12.9342471,77.6234716,,OSM
Kubey Seafood Restaurant,restaurant,12.9370998,77.6245424,,OSM
Polar Bear,cafe,12.9089347,77.5626077,ice_cream,OSM
Udupi Swada,restaurant,12.9075699,77.5640131,regional,OSM
NJAC,cafe,12.9089138,77.5625218,coffee_shop,OSM
Prasiddhi,restaurant,12.9109843,77.5791221,indian,OSM
Nandhini Deluxe,restaurant,12.9056456,77.5855728,indian,OSM
Incara,restaurant,12.9027732,77.5837541,indian,OSM
Sabari Juice Junction,fast_food,12.9687955,77.6488858,juice;sandwich,OSM
Beijing Bites,restaurant,12.9690594,77.6479877,chinese,OSM
U D Residency,restaurant,12.9363255,77.5767626,regional,OSM
KFC,fast_food,12.9578153,77.7158152,chicken,OSM
Third Wave Coffee Roasters,cafe,12.963223,77.7171829,coffee_shop,OSM
NGMA Cafe,cafe,12.9897809,77.5880062,,OSM
Bhagini,restaurant,12.9568655,77.7153884,,OSM
Biryani Zone,restaurant,12.9561352,77.7165979,biryani,OSM
Wok The Way,cafe,12.9559117,77.7167634,,OSM
Jade,restaurant,12.9645823,77.7161206,chinese,OSM
Northeren Wave,restaurant,12.9644938,77.716214,,OSM
Kayal,restaurant,12.9645788,77.7162279,fish,OSM
Kaapi Kadai,cafe,12.9647599,77.7172515,,OSM
Sweet Chariot,cafe,12.9359939,77.6151031,,OSM
Latte Tude,cafe,12.9334642,77.6151016,,OSM
Lucky da dhaba,restaurant,12.9365445,77.6142714,,OSM
Lazeej,restaurant,12.9338202,77.6193658,Mughlai,OSM
Meghna Biryani,restaurant,12.9345967,77.6162526,,OSM
Zheng,restaurant,12.9336119,77.6152238,chinese,OSM
Golmal Paratha,restaurant,12.9338304,77.6194655,north indian,OSM
Costa,cafe,12.9345246,77.6162996,coffee_shop,OSM
Aalishan,restaurant,12.9365369,77.614409,,OSM
Ping,restaurant,12.9336331,77.622557,chinese,OSM
Daawat,restaurant,12.9359336,77.6146718,,OSM
Atithya,restaurant,12.9362549,77.6145138,,OSM
Tunday Kabab,restaurant,12.9338227,77.6193019,tandoori,OSM
Udupi Upahaara,restaurant,12.9358653,77.6149483,,OSM
Friends,cafe,12.9354363,77.6147873,,OSM
Cuppa,cafe,12.9333951,77.6155122,,OSM
Coorg,restaurant,12.9363343,77.6151183,,OSM
KC Das,restaurant,12.9337973,77.6189966,,OSM
Adyar Ananda Bhavan,restaurant,12.9358031,77.6147343,regional,OSM
Zingron,restaurant,12.9363805,77.6151025,Naga,OSM
Beijing Bites,restaurant,12.9334311,77.6217925,chinese,OSM
Lazeez Express,restaurant,12.9341001,77.6164042,,OSM
Ammi's Biryani,restaurant,12.936529,77.6146211,,OSM
Tandoor Hut,restaurant,12.9338857,77.6194174,,OSM
StrEat Cafe,cafe,12.967438,77.6365796,,OSM
Cafe Coffee Day,cafe,12.9686771,77.7010336,coffee_shop,OSM
Sethji's,restaurant,12.9643071,77.6437722,,OSM
The Ants Cafe,cafe,12.9671898,77.6422595,,OSM
Chai Patti Teafe,cafe,12.9695606,77.6411087,tea,OSM
Chakum Chukum,fast_food,12.9723006,77.6392006,rolls,OSM
Baan Phad Thai,restaurant,12.9698224,77.6377171,,OSM
Khan Saheb,restaurant,12.9791395,77.7512477,kebab,OSM
Domino's,fast_food,12.957157,77.7386411,pizza,OSM
The Fat Chef,restaurant,12.9575682,77.7409586,international,OSM
Cafe Coffee Day,cafe,12.9639,77.7485355,coffee_shop,OSM
Bhagini Park,restaurant,12.963214,77.7483421,,OSM
Saffron Patch,restaurant,12.9564558,77.7427026,indian,OSM
Mayuri Bar And Restaurant,restaurant,12.9700266,77.7497775,indian,OSM
Shri Lakshmi Vaibhava,restaurant,12.9692871,77.7496864,,OSM
Cafe Coffee Day,cafe,12.9433387,77.5850711,coffee_shop,OSM
Delicacy Chinese Restaurant,restaurant,12.9999497,77.6229731,chinese,OSM
Sai Shakti,restaurant,12.999295,77.5680608,indian,OSM
Hotel Fanoos,fast_food,12.9645047,77.6065319,kebab,OSM
Swathi Deluxe,restaurant,12.9766211,77.5725503,regional,OSM
China Pearl,restaurant,12.9361984,77.6214666,chinese,OSM
Pizza Hut,restaurant,12.934525,77.610909,pizza,OSM
Sahib Singh Sultan,restaurant,12.935016,77.611357,,OSM
Gramin,restaurant,12.934504,77.613547,,OSM
Om,restaurant,12.934323,77.613299,,OSM
McDonald's,fast_food,12.972972,77.6213025,burger,OSM
Nandini,restaurant,12.9306133,77.5825147,indian,OSM
KFC,fast_food,12.9256218,77.5502249,chicken,OSM
Dal Tadka,restaurant,12.9256318,77.5498709,,OSM
Sri Udupi Swaadista,restaurant,13.0055106,77.5787567,,OSM
Rajesh Hotel,restaurant,13.0046183,77.5784554,,OSM
Ring View Restaurant,restaurant,12.9260621,77.6760012,indian,OSM
Hotel Dream Land,restaurant,12.9267671,77.4973876,chicken,OSM
Udupi Upahar,fast_food,12.9250272,77.4986893,,OSM
The Club,restaurant,12.9368003,77.5169615,,OSM
KFC,fast_food,12.9360631,77.5177447,chicken,OSM
McDonald's,fast_food,12.9360526,77.5179485,burger,OSM
Bramhi Aahaara,fast_food,12.9217044,77.5204162,regional,OSM
Beijing Bites,restaurant,12.9214078,77.5206736,chinese,OSM
Coffee Day,cafe,12.920634,77.5205368,,OSM
Masala,restaurant,12.9099779,77.5508753,,OSM
Domino's,fast_food,12.9109528,77.5516022,pizza,OSM
Adyar Ananda Bhavan,restaurant,13.0797112,77.5591265,regional,OSM
Sri Krishna Upahar,restaurant,13.0775498,77.5587667,,OSM
Cafe Coffee Day,cafe,13.0753105,77.5579778,,OSM
Madurai Idly shop,fast_food,12.9372017,77.6244522,,OSM
Maharaja Restaurant,restaurant,12.934295,77.6300787,,OSM
Agarwal Sweets and Restaurant,restaurant,13.041276,77.5163638,,OSM
Domino's,fast_food,13.0374605,77.5657693,pizza,OSM
Food Bay,restaurant,13.0321716,77.5699911,,OSM
KFC,fast_food,13.0318449,77.570207,chicken,OSM
Nandhini Deluxe,restaurant,13.0314371,77.5703125,indian,OSM
Casino,restaurant,13.0289717,77.5712245,,OSM
Auntie Fung's,restaurant,13.0290129,77.5712153,chinese,OSM
Atithi Satkaar,restaurant,13.0362481,77.5747038,chinese;indian,OSM
Fiorano Ristorante,restaurant,12.9331413,77.6228508,spanish,OSM
Namma MTR,fast_food,12.9284497,77.5733648,,OSM
Dragons,restaurant,12.9414203,77.553445,,OSM
Shiv Sagar Signature,restaurant,12.9166102,77.5914577,,OSM
SLV,restaurant,12.9153417,77.5948673,,OSM
Food Court,fast_food,12.9163528,77.5921287,,OSM
McDonald's,fast_food,12.9165527,77.5921175,burger,OSM
Shanthi Sagar,fast_food,12.9231515,77.5893938,regional,OSM
Niha Juice Center,fast_food,12.9608216,77.666002,juice,OSM
Megha Restaurant,restaurant,12.955452,77.697866,,OSM
Grill and Hog,fast_food,12.9215902,77.6512829,indian,OSM
McDonald's,fast_food,12.9354469,77.6154094,burger,OSM
Filling station,bar;pub;restaurant,12.9364031,77.6207917,,OSM
Nandhana Grand,restaurant,12.9362976,77.6213531,indian,OSM
Kolkata's,restaurant,12.963978,77.7487116,regional,OSM
Dim Sum,restaurant,12.9422358,77.6178071,chinese,OSM
Brews & Bites,cafe,12.9284331,77.5900599,,OSM
Shiv sagar,restaurant,12.9440288,77.5727582,,OSM
Cafe Coffee Day,cafe,12.944502,77.5728401,coffee_shop,OSM
Adyar Anand Bhavan,restaurant,12.9444313,77.5729353,,OSM
Cafe Coffee Day,cafe,13.0281022,77.5733848,coffee_shop,OSM
Corner House,cafe,13.0280073,77.5725777,ice_cream,OSM
Cafe Coffee Day,cafe,12.9973265,77.5403657,coffee_shop,OSM
New Shanti Sagar,restaurant,12.988545,77.5377868,,OSM
Lassi Park,cafe,12.9330961,77.5823147,ice_cream,OSM
New Sagar Fast Food,fast_food,13.0042469,77.550715,,OSM
Adigas,restaurant,12.943764,77.6071874,,OSM
Adaa Restaurant,restaurant,12.934104,77.6164798,indian,OSM
Willy Vanilli,restaurant,12.9368528,77.6203487,ice_cream,OSM
Chung wah,restaurant,12.9366057,77.6205137,chinese,OSM
Yelhanka Cafe Cofee Day,cafe,13.0992439,77.5880493,,OSM
Chandra cafe,fast_food,13.099742,77.588778,,OSM
Chickpet Donne Biriyani House,restaurant,13.0967578,77.5840299,,OSM
CornerHouse,restaurant,13.0989001,77.5876488,ice_cream,OSM
Sathyas Biriyani,restaurant,12.9363015,77.6151475,indian,OSM
Red fort restaurant,restaurant,12.9360411,77.6148636,,OSM
Bhojohori manna,restaurant,12.9373691,77.6243143,indian,OSM
Krishna Cafe,restaurant,12.9368986,77.6198954,,OSM
Imperial Hotel,restaurant,12.9364077,77.6250803,indian,OSM
heritage of Bengal,restaurant,12.9373234,77.624368,indian,OSM
Anand Sweets and Restaurant,restaurant,12.9369809,77.6197694,,OSM
Ocean restaurant,restaurant,12.9368711,77.6248696,international,OSM
KFC,fast_food,12.9823894,77.607536,chicken,OSM
Juice Burg Cafe,fast_food,12.9168527,77.6034541,,OSM
N.E Diner,restaurant,12.9348451,77.6128809,,OSM
Thanco Fresh Fruitz Ice-Creams,restaurant,12.9350385,77.6130633,ice_cream,OSM
Mangoa Coastal cuisine,restaurant,12.935577,77.6130901,seafood,OSM
Flambe,restaurant,12.9371352,77.619779,,OSM
Aangan restaurant,restaurant,12.9365549,77.6165979,,OSM
Coffee Bean,cafe,12.9123969,77.6407671,,OSM
Manipal County,restaurant,12.8737015,77.6420142,,OSM
Naati oota,restaurant,12.936869,77.6247225,indian,OSM
Sizzlers and more,restaurant,12.9368481,77.6198784,international,OSM
China Bowl restaurant,restaurant,12.936937,77.6202003,chinese,OSM
Malabar cafe,restaurant,12.9368899,77.6197711,indian,OSM
Desi Tadka,restaurant,12.9369893,77.6201144,indian,OSM
Chinese Cottage,restaurant,12.9368847,77.6246206,chinese,OSM
Chalo Punjab,restaurant,12.9377944,77.6266966,indian,OSM
Ambrosia restaurant,restaurant,12.9361835,77.6258638,international,OSM
Kwality Walls,restaurant,12.9380577,77.6261445,ice_cream,OSM
Bhagini Residency,restaurant,13.0200035,77.7088068,indian,OSM
Jharoka,restaurant,12.9120524,77.6379776,,OSM
Kottayam,restaurant,12.9143549,77.6383198,indian,OSM
McDonald's,fast_food,12.9121865,77.6379811,burger,OSM
Third Wave Coffee Roasters,cafe,12.9961239,77.6132737,coffee_shop,OSM
Nandini Restaurant,restaurant,12.9959044,77.6130336,indian,OSM
Udupi Shanthi Sagar,restaurant,12.9958364,77.6131543,indian,OSM
Domino's,fast_food,12.9973354,77.6106956,pizza,OSM
Ponnuswamy Restaurant,restaurant,12.9961448,77.6112526,,OSM
Al-Siddique Kabab Center,restaurant,12.9931105,77.6089191,,OSM
Siddique Kabab Center,restaurant,12.9934162,77.608356,,OSM
Komala Refreshment,restaurant,12.9960742,77.6170891,,OSM
Domino's,fast_food,13.015204,77.6661513,pizza,OSM
Kairali Restaurant,restaurant,12.9352294,77.6076048,,OSM
Little Italy,restaurant,12.9343755,77.6090481,italian,OSM
Karavali Fine Dine,restaurant,12.935785,77.6076261,,OSM
Sultan of Spice,restaurant,12.9335261,77.6152234,,OSM
Tharavad,restaurant,12.9062634,77.6298345,,OSM
MAS,restaurant,12.9258752,77.6170606,indian,OSM
Ammis Biriyani,restaurant,12.933536,77.6155026,indian,OSM
Chung Wah Restaurant,restaurant,12.9352797,77.6157628,chinese,OSM
Mama mia,restaurant,12.9338001,77.619424,ice_cream,OSM
Boca Grande,restaurant,12.9416947,77.621508,international,OSM
Tasty Restaurant,restaurant,12.9227705,77.6142078,indian,OSM
Shanti Sagar Hotel,fast_food,12.9970293,77.5539717,,OSM
Srinivasa Cool Corner,fast_food,12.9383716,77.5700155,indian,OSM
Sweet Revenge Cafe,restaurant,12.9198254,77.6127816,,OSM
Sri Sai Vijay Mess,restaurant,12.9366298,77.6132797,indian,OSM
Oye Amritsar,restaurant,12.9364753,77.621053,,OSM
Pizzeria Romano,restaurant,12.9367367,77.6206239,,OSM
Mast Kalandar,restaurant,12.9147654,77.6383124,,OSM
Kiwi kiss,restaurant,12.9388779,77.61893,coffee_shop,OSM
Booster Juice,cafe,12.93893,77.6189888,indian,OSM
Mahalakshmi Refreshments,cafe,13.0080794,77.5469863,,OSM
Malabar inn,restaurant,12.9677987,77.654435,kerala,OSM
Kanti Sweets,restaurant,13.098633,77.5773144,indian,OSM
Swathi garden,restaurant,13.0591093,77.5931284,indian,OSM
Paratha plaza,restaurant,13.027249,77.5798112,,OSM
Ande ka funda,restaurant,12.9332663,77.6153051,,OSM
Cafe 363,cafe,13.0034363,77.5499517,,OSM
Domino's,fast_food,13.0995328,77.5890285,pizza,OSM
Idli Express,fast_food,13.0950433,77.5942125,,OSM
Kaggis' Bakery,fast_food,12.9090588,77.5492656,,OSM
North Karanataka mess,fast_food,12.9094097,77.5499084,,OSM
Kaappi,cafe,12.9140237,77.5587479,,OSM
Nandhini,restaurant,12.9253564,77.5496136,indian,OSM
Pizza Hut,restaurant,12.9251321,77.5507224,pizza,OSM
Gangasagar Chats,fast_food,12.9872341,77.549974,,OSM
Unknown,cafe,12.9880757,77.5496789,,OSM
New Shanti Sagar,restaurant,12.9314867,77.5761365,,OSM
Cane Crush,restaurant,13.0039772,77.5509235,,OSM
Raham's Families International (Richies) Restaurant,restaurant,12.9603151,77.6458853,indian,OSM
Hotel Prabha International,restaurant,13.0271417,77.5438625,,OSM
Sanjay Food Junction,restaurant,13.0577696,77.5950588,chinese,OSM
Hotel Sinchana,restaurant,13.0201794,77.6745195,,OSM
SLV Swagath,fast_food,12.9284223,77.589782,,OSM
Cube Multi-cuisine Restaurant,restaurant,12.938682,77.6299136,international,OSM
Polynation,restaurant,12.9375545,77.6281177,international,OSM
Taste of Bihar,restaurant,12.9376735,77.6264373,indian,OSM
Barbeque Nation,restaurant,12.9519422,77.6397478,barbecue,OSM
Tandoori Hipple,restaurant,12.9526958,77.640104,international,OSM
LoveShack,restaurant,12.9525546,77.6400289,international,OSM
Shanti Sagara,restaurant,12.9287808,77.5856675,,OSM
CCD,cafe,12.9201877,77.574944,,OSM
Pizza Hut,restaurant,12.9244542,77.5643439,pizza,OSM
Mini Punjabi Dhaba,restaurant,12.9403137,77.5645095,,OSM
Ganesh FruitJuice Centre,restaurant,12.9393831,77.5641393,,OSM
Cane-o-La,restaurant,12.9449194,77.5680581,,OSM
SLV Delite,restaurant,12.9480672,77.5682863,,OSM
Mane Thindi,fast_food,12.9233352,77.5545915,,OSM
Chung wah,restaurant,12.9251478,77.5507385,chinese,OSM
McDonald's,fast_food,12.9733561,77.6074951,burger,OSM
Ruby Tuesday,restaurant,12.9746853,77.605772,american,OSM
Purple Haze,restaurant,12.9729633,77.6086054,,OSM
Paris Panini,restaurant,12.9747565,77.6051367,panini,OSM
Nandini Andra Style,restaurant,12.9317341,77.6228586,,OSM
Hamsa Sagar,restaurant,13.00091,77.5412684,,OSM
Polar Bear,restaurant,12.9276361,77.5779238,ice_cream,OSM
Gelato Italiano,restaurant,12.9278474,77.5782069,ice_cream,OSM
Sukh Sagar,restaurant,12.9285276,77.5826445,,OSM
Basaveshwar Khanavali,restaurant,12.9288447,77.5857791,,OSM
1947,restaurant,12.9277143,77.5861502,,OSM
McDonald's,fast_food,12.9279957,77.5861533,burger,OSM
Ohris,restaurant,12.922039,77.620302,,OSM
Silver Metro,restaurant,12.921876,77.620493,,OSM
Pizza Hut,restaurant,12.9954523,77.6138486,pizza,OSM
KFC,fast_food,12.9978917,77.6147471,chicken,OSM
Beijing Bites,restaurant,12.9973063,77.6138674,chinese,OSM
McDonald's,fast_food,12.9963445,77.6157181,burger,OSM
Ganesha Fruit Juice Center,fast_food,12.9954036,77.6139103,,OSM
Empire,restaurant,12.9999459,77.6158737,indian,OSM
Kobe Sizzler,restaurant,12.978234,77.6426096,international,OSM
Beanlore Coffee Roasters,cafe,12.978729,77.6439064,coffee_shop,OSM
Chai Point,cafe,12.9786742,77.6427655,coffee_shop,OSM
Cafe Sangam @ Maiyas,fast_food,12.9425192,77.5854098,,OSM
Gloria Jean's,cafe,12.9761276,77.6412139,coffee_shop,OSM
Subz,restaurant,12.9329962,77.5850947,indian,OSM
Vasudev Adigas,fast_food,12.9306365,77.5862902,,OSM
Beijing Bites,restaurant,12.9243848,77.5858198,chinese,OSM
Cool joint,fast_food,12.9287644,77.5858624,ice_cream,OSM
Cafe Coffee Day,cafe,12.9055718,77.6058341,coffee_shop,OSM
Unknown,restaurant,12.9822735,77.6078285,,OSM
Cool Joint,restaurant,12.9825453,77.6104302,sandwich,OSM
Olio,restaurant,12.9365507,77.6204895,international,OSM
Coffee Lounge,cafe,12.9367494,77.6200067,coffee_shop,OSM
McDonald's,fast_food,12.9215958,77.6202694,burger,OSM
Kota Kachori,restaurant,12.9346333,77.6124687,,OSM
Shiva Sagar,restaurant,12.9339607,77.6104356,,OSM
Kataria Home Food,restaurant,12.9164249,77.6164112,indian,OSM
Shanti Sagar,restaurant,12.9256315,77.6152769,,OSM
Aswini Hotel,restaurant,12.9229035,77.6134614,indian,OSM
Andra Curry Point,restaurant,12.9231702,77.6126406,indian,OSM
Jade Empress,restaurant,12.9459429,77.5956857,,OSM
Keys Hotel,restaurant,12.9459575,77.5951685,,OSM
Bhagini Hotel,restaurant,12.9494002,77.5926204,,OSM
Domino's,fast_food,12.9231276,77.5860269,pizza,OSM
Punjabi Rasoi,restaurant,13.0256971,77.5931352,,OSM
Tiffin Centre,restaurant,13.0249236,77.5927811,,OSM
Adigas,restaurant,12.921875,77.620121,,OSM
New Shanti Sagar,restaurant,13.0233034,77.5928133,,OSM
Swati Deluxe,restaurant,12.997825,77.5499844,regional,OSM
Gokul Vegetarian,restaurant,12.998275,77.550863,regional,OSM
Domino's,fast_food,12.9966873,77.5723319,pizza,OSM
Sree Nandini Palace Restaurant,restaurant,12.9872807,77.5494174,,OSM
Kanti Sweets,fast_food,12.9978128,77.5712095,,OSM
Iyangar Bakery,fast_food,12.9237619,77.5532989,,OSM
Goli Vada Pav,fast_food,12.9240913,77.553374,indian,OSM
McDonald's,fast_food,12.924405,77.5647251,burger,OSM
Nandini Milk Booth,cafe,12.9245932,77.5648877,,OSM
Unknown,fast_food,12.9244834,77.5641605,,OSM
Baskin Robin's,fast_food,12.9246664,77.5642101,,OSM
Goli Vada Pav,fast_food,12.9247449,77.5642316,,OSM
Cafe Coffee Day,cafe,12.9257906,77.5640961,coffee_shop,OSM
Tandoor,restaurant,12.9260154,77.5641098,,OSM
Kati Zone,fast_food,12.9260625,77.5646983,,OSM
Anand Bhavan,fast_food,12.9261618,77.5645588,,OSM
SLV Swadisth,fast_food,12.9268619,77.5641149,,OSM
SLV fast food,fast_food,12.9241331,77.5663009,,OSM
Domino's,fast_food,12.9249818,77.5512039,pizza,OSM
Cafe Coffee Day,cafe,12.9258745,77.5501431,coffee_shop,OSM
Beijing Bites,fast_food,12.925817,77.550127,,OSM
Mast Kalandar,fast_food,12.9260889,77.5504555,,OSM
Shanti Sagar,restaurant,12.9734181,77.5419268,,OSM
Indraprastha,restaurant,12.9716571,77.537278,,OSM
Zingron,restaurant,12.9923298,77.7131282,,OSM
Nandana Palace,restaurant,12.9216098,77.6453053,indian,OSM
Paramount Restaurant,restaurant,12.971167,77.605779,,OSM
Swadista Ahara,restaurant,12.9139161,77.6102112,,OSM
Sathkar Juice Centre,fast_food,12.9245212,77.4981445,juice,OSM
Kasturi Darshan Fast Food,fast_food,12.9646622,77.6573486,,OSM
Airlines,restaurant,12.9727309,77.5997185,indian,OSM
Rice Bowl,restaurant,12.9748249,77.5994328,chinese,OSM
Ganga Sagar,fast_food,12.9672761,77.5422857,,OSM
Kamat,restaurant,12.964223,77.5866456,,OSM
New Sagar,restaurant,13.030076,77.5593983,indian,OSM
Cafe @ Neeladri,fast_food,12.841367,77.6477623,indian,OSM
Cafe Coffee Day,cafe,12.8482017,77.6625122,coffee_shop,OSM
Mast Kalandar,restaurant,12.8415266,77.6476526,,OSM
Suchitra Biriyani,restaurant,12.9591717,77.6550416,indian,OSM
Udupi Park,restaurant,12.9595298,77.6561326,,OSM
Mama-G,restaurant,12.8405564,77.6514101,indian,OSM
Cafe Coffee Day,cafe,12.8405799,77.6637858,coffee_shop,OSM
Pizza Hut,restaurant,12.8405093,77.6636625,pizza,OSM
Chung Wah,restaurant,12.8401382,77.6638107,chinese,OSM
Emperor,restaurant,12.8401806,77.6638003,indian,OSM
Foodware,fast_food,12.8398679,77.6635054,indian,OSM
Mast Kalandar,restaurant,12.952399,77.6400371,,OSM
Aastha,restaurant,12.8479685,77.6577333,indian,OSM
Ladoos,fast_food,12.8488764,77.6575746,indian,OSM
Habanero,restaurant,12.9871697,77.7360104,mexican,OSM
Domino's,fast_food,12.9868354,77.7369256,pizza,OSM
Subway,fast_food,12.9246131,77.5850005,sandwich,OSM
KFC,fast_food,12.993084,77.6620975,chicken,OSM
Richie-Rich,restaurant,12.9868232,77.5800176,,OSM
Cable Car Restaurant,restaurant,12.9168408,77.5851479,,OSM
Chutney Chang,restaurant,12.9331034,77.585029,chinese,OSM
Cafe Coffee Day,cafe,12.9885341,77.5770137,coffee_shop,OSM
Utsav,restaurant,12.9311975,77.6228542,,OSM
Brahmin's Coffee Bar,fast_food,12.9539396,77.5688104,,OSM
Kamat Minerva,restaurant,12.9554704,77.5801737,indian,OSM
Park-n-Eat,restaurant,12.9877001,77.5782687,,OSM
McDonald's,fast_food,12.9931914,77.6618949,burger,OSM
McDonald's,fast_food,13.0493139,77.5929981,burger,OSM
KFC,fast_food,12.9131153,77.6383089,chicken,OSM
Śrī Uḍupi,restaurant,12.9781823,77.5797234,indian,OSM
Chung's,restaurant,12.9891068,77.5938601,chinese,OSM
V T Paradise,restaurant,12.9655419,77.5898511,,OSM
Madurai Style Idli Vada Dosa,fast_food,12.9607214,77.6458388,indian,OSM
Nandhini,restaurant,12.9649785,77.6385321,indian,OSM
Holly Flames,restaurant,12.957444,77.7091287,,OSM
Vista Lounge,cafe,12.957695,77.709012,coffee_shop,OSM
KaatiZone,fast_food,12.8489312,77.6575748,indian,OSM
Beijing Bites,fast_food,12.8487114,77.6575809,chinese,OSM
U.S. Pizza,fast_food,12.8488179,77.6575736,pizza,OSM
Mavalli Tiffin Rooms,restaurant,12.9721761,77.6009542,indian;south_indian,OSM
Goli Vada Pav,fast_food,12.9341965,77.6164502,indian,OSM
Jumboking Vadapav,fast_food,12.9341648,77.6164835,,OSM
Bhagini Iris,restaurant,12.9558315,77.729344,,OSM
Cafe Bel Cibo @ Patio,restaurant,12.9572347,77.7331316,italian,OSM
Pizza Hut Delivery,fast_food,12.926903,77.6699239,pizza,OSM
KFC,fast_food,12.9259462,77.6752588,chicken,OSM
Pizza Hut,restaurant,12.925988,77.6754492,pizza,OSM
Amrutesh Darshini,restaurant,12.934392,77.5895053,,OSM
TGI Fridays,restaurant,12.9732119,77.6217398,american,OSM
KFC,fast_food,13.0231175,77.637041,chicken,OSM
KFC,fast_food,12.9376941,77.6270393,chicken,OSM
Nisarga,restaurant,12.9830301,77.5943718,,OSM
Punjabi Dhaba,restaurant,13.026256,77.6062003,,OSM
Bhagini,restaurant,13.0187152,77.6555768,indian,OSM
Tamarind,restaurant,13.0138084,77.6618674,,OSM
Cafe Coffee Day,cafe,12.8914338,77.6080737,coffee_shop,OSM
Adithya,restaurant,12.9118641,77.5867606,,OSM
Costa,cafe,12.9926358,77.7027672,coffee_shop,OSM
Kismiss,fast_food,12.9922906,77.7027028,,OSM
Bangalore Cafe,fast_food,12.987094,77.5784442,,OSM
Pongal Veg Cafe,restaurant,12.9206732,77.6123589,,OSM
Domino's,fast_food,12.9197873,77.6122951,pizza,OSM
Pai Vihar,restaurant,12.9658764,77.5860284,,OSM
Laxmi Sagar Deluxe,restaurant,12.9294812,77.5637259,,OSM
Raghavendra Upahara,restaurant,12.9170457,77.5931523,,OSM
Kabab and Biriyani,fast_food,12.9340245,77.5619702,indian,OSM
SLV Fast Food,fast_food,12.93577,77.5613294,,OSM
Cuppa,fast_food,13.0149612,77.6438861,coffee_shop,OSM
Cafe Coffee Day,cafe,13.018092,77.6474963,coffee_shop,OSM
McDonald's,fast_food,13.0256651,77.6369016,burger,OSM
Uttam Sagar,restaurant,13.0094734,77.6434486,indian,OSM
Adigas Annapoorna,restaurant,13.0144106,77.6427176,indian,OSM
Srinidhi Upchaar,restaurant,13.0119854,77.6475134,indian,OSM
Great Indian Thali,restaurant,12.9365165,77.6274121,,OSM
Odia Mess,restaurant,12.9535994,77.6980241,Odia,OSM
Kaayal,restaurant,12.9683052,77.6504678,,OSM
Uttam Sagar,restaurant,13.0118335,77.668096,,OSM
Savi Ruchi,restaurant,13.0127088,77.6650142,,OSM
Pai Princess,restaurant,12.9166803,77.5898443,,OSM
Palm Grove,restaurant,12.9715903,77.6084985,,OSM
Sangam,restaurant,12.9718928,77.6065672,,OSM
M S Ramaiah Food Court,fast_food,13.0288137,77.5659698,regional,OSM
Ganesh Darshan,fast_food,13.0291001,77.5680818,,OSM
Nisarga Andhra Style,restaurant,12.9683294,77.5380482,indian,OSM
Deewar Bar & Restaurant,restaurant,12.9583342,77.5259368,indian,OSM
Ron-Inn Bar & Restaurant,restaurant,12.9603129,77.513258,indian,OSM
Nammura Tindi,fast_food,12.9606716,77.5125104,regional,OSM
Ayodhya Food Line,fast_food,12.9760637,77.5315131,,OSM
Vasudev Adigas,restaurant,12.9809408,77.5354587,,OSM
Hotel Empire,restaurant,12.9348525,77.6157906,indian,OSM
Khawa Karpo,restaurant,12.9340146,77.6163371,chinese,OSM
Manasa Veg,fast_food,12.943062,77.6175679,indian,OSM
Sagar Fast Food,restaurant,12.9417545,77.6215457,indian,OSM
S.L.V Hotel,restaurant,12.9577755,77.5694742,indian,OSM
UpSouth,restaurant,12.9170404,77.5934403,,OSM
Nandini,restaurant,12.9552387,77.5790523,indian,OSM
Hotel Mangala,fast_food,12.9437044,77.5603994,,OSM
Guru Darshani - Bhattra Hotel,fast_food,13.0180713,77.5026372,,OSM
Unknown,fast_food,13.0184273,77.5019992,,OSM
Aithal Upahara Darshini,fast_food,13.0188919,77.5014355,,OSM
Unknown,restaurant,13.0291469,77.519671,,OSM
ಅಮೋಘ ಸಾಗರ್,restaurant,13.0287027,77.5199016,,OSM
Unknown,fast_food,13.0361605,77.5185766,,OSM
Unknown,restaurant,13.0203561,77.5084325,,OSM
Devi Upahara,fast_food,13.0152393,77.5071772,,OSM
Domino's,fast_food,12.9450945,77.5679803,pizza,OSM
Darshini,fast_food,12.9552655,77.5675942,indian,OSM
Chaithanya Restaurant,fast_food,12.9063265,77.5960973,indian,OSM
McDonald's,fast_food,12.9781131,77.6385256,burger,OSM
Kadamba Veg,restaurant,12.9976921,77.5475818,indian,OSM
KFC,fast_food,12.9972835,77.5465706,chicken,OSM
US Pizza,fast_food,13.0236171,77.6299246,,OSM
Barista,cafe,13.0219361,77.6392168,coffee_shop,OSM
Nisarga Andhra Style,restaurant,12.9886227,77.5378109,,OSM
Domino's,fast_food,12.9612053,77.5271272,pizza,OSM
Cafe Coffee Day,cafe,12.9656038,77.5363115,coffee_shop,OSM
Mādappa Mes,restaurant,12.9800497,77.5771102,indian;buffet,OSM
F & B,restaurant,12.9713119,77.5997267,,OSM
Ice Cafe,fast_food,12.9180303,77.5571707,indian,OSM
Domino's,fast_food,12.9831416,77.5593081,pizza,OSM
Jalpaan,restaurant,12.9989198,77.552547,regional,OSM
McDonald's,fast_food,12.9831807,77.5597454,burger,OSM
Hotel Janatha,restaurant,12.9991432,77.5710944,,OSM
The Guha,restaurant,12.9334671,77.5833269,,OSM
Sreeraj lassi bar,cafe,12.9828042,77.6105271,,OSM
Bajji,fast_food,13.0037322,77.5653317,indian,OSM
Tahini Garden,restaurant,12.9219463,77.5934768,,OSM
Cafe Coffee Day,cafe,12.9218974,77.5934723,coffee_shop,OSM
Eeshanya,restaurant,12.9230467,77.593202,,OSM
Akshata Nati Style,restaurant,12.972957,77.5397309,,OSM
Park View Bar & Restaurant,restaurant,12.9729139,77.5395347,,OSM
Amaravati Andhra Style,restaurant,12.9808177,77.535785,,OSM
Toscano,restaurant,12.9717891,77.5962374,italian,OSM
Cafe Noir,restaurant,12.9719381,77.5958753,french,OSM
Y! Cafe,restaurant,12.958286,77.605196,international,OSM
Pizza Hut,restaurant,12.9624402,77.5990359,pizza,OSM
Harima,restaurant,12.9676211,77.6001785,japanese,OSM
Coffee All Day,cafe,12.9733898,77.6072915,coffee_shop,OSM
Chez Mariannick,restaurant,12.9550393,77.7297525,international,OSM
Ogara,fast_food,13.0297623,77.5697601,,OSM
Wow! Momo,fast_food,13.0295828,77.571027,momo,OSM
The Onyx,restaurant,12.9064987,77.5930188,,OSM
Andhra Mess,restaurant,12.8391719,77.6574848,indian,OSM
KFC,fast_food,12.839628,77.6593925,chicken,OSM
Kerala Mess,restaurant,12.8391715,77.6577563,indian,OSM
Punjabi Dhaba,restaurant,12.8391708,77.6573722,indian,OSM
Barista,cafe,12.8376448,77.6559723,coffee_shop,OSM
Pranav Upahara,fast_food,13.0835344,77.5848473,,OSM
Via Lucknow,restaurant,13.0367811,77.5660503,indian,OSM
Ice and Spice,restaurant,13.0282521,77.5729006,international,OSM
Cuppa Coffee,cafe,12.9122176,77.6817453,,OSM
Adda,restaurant,12.8945443,77.6203167,indian,OSM
Canara Juice Center,fast_food,12.9749261,77.5308639,,OSM
Sri Vasavi Condiments,fast_food,12.9489694,77.577188,,OSM
Aditya,restaurant,12.8929275,77.5816768,indian,OSM
Casa Picola,fast_food,12.9940777,77.6607095,,OSM
Au Bon Pain,fast_food,12.9935838,77.6607658,sandwich,OSM
Toscano,restaurant,12.9750597,77.602857,italian,OSM
Three Quarter Chinese,restaurant,12.974503,77.6054637,,OSM
McDonald's,fast_food,12.9686831,77.5369098,burger,OSM
Kabab Mehal,restaurant,12.8865339,77.5819949,indian,OSM
Panchami Upahar,fast_food,12.9683464,77.6512784,,OSM
Ruchi Restaurant,restaurant,12.9725555,77.6266554,,OSM
Frappy's,restaurant,13.0282258,77.5730112,,OSM
Cafe Svarasya,restaurant,12.8920259,77.5791107,indian;regional,OSM
SLV,restaurant,12.8908929,77.5819348,indian,OSM
Kakal Kai Ruchi,restaurant,12.8872845,77.5821065,indian,OSM
Vyanjan Restaurant,restaurant,12.8489155,77.6513716,indian,OSM
Barbeque Nation,restaurant,12.9255152,77.6370763,barbecue,OSM
Magadha,restaurant,12.8960869,77.5860483,indian;italian,OSM
Chutney Chang,restaurant,12.9737798,77.6028823,indian,OSM
Empire,restaurant,12.9754042,77.6027775,indian,OSM
Oye Amritsar,restaurant,12.9752422,77.6470259,,OSM
Sandarshini,fast_food,12.993927,77.6623459,indian,OSM
Hotel Manjushree,restaurant,12.9590436,77.5248426,fish,OSM
Cafe Coffe Day,cafe,12.9734094,77.5417665,,OSM
1947,restaurant,12.9829855,77.5486383,,OSM
Jalpaan,restaurant,12.92545,77.5768905,,OSM
Barbeque Nation,restaurant,12.9869399,77.7359602,barbecue,OSM
Alibaba Cafe & Restaurant,restaurant,13.0005858,77.6148025,persian;arabic;bhatkali,OSM
Banaras Sweets,fast_food,12.9699846,77.5797207,,OSM
Al-Bek Chicken,fast_food,12.9779674,77.5530323,,OSM
Unknown,fast_food,12.965712,77.5363,,OSM
Sarovara,restaurant,12.8943291,77.5818071,indian,OSM
Coastal Express,restaurant,12.9867912,77.5794891,indian,OSM
Kamat,restaurant,12.9491655,77.5798273,indian,OSM
Mainland China,restaurant,12.9556191,77.7251708,chinese,OSM
Ghar ka Khana,restaurant,13.0304259,77.569741,indian,OSM
Darband,restaurant,13.0305385,77.5698806,turkish,OSM
Posh Palates,restaurant,12.9253052,77.6698803,indian,OSM
PES Food Court,restaurant,12.9336327,77.5343127,indian,OSM
Cafe Coffe Day Express,cafe,12.9335839,77.5344798,indian,OSM
Rajadhani restaurant,restaurant,12.9788091,77.5750078,,OSM
Nando's,restaurant,13.0116018,77.5553246,chicken;portuguese,OSM
Toscano,restaurant,13.011218,77.5554078,italian,OSM
Mainland China,restaurant,13.0107099,77.5554114,chinese,OSM
Kubera Biriyani Paradise,restaurant,12.8578959,77.5891475,indian,OSM
KFC,fast_food,13.0109319,77.555398,chicken,OSM
SLV,fast_food,12.9180956,77.557202,indian,OSM
Beiging Bites,restaurant,12.8883745,77.5820587,chinese;thai,OSM
Papa John's,fast_food,12.891182,77.5816478,pizza,OSM
Peacock Restaurant,restaurant,13.0304891,77.6081971,regional,OSM
Nandini Milk Parlour,cafe,13.0608156,77.5062519,,OSM
Chianti,restaurant,12.933447,77.6219099,italian,OSM
Fusion Meals,restaurant,12.8509064,77.6538133,,OSM
Matteo's Coffee,cafe,12.9743507,77.6070733,coffee_shop,OSM
Hae Kum Gang,restaurant,12.9679393,77.6074294,korean,OSM
Windmills Craftworks,restaurant,12.982529,77.7217679,spanish;indian;italian,OSM
Punjabi Food Corner,restaurant,12.8920876,77.5817631,indian,OSM
99 Dosa,fast_food,12.9776993,77.6411427,indian,OSM
Mast Kalander,restaurant,12.978669,77.6440415,,OSM
Cafe Coffee Day,cafe,12.9286056,77.5453234,coffee_shop,OSM
Empire Restaurant,restaurant,13.0145004,77.635717,indian,OSM
Swathi Restaurant,restaurant,12.9608966,77.5075094,,OSM
Domino's,fast_food,12.8893056,77.5817421,pizza,OSM
Davanagere Benne Dose,restaurant,12.991114,77.5407958,indian,OSM
Prashanth Grand,fast_food,12.9971687,77.5805055,,OSM
Nandini palace,restaurant,12.9985485,77.5840303,,OSM
Nandhini Deluxe,fast_food,12.9979301,77.5841054,,OSM
Nandi Bakery,fast_food,12.9945651,77.6077839,,OSM
Best of Bengal,restaurant,12.9955047,77.6081944,,OSM
Aishwarya Parkland,restaurant,12.8846171,77.5961943,,OSM
Jain Bhavan,restaurant,12.9461645,77.5734435,,OSM
Kamat Yatrinivas,restaurant,12.9758817,77.5786471,,OSM
Momo,fast_food,12.9776613,77.6416286,,OSM
Kabab Magic,restaurant,12.9787433,77.6955214,,OSM
Adyar Ananda Bhavan,restaurant,12.9843055,77.5537764,regional,OSM
New Shanti Sagar,restaurant,12.9977544,77.5472561,indian,OSM
Chandrappa Hotel,restaurant,13.0293289,77.5617382,indian,OSM
Sea Route Restaurant,restaurant,12.9973524,77.5476248,seafood,OSM
Sattvam,restaurant,13.0057592,77.5804279,indian,OSM
Bhaga's,restaurant,13.028009,77.5728764,indian,OSM
Tomatoes,restaurant,13.0281424,77.5733461,international,OSM
Darasuni,restaurant,13.0273348,77.5765728,indian,OSM
Deccan House,restaurant,13.032401,77.5669086,chicken,OSM
Domino's,fast_food,12.9626081,77.7014948,pizza,OSM
Nizam's Biryani House,restaurant,12.9605015,77.7016821,,OSM
Shogun,restaurant,12.9651619,77.7017201,chinese,OSM
ORR Dhaba,restaurant,12.965205,77.7017287,,OSM
Domino's,fast_food,12.8766254,77.5958823,pizza,OSM
Aharam - The Food Court,food_court,12.8761229,77.5961005,,OSM
KFC,fast_food,12.875838,77.5952566,chicken,OSM
Kalmane Koffees,cafe,12.8757152,77.595244,coffee_shop,OSM
McDonald's,fast_food,12.8759805,77.5952792,burger,OSM
Oye Amritsar,restaurant,12.8762432,77.5957831,indian,OSM
Rajdhani Thali,restaurant,12.8759927,77.5960602,indian,OSM
TGIF,restaurant,12.8762457,77.5955916,,OSM
Venezia,restaurant,12.9274214,77.5771125,italian,OSM
Sweet Chariot,cafe,12.9684869,77.6008019,,OSM
Christ University Food Court,food_court,12.934646,77.6067313,,OSM
Coconut Grove,restaurant,12.9752848,77.6043238,indian,OSM
Pakashala,restaurant,13.0724465,77.556674,,OSM
Durgashri Upahar,fast_food,13.0682388,77.560175,,OSM
Beijing Bites,fast_food,13.0753507,77.5580493,chinese,OSM
Domino's,fast_food,13.0788692,77.5591795,pizza,OSM
Pizza Stop,restaurant,12.9055105,77.595119,pizza,OSM
Gelato,restaurant,12.9056098,77.595119,ice_cream,OSM
Daily Bread,cafe,12.9063288,77.5965004,sandwich,OSM
Barbeque Nation,restaurant,12.9064308,77.5968652,kebab,OSM
Au Bon Pain,fast_food,12.9061118,77.5967632,sandwich,OSM
Domino's,fast_food,12.9061458,77.5968786,pizza,OSM
MTR 1924,restaurant,12.9117616,77.5990109,regional,OSM
Park View,fast_food,12.9114243,77.5990217,regional,OSM
Grills and Rolls,restaurant,12.9004538,77.5859289,,OSM
Veg Sagar,fast_food,12.9056019,77.6444964,,OSM
Unknown,restaurant,12.8982417,77.6178957,,OSM
Sri Krishna Upahara,restaurant,12.9031858,77.6245476,indian,OSM
EC1 Canteen,restaurant,12.8386446,77.6617313,indian,OSM
Cafe Coffee Day,cafe,12.8377191,77.659551,coffee_shop,OSM
Clubhouse Cafe,cafe,12.9357533,77.6962873,,OSM
Unknown,restaurant,12.9112592,77.6259903,,OSM
Adyar Ananda Bhavan,restaurant,13.0229372,77.5848295,regional,OSM
Rathna Kushka Center,restaurant,13.1005731,77.5881723,indian,OSM
Kammanahalli,fast_food,13.0178488,77.6364588,,OSM
Shree Vinayaka Juice & Chat Center,fast_food,12.9931607,77.5394749,indian_chats,OSM
California Burrito,restaurant,12.9941909,77.6606796,mexican,OSM
Subway,fast_food,12.9939646,77.6613318,sandwich,OSM
Saviruchi Fast Food,fast_food,12.9710286,77.536798,,OSM
Royal's Coffe House,cafe,12.9709921,77.5368677,,OSM
Goli Vada Paav,fast_food,12.9606776,77.5286519,,OSM
Ammi's Biryani,restaurant,12.9607284,77.5284077,,OSM
Polar Bear,cafe,12.9602967,77.5302803,ice_cream,OSM
Hotel barbies,fast_food,12.9811057,77.6102575,regional,OSM
Panchavati,restaurant,12.9728225,77.537934,Andhra,OSM
Hotel Karavali,restaurant,12.9728818,77.5400131,regional,OSM
Alemane Cane Juice,cafe,12.9728604,77.5392872,,OSM
Gokul Veg,restaurant,12.9727493,77.5389814,regional,OSM
You Mee,restaurant,13.0118346,77.5553934,japanese,OSM
Vinegar,restaurant,13.0114881,77.5553553,,OSM
Cafe Coffe Day,cafe,12.9818276,77.6092079,coffee_shop,OSM
Shiv Sagar,restaurant,12.9819355,77.6082221,regional,OSM
Fresh and ground,cafe,12.989651,77.5377152,coffee_shop,OSM
Brahmins,restaurant,12.8918378,77.5795358,indian,OSM
Shri Guru Upahara,fast_food,12.9704143,77.5249373,regional,OSM
Bageecha Family Restaurant,restaurant,12.955947,77.7117133,,OSM
Deckers Lane,restaurant,12.9546737,77.7152773,Bengali,OSM
Gandharva Upahāra,restaurant,12.9787017,77.5742352,indian,OSM
Hotel Savaji's,restaurant,12.9737304,77.543367,,OSM
Beijing Bites,restaurant,12.9606895,77.5287669,chinese,OSM
Cafe Coffee Day,cafe,12.9303605,77.6228604,coffee_shop,OSM
New Prashanth Hotel,restaurant,12.9985477,77.5510414,regional,OSM
Sri Ganesh Bake Paradise,restaurant,13.1070925,77.5756631,,OSM
Sagar Fast Food,restaurant,12.9305918,77.6229717,indian,OSM
Cafe Coffee Day,cafe,12.8346539,77.6793362,coffee_shop,OSM
Crane Crush,cafe,12.9855811,77.5556847,regional,OSM
Ammi's Biryani,restaurant,12.8985744,77.6217071,indian,OSM
Wild Beans,restaurant,13.0208639,77.7655083,,OSM
Woody's,restaurant,12.9655171,77.5949458,,OSM
Sri Vari Veg,fast_food,12.967569,77.5896565,,OSM
Shezan,restaurant,12.9736811,77.5987096,indian,OSM
High Court Canteen,restaurant,12.9790476,77.5935254,,OSM
Moriz,restaurant,12.9647792,77.7177517,chicken,OSM
Cafe Coffee Day,cafe,13.007962,77.658766,coffee_shop,OSM
Karma Foods,restaurant,12.9584438,77.7188999,indian,OSM
Cheeky Bites,restaurant,12.956305,77.7199388,,OSM
Kerala Coast,restaurant,13.053347,77.5980418,,OSM
Bakasur,restaurant,12.9870223,77.7359581,indian,OSM
Punjabi by Nature 2.0,restaurant,12.987086,77.7369762,,OSM
Melange,restaurant,12.8899711,77.6398117,indian,OSM
Domino's,fast_food,12.8966122,77.6357401,pizza,OSM
Nandi Bidadi Thatte Idli,fast_food,12.8861649,77.5822896,indian,OSM
Green Chillies,restaurant,12.8922631,77.5814764,indian,OSM
Five Star Chicken,fast_food,12.9700711,77.7497969,chicken,OSM
Bliss Chocolate Lounge,cafe,12.9596154,77.7475746,coffee_shop,OSM
Sweet Chariot Cafe,cafe,13.0218163,77.657739,,OSM
Daily Bread,cafe,13.0185804,77.6534032,,OSM
Cafe Coffee Day,cafe,13.0189051,77.6567845,,OSM
Chung Wak,restaurant,13.0217627,77.6577043,chinese,OSM
Dosa Corner,restaurant,12.927382,77.5764857,,OSM
Golden Forks,restaurant,12.8510699,77.6573129,chinese,OSM
Bombay Kulfi,fast_food,12.8391739,77.6576321,ice_cream,OSM
Sandesh Sweets and Chats,fast_food,12.8412425,77.6500307,regional,OSM
ibaco,fast_food,12.9263326,77.5870601,ice_cream,OSM
Au Bon Pain,fast_food,12.9888891,77.5933559,sandwich,OSM
Maiyas,restaurant,13.0020277,77.5707457,indian,OSM
Chefmaster,restaurant,12.9237751,77.5969146,indian,OSM
New Shanthi Sagar,restaurant,12.9302771,77.5831394,indian,OSM
Goli Vada Pav,fast_food,12.9306647,77.584134,indian,OSM
Saaga,restaurant,13.0371532,77.5896694,indian,OSM
Starbucks,cafe,12.9351849,77.6135299,coffee_shop,OSM
Corner House,fast_food,12.9228822,77.5849781,ice_cream,OSM
Ace Iyengar,fast_food,12.9198922,77.5900138,indian,OSM
Adyar Ananda Bhavan,restaurant,12.9218455,77.5854901,regional,OSM
Cafe Coffee Day,cafe,12.9218091,77.5893861,coffee_shop,OSM
Blend - Royal Orchid Suites,restaurant,12.9667754,77.7512305,,OSM
Unknown,restaurant,13.0267368,77.5871118,,OSM
Athithyam,restaurant,12.9210453,77.5835608,indian,OSM
New Tandoori Point,restaurant,12.9569985,77.7032975,,OSM
New Surya Sweets,restaurant,12.9250286,77.6143616,sweet_and_chat_shop,OSM
KFC,fast_food,12.9219827,77.6200068,chicken,OSM
Ambur Biriyani,restaurant,12.9308439,77.6226408,regional,OSM
Cafe Rossini,cafe,13.0273584,77.5763017,bavarian,OSM
Cafe Coffee Day,cafe,12.9555976,77.7198567,coffee_shop,OSM
Ground Up Coffee,cafe,12.9378458,77.5852753,coffee_shop,OSM
Cuppa,cafe,12.9409838,77.5850433,,OSM
Rastarasta.com,cafe,13.020785,77.6435221,,OSM
Unknown,restaurant,12.9392013,77.695393,,OSM
Black Pearl,restaurant,12.9344918,77.6160061,barbecue,OSM
ವೀರಶೈವರ - ಉಪಹಾರ ಮಂದಿರ,fast_food,12.9667567,77.5892239,,OSM
Ganesh Uphaar,restaurant,13.0933876,77.6007265,regional,OSM
Guru Garden Restaurant,restaurant,12.8911903,77.5981332,indian,OSM
Puchkas Chaat Shop,fast_food,12.9567291,77.7087726,indian,OSM
Subway,fast_food,12.956785,77.714966,sandwich,OSM
Woody's,restaurant,12.9818715,77.6094935,,OSM
Ramanna's Fast Food,fast_food,12.9659396,77.5949764,regional,OSM
Unknown,fast_food,12.9677684,77.593373,regional,OSM
Adyar Ananda Bhavan,restaurant,12.9835135,77.7520657,regional,OSM
Unknown,fast_food,12.9718615,77.7485791,,OSM
Canyin,restaurant,13.0271848,77.571876,chinese,OSM
A1 Rice Bowl,restaurant,13.0282899,77.5714773,,OSM
Khan Saheb,restaurant,12.9714443,77.6350673,,OSM
Udupi Krishna Vihar,restaurant,12.9117776,77.6006489,indian,OSM
Manjunatha Refreshments,restaurant,12.9171114,77.6337407,indian,OSM
Empire,restaurant,12.91519,77.6355368,indian,OSM
Star Biryani,restaurant,12.914592,77.6367272,kebab,OSM
Swathi Spice and Ice,restaurant,12.9165146,77.6355216,indian,OSM
Empire Hotel,restaurant,13.0169921,77.5914678,,OSM
Kudla,restaurant,13.0174262,77.5916716,indian,OSM
Adiga's,restaurant,13.0168458,77.591398,,OSM
By-two Coffee,cafe,12.9649244,77.5387391,South_Indian,OSM
Five Star Chicken,fast_food,12.8923977,77.5817117,chicken,OSM
Ammis Biriyani,fast_food,12.8924249,77.5985953,indian,OSM
Denny's,restaurant,12.9164737,77.596929,american,OSM
Kabab Magic,restaurant,12.9162385,77.5970407,indian,OSM
The Pongal,restaurant,12.9158974,77.5967626,indian,OSM
Shanthi Sagar,restaurant,12.9136768,77.5859029,,OSM
Siddhas Veg,restaurant,12.9123213,77.5855908,indian,OSM
KFC,fast_food,12.9152396,77.585919,chicken,OSM
Church Street Social,restaurant,12.9757617,77.6026084,american,OSM
Hot n Cool,fast_food,12.9338837,77.6072471,chinese,OSM
Clay Oven Restaurant,restaurant,12.891268,77.5816626,chinese;indian,OSM
Punjabi Food Corner,fast_food,12.8918806,77.5817562,punjabi,OSM
Star Biriyani Ambur,fast_food,12.8848113,77.5826946,biriyani,OSM
Rolls on Wheels,fast_food,12.8922462,77.5817355,chicken,OSM
Bejing Bites,restaurant,12.8922835,77.5982384,chinese,OSM
Five Star Chicken,fast_food,12.8920786,77.5983413,chicken,OSM
Goli Vada Pav,fast_food,12.8921315,77.5981942,indian,OSM
Juice Junction,fast_food,12.8923153,77.5981397,ice_cream;local;sandwich,OSM
King Ambur Hot Biriyani,fast_food,12.915303,77.6448585,biriyani,OSM
Shanthi Sagar,restaurant,12.9088477,77.5486338,,OSM
Ganesh Juice Center,cafe,12.9112765,77.5670395,,OSM
Five Star Chicken,fast_food,12.9111406,77.567002,chicken,OSM
Shri Banashankari Darshini,restaurant,12.9048653,77.5657348,regional,OSM
New Uduppi Hotel,restaurant,12.983624,77.769089,,OSM
Monish Corner,restaurant,12.9266584,77.5199911,regional,OSM
Daysie,restaurant,12.9722421,77.6184419,,OSM
Cafe Coffee Day,cafe,12.9287251,77.5912567,coffee_shop,OSM
Five Star Chicken,fast_food,12.9920805,77.7177139,chicken,OSM
Black Pepper Lounge,restaurant,12.9363204,77.6222034,international,OSM
McDonald's,fast_food,12.9060964,77.5855631,burger,OSM
Paramount,restaurant,12.956002,77.6416096,indian;regional,OSM
Pizza Hut,restaurant,12.9061288,77.593146,pizza,OSM
Chamundeshwari Coffee,cafe,12.9659456,77.5924964,coffee_shop,OSM
Darshini,fast_food,12.962382,77.5939054,,OSM
Athithi Andhra Style Restaurant,restaurant,12.8885816,77.5970487,,OSM
Bengaliana,restaurant,12.8897004,77.5974903,bengali,OSM
Domino's,fast_food,12.890105,77.5976831,pizza,OSM
Dadi's Dum Biryani,restaurant,12.8897164,77.5975027,mughlai;hyderabadi,OSM
Pizza Hut,restaurant,12.8895058,77.5974312,pizza,OSM
Zanghs Dynasty,restaurant,12.890143,77.5976943,chinese,OSM
Sufiyan,restaurant,12.8922596,77.5983606,chinese,OSM
Hot Burg,restaurant,12.892252,77.5983398,burger,OSM
Chowman,restaurant,12.9232047,77.6711807,,OSM
Starbucks,cafe,12.90602,77.5937277,coffee_shop,OSM
Wangs Kitchen,restaurant,12.9061196,77.5926081,,OSM
Eden Park Restaurant,restaurant,12.9234752,77.5852645,,OSM
Sweet Chariot,cafe,12.9683557,77.6512329,cake,OSM
Spicy Corner,fast_food,12.9687951,77.6488597,Manchurian;chinese,OSM
KFC,fast_food,12.9048841,77.6016207,chicken,OSM
Shiva's Chats,fast_food,12.9416718,77.5605078,indian,OSM
Goli Vada Pav,fast_food,12.9394505,77.5839294,indian,OSM
Karnataka Bhel House,fast_food,12.9395055,77.5839162,indian,OSM
Kwality'S Ice Cream Parlour,restaurant,12.9241055,77.5671349,ice_cream,OSM
Ammys Biriyani,restaurant,12.8896399,77.5633218,indian,OSM
Pallavi,restaurant,12.9045616,77.5057926,chinese;indian,OSM
Carnival De Goa,restaurant,12.9750047,77.6200027,regional,OSM
Ayda,restaurant,12.9742729,77.607273,indian;persian,OSM
Chai Point,cafe,12.9224971,77.668466,coffee_shop,OSM
Gopal Jee,restaurant,12.9245494,77.6743341,,OSM
Dosa Time,fast_food,12.9825833,77.7485219,,OSM
Abhiruchi,fast_food,12.9825936,77.7484763,,OSM
Cafe Coffee Day,cafe,13.0053577,77.5810409,coffee_shop,OSM
Sri Devi Café,restaurant,12.9977551,77.6205782,regional,OSM
Lou Han,restaurant,12.9159911,77.6513702,chinese;thai,OSM
Napoli,restaurant,12.9160016,77.6519298,italian,OSM
Greasy Spoon,restaurant,12.9168988,77.6515537,american,OSM
Just momo,restaurant,12.912101,77.6485607,chinese,OSM
Wang's Kitchen,restaurant,12.9124615,77.6517484,chinese,OSM
Adyar Ananda Bhavan,restaurant,12.9137923,77.6374114,regional,OSM
Pizza Hut,restaurant,12.9122107,77.6377107,pizza,OSM
Calvins,restaurant,12.9122576,77.6375965,italian,OSM
Hotel Sanman,restaurant,12.98415,77.5781517,regional,OSM
Krispy Kreme,fast_food,12.9135892,77.6383047,donut,OSM
Goli,restaurant,12.9908478,77.6800019,vada_pav,OSM
Biryani House,restaurant,13.0413885,77.6223832,Hyderabadi_Biryani,OSM
Taaza Tindi,fast_food,12.9226172,77.5932227,regional,OSM
Nammoora,restaurant,12.9045002,77.5888265,"regional_(South_Indian,_North_Indian)",OSM
California Burritos,restaurant,12.9341751,77.6170762,,OSM
Pizza Hut,restaurant,12.9117609,77.6816564,pizza,OSM
Funky Punjab,restaurant,12.9001563,77.585937,punjabi,OSM
Vasantha Grand,restaurant,12.9043815,77.5858999,indian,OSM
Vinaya Cafe,restaurant,12.9058961,77.5802982,indian,OSM
Sreeraj Lassi Bar,cafe,12.9844175,77.6033409,,OSM
Karavali Garden Restaurant,restaurant,12.9044659,77.5802459,indian,OSM
McDonald's,fast_food,12.9259521,77.6754449,burger,OSM
KFC,fast_food,12.9480965,77.6987354,chicken,OSM
Bhagini,restaurant,12.9398646,77.6959322,regional,OSM
Pizza Hut,restaurant,12.9389751,77.6953137,pizza,OSM
Happy Endings,cafe,12.9245757,77.6729089,,OSM
Punjabi Times,restaurant,12.9241101,77.671697,regional,OSM
Ruh,restaurant,12.9245431,77.6728693,,OSM
Dosa Time,cafe,12.9147042,77.6760561,,OSM
Juice,cafe,12.9147382,77.6760668,juice,OSM
Chat & More,cafe,12.9147905,77.6760749,,OSM
Blue Rock's Fusion Restaurant and Bar,restaurant,12.9146917,77.6760958,,OSM
Cafe Coffee Day,cafe,12.9757451,77.6046148,coffee_shop,OSM
D'Lish,restaurant,12.9765959,77.5706263,,OSM
Adhishakthi,restaurant,12.9729868,77.5700133,,OSM
Domino's,fast_food,12.9730022,77.6173053,pizza,OSM
Jalsa,restaurant,12.9263463,77.5647627,,OSM
Odia Dyne,restaurant,12.9563085,77.6560269,regional,OSM
J's Pastas n Pizzas,restaurant,12.9558936,77.6535219,pizza,OSM
Srinidhi Sagar,restaurant,12.9607933,77.64587,,OSM
Nandini Cool Joint,restaurant,12.9110059,77.6444953,,OSM
Chung Wah,restaurant,13.0285702,77.5714972,chinese,OSM
Diya Family Restaurant,restaurant,12.9571881,77.6550651,meals,OSM
Akshaya Veg,restaurant,12.9565128,77.6537159,meals,OSM
Brahmin's Thatte Idli,restaurant,13.0268022,77.5794516,,OSM
Adyar Ananda Bhavan,restaurant,13.04098,77.6243953,regional,OSM
Status,restaurant,12.953121,77.652908,,OSM
Udipi Park,restaurant,12.9530588,77.652888,,OSM
Richies Rahhams Families International,restaurant,13.000752,77.6131248,,OSM
McDonald's,fast_food,13.0112401,77.5549137,burger,OSM
Big Mummy,restaurant,12.96257,77.6432823,,OSM
Nandu Biryani Corner,restaurant,12.9627703,77.6424953,hyderabadi,OSM
Starbucks,cafe,12.9745524,77.6073356,coffee_shop,OSM
Kavya Sagar,restaurant,12.9582479,77.6146254,regional,OSM
MTR 1924,restaurant,12.9805426,77.6405571,,OSM
Cafe Coffee Day,cafe,12.9781425,77.6387579,coffee_shop,OSM
Tadka Singh,restaurant,12.9781375,77.638642,indian,OSM
Chinita,restaurant,12.9810472,77.6371441,mexican,OSM
Paakashala,restaurant,12.9811616,77.6371262,regional,OSM
Dosa Camp,restaurant,12.9797703,77.6393433,,OSM
Adupadi,restaurant,12.9788158,77.6365941,Chettinad,OSM
Lajawaab,restaurant,12.9782871,77.6426631,indian,OSM
Rasa India,restaurant,12.9782063,77.6431582,indian,OSM
Nakshatra Condiments Mess & Fast Food,fast_food,12.9816228,77.6392476,,OSM
Cafe Max,restaurant,12.9783994,77.6443108,german,OSM
Esplanade,restaurant,12.978961,77.636588,Calcutta,OSM
Istanbul Doner Turkish Grill,restaurant,12.9821282,77.6395715,,OSM
Durga Andhra Mess (Veg/Non-Veg),restaurant,12.9804418,77.6391466,indian,OSM
Food Town,restaurant,12.9822114,77.6391056,,OSM
Five Star Cafe,fast_food,12.9808189,77.6409999,chicken,OSM
Nagarjuna,restaurant,12.9774668,77.6363765,indian,OSM
Imperial Restaurant,restaurant,12.9755127,77.6360648,,OSM
Annapoorani,restaurant,12.97475,77.635825,indian,OSM
Barebones,restaurant,12.9801713,77.6405925,,OSM
Coffee Club,cafe,13.0189413,77.5708021,,OSM
Swathi,restaurant,12.9891614,77.5722338,,OSM
Ganesh Veg,fast_food,12.9896751,77.5720525,,OSM
Punjabi Rasoi,restaurant,12.9821972,77.6388396,,OSM
Sri Upahara,restaurant,12.9105018,77.5816131,South_Indian,OSM
Meghana Foods,restaurant,12.9728223,77.6091815,indian,OSM
Indira Food Court,fast_food,12.9826128,77.638292,,OSM
Roll Khazana,fast_food,12.9821999,77.6383332,,OSM
Curries and Pickles,restaurant,12.9822012,77.6382936,,OSM
Hotel Annakuteera vegetarian,restaurant,12.962822,77.5764714,,OSM
New Sagar Fast Food & Party Hall,restaurant,12.9899339,77.5526805,,OSM
H.S.M Iyengar,cafe,12.910505,77.5820811,,OSM
Paakashala,restaurant,12.9106315,77.584622,regional,OSM
Spicy Tree,restaurant,12.9106137,77.5805904,regional,OSM
Rolls of heaven,restaurant,12.9110226,77.578561,regional,OSM
Sri Devi,restaurant,12.9108461,77.5782827,,OSM
Sunrise Restaurant,restaurant,12.9110743,77.5780397,,OSM
Aditya Hotel,restaurant,13.0019334,77.5784395,,OSM
F A Tea stall,cafe,13.0183459,77.5572174,,OSM
Five Star Veg,restaurant,13.0069934,77.5693219,,OSM
New Sagar Fast Food - Vegetarian,fast_food,13.0188238,77.5574002,,OSM
KFC,fast_food,13.0244173,77.5489753,chicken,OSM
Five Star Chicken,restaurant,13.0070927,77.5693166,,OSM
Hotel Aradhana,restaurant,12.9115865,77.6002227,,OSM
New Kabab Zone,fast_food,12.9109162,77.600202,kebab,OSM
Brahmashree Juice and Condiments,fast_food,12.9109842,77.6001833,,OSM
McDonald's,fast_food,13.0035401,77.5713502,burger,OSM
Kebab,fast_food,12.9110992,77.6001886,,OSM
Shri Lakshmi Darshini,restaurant,12.9113058,77.6001591,,OSM
Kebab,fast_food,12.9112273,77.6001377,,OSM
Prasanna bar and restaurant,restaurant,12.9113345,77.6001135,,OSM
Kebab,fast_food,12.9110469,77.6001538,,OSM
Cafe Coffee Day,cafe,12.9898332,77.5561709,coffee_shop,OSM
A. Cyber Joint - Browsing Center,internet_cafe,12.9891135,77.5559765,,OSM
Ande Ka Funda,fast_food,12.9311572,77.6070088,indian,OSM
Holy Smoke,restaurant,12.9103456,77.6097988,,OSM
Sri Ananda Bhavan,restaurant,12.9944143,77.6631498,indian,OSM
Sri Krishna Grand,restaurant,12.9938792,77.6622186,indian,OSM
Basaveshwara Khanavali,restaurant,12.9944662,77.6632297,regional,OSM
Sai Shiv Sagar,restaurant,12.9950242,77.662944,,OSM
Nellore Mess,restaurant,12.994594,77.6634203,regional,OSM
Annapurna,restaurant,12.95904,77.6382864,,OSM
Kerela Pavilion,restaurant,12.9603147,77.6371987,,OSM
Under The Tree,restaurant,12.9592176,77.6385092,,OSM
Tamarind House,restaurant,12.9591069,77.6383016,,OSM
Ice Thunder,fast_food,12.9454151,77.5709801,regional,OSM
Smoke House Deli,restaurant,12.9715104,77.5983259,italian;burger,OSM
Annapoorneshwari Mess,restaurant,12.9819249,77.6395066,regional,OSM
Chetty's Coffee,fast_food,12.9812444,77.6366402,lassi,OSM
Classic Biriyani Center,restaurant,12.92478,77.6746246,,OSM
Mani's Dum Biriyani,restaurant,12.9242898,77.6737254,indian,OSM
Ibaco,cafe,13.0374157,77.5661276,dessert,OSM
Café Coffee Day,cafe,12.9193173,77.5041769,coffee_shop,OSM
Unknown,restaurant,12.9320659,77.6182289,,OSM
Goli Vada Pav,fast_food,13.0216054,77.5587327,indian,OSM
Aastha Mess,restaurant,13.0218114,77.5586653,Bengali,OSM
Thanco's Natural Ice Cream,restaurant,13.027416,77.5610663,ice_cream,OSM
Chocolate Lounge,cafe,12.9705433,77.642076,,OSM
Mast Kalandar,restaurant,12.9548274,77.6415855,indian;regional,OSM
Ambur Biriyani,restaurant,12.9582235,77.6415281,regional,OSM
Chef Inn Regency,restaurant,12.95771,77.6416441,,OSM
Kolkatta Kati Roll,fast_food,12.9579315,77.6415049,indian;regional,OSM
Shabari Tea Stall,cafe,12.9580508,77.641507,,OSM
Sanjeevanam,restaurant,12.9254221,77.6194529,,OSM
Juice Maker,cafe,12.9417768,77.6215095,coffee_shop,OSM
Dyu Art Cafe,cafe,12.9371896,77.6176798,coffee_shop,OSM
Juicy,cafe,12.9360891,77.6159498,Juice_shop,OSM
Momoz,restaurant,12.9359584,77.6162475,chinese,OSM
Chai Point,cafe,12.9346905,77.6159203,coffee_shop,OSM
California Pizza Kitchen,restaurant,12.9344396,77.6160195,pizza,OSM
Sharekhan Restaurant,restaurant,12.9187187,77.6491667,,OSM
Tea Coffee,cafe,12.8996006,77.4958799,,OSM
Sathkar Cafe,cafe,12.9589736,77.6628578,,OSM
Indiradarshini,cafe,13.0036378,77.6166655,indian,OSM
Meghana Foods,restaurant,12.9496216,77.6997317,regional,OSM
Mast Kalandar,restaurant,12.9255448,77.6762576,regional,OSM
Cafe Coffee Day,cafe,13.0334985,77.5309521,coffee_shop,OSM
PSR Andhra Style Restaurant,restaurant,13.0374407,77.5225394,regional,OSM
Phalahara Darshini Juice Center,fast_food,13.0351247,77.5271958,,OSM
Barbeque Nation,restaurant,12.9481695,77.6986773,,OSM
99 varieties of dosa,fast_food,12.9481519,77.6985843,Dosa,OSM
Wow! Momo,fast_food,12.9481681,77.6987599,momo,OSM
Minakshi,restaurant,12.9497864,77.6990755,Andhra,OSM
Anjappar,restaurant,12.9506209,77.6999061,regional,OSM
Spice World,restaurant,12.9504495,77.6999604,,OSM
Jimi's,restaurant,12.9504952,77.699942,,OSM
Barkaas Indo Arabic Restaurant,restaurant,12.9512065,77.6994054,Andhra,OSM
Wareabouts Grill & Lounge,restaurant,12.9517332,77.6994362,,OSM
Tandoori Junction,restaurant,12.9517821,77.7001004,Punjabi,OSM
Nanda's,restaurant,12.9515881,77.7000708,Andhra,OSM
Unknown,cafe,12.9629426,77.5875693,,OSM
Bhavani Tiffin Center,restaurant,12.9862102,77.5741379,regional,OSM
Chung Wah,restaurant,13.0279983,77.5726967,chinese,OSM
Sree Manjunatha Coffee Bar,cafe,12.9824022,77.6376847,,OSM
Kolkata Famous Chats,fast_food,12.9780369,77.633104,,OSM
Ambur Biriyani,restaurant,12.9822182,77.6385728,indian,OSM
Juicea- Fresh juice and ice creams,cafe,12.9822235,77.6390347,,OSM
Al Zaid,restaurant,12.9822569,77.6393124,indian,OSM
Le Cremosa,cafe,12.9800955,77.6398191,,OSM
NIAS Main Eating Point,restaurant,13.0289716,77.5633966,regional,OSM
Cafe Coffee Day,cafe,13.0207677,77.5929009,coffee_shop,OSM
Delhiwale,restaurant,13.0124427,77.7608184,,OSM
Subway,restaurant,13.0084769,77.7586837,,OSM
East,restaurant,12.8504319,77.6601401,asian,OSM
Subway / Polar Bear,fast_food,13.099474,77.5891287,sandwich,OSM
Pizza Hut,restaurant,13.0993015,77.5892631,pizza,OSM
Beijing Bites,restaurant,13.0993909,77.589218,chinese,OSM
Mast Kalandar,restaurant,13.0994241,77.5891823,regional,OSM
Bhai Ji's,fast_food,12.9761885,77.6260897,,OSM
St. Martha's Canteen,restaurant,12.9701247,77.5866611,,OSM
Shiva Bakery and Juice,fast_food,12.9680068,77.5918733,,OSM
KGID Canteen,restaurant,12.981906,77.5956848,regional,OSM
The Marigold - Fine Dine,restaurant,12.9698283,77.735625,international,OSM
Swenson's,fast_food,12.9921796,77.5705158,ice_cream,OSM
Fruit Face,cafe,12.9811573,77.6366177,juice;salad,OSM
Reva canteen,restaurant,13.1174066,77.6346379,,OSM
Unknown,restaurant,13.117397,77.6344822,,OSM
TFC,fast_food,13.1148963,77.6358856,chicken,OSM
Freedom Cafe,cafe,13.0302272,77.5627649,Fast_Food,OSM
Southinn,fast_food,12.9105606,77.6326899,,OSM
Vandy Restaurant,restaurant,12.8440295,77.6608645,fulki,OSM
Twillight Tandoor Resto,restaurant,12.9313955,77.5179594,regional,OSM
Udupi Grand,restaurant,13.0992523,77.5773423,regional,OSM
Salem Kitchen,restaurant,12.9645529,77.717708,,OSM
Agarwal Bhavan,restaurant,12.9647848,77.7174502,"Sweets,_Chats,_Restaurant",OSM
Seashell Savoury,restaurant,12.9311314,77.6007942,Multi-cuisne,OSM
Chicken County,restaurant,12.9307235,77.6004442,indian,OSM
Truffles,fast_food,12.9335629,77.614322,cake;burger;grill;italian_pizza;breakfast;american;donut;international;hot_dog;french;coffee_shop;barbecue;ice_cream,OSM
University Cafeteria,cafe,12.9433024,77.5055822,,OSM
Santosh Chat,fast_food,12.9813859,77.6014187,,OSM
Akshaya Deluxe,restaurant,13.0374079,77.5654203,indian,OSM
Anjappar Chettinad Restaurant,restaurant,12.9755345,77.6413688,south_indian,OSM
Creme & Crust,restaurant,12.9749878,77.6412398,,OSM
Peacock Fine Dining,restaurant,12.9750628,77.6412415,,OSM
Five Star Chicken,fast_food,12.9646378,77.6417391,chicken,OSM
Hungry Walker,restaurant,12.9695996,77.641102,asian;malaysian;indonesian,OSM
Little Italy,restaurant,12.9773951,77.6406976,,OSM
Rajdhani,restaurant,12.963873,77.6418506,,OSM
The Rock,restaurant,12.963753,77.6419024,,OSM
pakwan,restaurant,12.9742661,77.6409041,,OSM
Kota Kachori,restaurant,12.9740974,77.640751,indian,OSM
Sri Udupi Park,restaurant,12.9736716,77.6409138,,OSM
Thai Refresh,restaurant,12.9706146,77.6415013,,OSM
The Biriyani World,restaurant,12.9694583,77.6415886,,OSM
Unibic Foods,food_court,12.9694598,77.6416844,,OSM
Chai Gali,cafe,12.981682,77.6394877,tea,OSM
Brahmin's Tatte Idli,cafe,12.9801908,77.6372443,,OSM
Biryani Palace,fast_food,12.9791513,77.6411317,,OSM
Barbeque Factory,restaurant,12.9641752,77.6413104,,OSM
News Cafe,cafe,12.9659502,77.6412101,,OSM
Smoke House Deli,restaurant,12.9656588,77.6412508,italian;burger,OSM
Kumbakonam Traditional Coffee,cafe,12.9739292,77.6232945,,OSM
McDonald's,fast_food,12.9886459,77.5375264,burger,OSM
Atithis,restaurant,13.0017604,77.5783235,chats,OSM
Swaad,restaurant,12.9696235,77.654847,Punjabi,OSM
Beijing Bites,restaurant,12.9185551,77.6704667,chinese,OSM
Cafe Coffee Day,cafe,12.9754589,77.6067378,coffee_shop,OSM
Bheema's,restaurant,12.9751858,77.6035875,regional,OSM
Mainland China,restaurant,12.9752374,77.6034215,chinese,OSM
Oh! Calcutta,restaurant,12.975223,77.6035195,regional,OSM
Desi Vdesi,fast_food,12.9755327,77.6032754,,OSM
C# chicken,fast_food,12.9755379,77.603247,,OSM
Hooked,restaurant,12.9755584,77.6031289,seafood,OSM
Matsya,restaurant,12.9755444,77.6031965,,OSM
KaatiZone,fast_food,12.9755531,77.6031516,indian,OSM
Bundle Company,restaurant,12.9756151,77.6029253,,OSM
Karavalli,restaurant,12.9720694,77.6089097,regional;south_western_coastal,OSM
Udupi Park,restaurant,12.9728503,77.6091975,,OSM
Nagarjuna,restaurant,12.97323,77.609195,andhra,OSM
The Grill House,restaurant,12.9749935,77.6199471,mexican,OSM
Zaitoon,restaurant,12.9597633,77.6470458,,OSM
Anand,fast_food,12.9600501,77.6451721,,OSM
Cheeni Kum,restaurant,12.9600581,77.6451404,,OSM
Chai Point,cafe,12.9600755,77.6448826,coffee_shop,OSM
Desi Bytes,restaurant,12.9601577,77.6443247,,OSM
Golden Plate Restaurant,restaurant,12.9592065,77.6530201,,OSM
Cafe Coffee Day,cafe,12.9592219,77.6550084,coffee_shop,OSM
Samruddhi,restaurant,12.9592402,77.6547402,Andhra,OSM
KFC,fast_food,12.9589664,77.6569874,chicken,OSM
McDonald's,fast_food,12.9590285,77.6566733,burger,OSM
Unknown,food_court,12.9353215,77.6944935,,OSM
Blue Terrain,restaurant,12.9300348,77.6834526,,OSM
The Square,restaurant,12.9301328,77.6833467,,OSM
Punjabi Bites,restaurant,12.954539,77.6526273,,OSM
Adyar Ananda Bhavan,restaurant,12.997771,77.571072,regional,OSM
Clubhouse,restaurant,12.9594395,77.6436156,,OSM
Chai Point,cafe,12.9731918,77.6167348,tea;bubble_tea,OSM
Caesars,restaurant,12.9733842,77.6163899,indian,OSM
Sri Krishna Nandagokula Veg,restaurant,12.9365363,77.5167879,regional,OSM
Shanti Sagar,restaurant,12.9735894,77.5783998,,OSM
Ichin Restaurant,restaurant,12.937762,77.6271125,,OSM
Satis Tiffins,restaurant,12.9557359,77.6918384,,OSM
Sri Mylari Fast Food And Tiffin Centrr,fast_food,12.9588866,77.6596239,,OSM
Bhagini Deluxe,restaurant,12.9571303,77.701865,Andhra,OSM
Vaikuntam,restaurant,12.9571332,77.7018887,Andhra,OSM
Raju's Royal,restaurant,12.9595599,77.6559904,,OSM
Udupi Vaibhava,restaurant,12.9572917,77.7009166,,OSM
Punjabi Tadka,restaurant,12.9343194,77.6895154,North_Indian,OSM
Sri Manjunatha Condiments,cafe,12.9876025,77.5736105,,OSM
Eat Eroo,fast_food,12.957461,77.7008832,,OSM
Chung Wah,restaurant,12.9740669,77.6092489,chinese,OSM
Donne Biryani House,restaurant,12.9732979,77.6093585,,OSM
Chiah Hok,restaurant,12.8917806,77.5792737,indian,OSM
Empire,restaurant,12.9672647,77.6090629,,OSM
Mel's Korner,fast_food,12.9743703,77.6069754,,OSM
Tandoor,restaurant,12.9736722,77.6131796,,OSM
New Life Kerala Mess,restaurant,12.9726449,77.6382683,kerala,OSM
Coastal Delight,restaurant,12.9783646,77.6362045,indian,OSM
Raaga,restaurant,12.9781459,77.6364882,indian,OSM
The Grill House,restaurant,12.9723182,77.6370479,steak_house,OSM
Wanley Restaurant,restaurant,12.9792707,77.6426443,chinese,OSM
Viceroy's Sarathi,restaurant,12.9792825,77.6425169,regional,OSM
New Roll Centre,fast_food,12.9730357,77.6356907,rolls,OSM
Sharon Tea Stall,cafe,12.9731666,77.6470466,,OSM
Soo Ra Sang Korean Cuisine,restaurant,12.9656704,77.6492943,korean,OSM
Om Sai Skanda Dosa Camp,fast_food,12.970003,77.6310087,indian,OSM
Pathaan Sir,fast_food,12.970293,77.6357695,rolls,OSM
Unknown,restaurant,13.066893,77.5028392,,OSM
Chung's Pavillion,restaurant,12.9663676,77.6372366,chinese,OSM
Thali,restaurant,12.8364057,77.6794553,,OSM
Spice n' Ginger,restaurant,12.962015,77.6375462,kerala,OSM
Green Pepper,restaurant,12.9688091,77.6489013,kerala,OSM
Leon Grill,fast_food,12.9691095,77.6489071,,OSM
Santé Spa Cuisine,restaurant,12.963907,77.6386951,indian;international;italian;pasta;pizza;thai,OSM
Bhaiya Ji Food Court,fast_food,12.9751457,77.6148806,snacks,OSM
Vibhas,fast_food,12.9751333,77.6149534,,OSM
MumbaiStyle,fast_food,12.9751349,77.6149697,,OSM
Paparazzi,restaurant,12.9748952,77.6153654,,OSM
Pinxx,cafe,12.9748429,77.6153686,,OSM
Siri's Camille's Ice Cream Bar,cafe,12.9702195,77.6476869,ice_cream,OSM
Theobroma,cafe,12.9702094,77.6440181,,OSM
Domino's,fast_food,12.9591346,77.6565349,pizza,OSM
Chaitanya Uphara,fast_food,12.9745339,77.5309153,regional,OSM
Five Star Chicken,fast_food,12.9760251,77.5330067,regional,OSM
By Two Coffe,fast_food,12.9757481,77.5373265,regional,OSM
Hot Coffe,fast_food,12.9737917,77.5433178,regional,OSM
Faasos's,fast_food,12.9674571,77.5997967,rolls,OSM
Cafe Coffee Day,cafe,12.9736889,77.6112977,coffee_shop,OSM
Sri Lakshmi Foods Court,restaurant,13.071623,77.5117792,regional,OSM
R. P. Kamat's,restaurant,12.9759239,77.5749981,,OSM
Sukh Sagar,restaurant,12.9766765,77.5777178,,OSM
Shree Yummy's Palace,restaurant,13.0076007,77.5710725,regional,OSM
Guru Darshan,fast_food,13.0016824,77.6305565,,OSM
Sai Ram Hot Chips,food_court,13.0015441,77.6298704,,OSM
Arirang Korean Restaurant,restaurant,13.0195687,77.6371797,korean,OSM
Seekers Cafe,cafe,12.9302063,77.6140996,,OSM
Khan Saheb Grills and Rolls,restaurant,12.9826791,77.61051,,OSM
Hotel Dil Coorg,restaurant,12.9779131,77.6328957,coorg,OSM
Al Bek,restaurant,12.9942736,77.5715823,,OSM
Ambur Hot Dum Biryani,fast_food,12.9572235,77.655082,,OSM
Santosh Fast Food,fast_food,12.9571574,77.6550531,,OSM
Annapoorneshwari Restaurant,restaurant,12.9578247,77.6551191,meals,OSM
Little Orissa,restaurant,12.9622425,77.6448007,,OSM
Domino's,fast_food,12.991837,77.5376289,pizza,OSM
Shristi Sagar,restaurant,13.0076756,77.5640516,indian,OSM
Chandana Bakery,cafe,12.9832756,77.7682509,,OSM
Sri Krishna Sagar,restaurant,12.9852789,77.5434809,indian,OSM
SodaBottleOpenerWala,restaurant,12.9706578,77.5975349,indian,OSM
Lazy Suzy,cafe,12.9708508,77.6474894,,OSM
Bakery,fast_food,12.9481296,77.7090944,bakery,OSM
Unknown,restaurant,12.9525488,77.7058831,,OSM
Dasaprakash,restaurant,12.9765168,77.6029754,,OSM
Onestà,restaurant,12.9787278,77.6435358,pizza,OSM
Bharathi Restaurant,fast_food,12.9487921,77.6009276,,OSM
Janatha Hotel,food_court,12.9483365,77.5988241,,OSM
Royal Fast Food,fast_food,12.9459822,77.6289502,,OSM
Bob's Chinese Fast Food,fast_food,12.9453821,77.6289419,chinese,OSM
Sri Krishna Sagar,restaurant,12.9930498,77.663735,indian,OSM
Siddiqu Kabab Center,fast_food,12.9631001,77.6057848,,OSM
Bansuri,fast_food,12.9866737,77.5408083,,OSM
Mahadeshwara Chats,fast_food,12.9884235,77.5352159,,OSM
Priyadarshini Grand,restaurant,12.9902817,77.5378602,regional,OSM
Khawja Hotel,restaurant,12.9625119,77.5486586,,OSM
Indian Biryani,fast_food,12.9792577,77.6415104,,OSM
Halli Mani Rotti,fast_food,12.9792663,77.6417619,,OSM
Chaithanya,fast_food,12.979242,77.6414173,,OSM
Juice Junction,fast_food,12.9790839,77.6438666,indian,OSM
Hotel Orange tree Residency,restaurant,12.9793184,77.6435354,,OSM
Spoonful Sugar Pastisserie & cafè,cafe,12.9793017,77.6436594,,OSM
Coorg Restaurant,restaurant,12.9790201,77.6419756,,OSM
Punjab Khazana,fast_food,12.9792481,77.6421915,,OSM
New Ambur Hot Dum Biryani,fast_food,13.0016102,77.6313676,,OSM
Unknown,restaurant,12.9112304,77.6760618,,OSM
Jose Mess,restaurant,12.9310409,77.6081159,indian,OSM
Shanti Sagar,restaurant,12.987086,77.6189974,,OSM
Kritunga Restaurant,restaurant,12.9756993,77.7268861,indian,OSM
Bismillah Tea Hotel,cafe,12.9608368,77.5485824,,OSM
Unknown,cafe,12.962222,77.5505208,,OSM
Bismillah Tea Hotel,cafe,12.9615054,77.5504015,,OSM
Khalil Tea Hotel,cafe,12.9641082,77.5504793,,OSM
Bombay tea hotel,cafe,12.9632318,77.5500256,,OSM
Bismillah Tea Hotel,cafe,12.9661241,77.5521383,,OSM
Bismillah Tea Hotel,cafe,12.9638664,77.5510308,,OSM
Mani's Dum Biriyani,restaurant,12.9274912,77.6373711,,OSM
Biriyani Zone,restaurant,12.9758228,77.7266535,,OSM
The Kabab Company,restaurant,12.9787711,77.6365491,indian,OSM
Hot Soup & Bowl,restaurant,12.9576049,77.5247105,indian;chinese;italian;pasta,OSM
Paani Kum Chai,fast_food,12.9286014,77.5928375,,OSM
Bangalore Mandarin,restaurant,12.9700883,77.7502482,chinese,OSM
Pakvan,restaurant,13.0033921,77.5783685,indian,OSM
Meera Delicacy,restaurant,12.9476142,77.5797544,indian,OSM
Crunch Sip,fast_food,12.9105778,77.5807084,,OSM
Hyderabadi Spice,restaurant,12.8405327,77.6637955,,OSM
Ksheera Sagar,fast_food,12.9411724,77.6172571,indian;south_indian,OSM
Suryawanshi,restaurant,12.9702478,77.6357689,,OSM
Street side food,fast_food,12.9189327,77.5964279,chicken;indian,OSM
Donne Biriyani Hotel,restaurant,12.9204794,77.5956182,chicken;regional,OSM
Third Wave Coffee Roasters,cafe,13.0610589,77.5872299,coffee_shop,OSM
Hyderabad Biryani,restaurant,13.0591909,77.5875414,regional,OSM
Adigas,restaurant,13.0589975,77.5875951,,OSM
Svensens Icrecream,cafe,13.0637714,77.5905824,ice_cream,OSM
Mane Holige Kuruk thindi,restaurant,12.9288993,77.5818811,,OSM
Sapna Bakery,fast_food,12.9062859,77.6290719,,OSM
Green Onion,restaurant,12.9589543,77.6521562,chinese,OSM
Kaapi Katte,restaurant,12.9162563,77.520671,indian,OSM
OSR Andhra Spice,restaurant,12.9061516,77.5209983,regional,OSM
Tiffin,fast_food,12.9695741,77.6459441,,OSM
Sri Raghavendra Darshini,restaurant,12.9744534,77.6388972,,OSM
Coffee Beans,fast_food,12.9588231,77.7216062,juice,OSM
Swathi Deluxe,restaurant,12.9378825,77.6991184,indian;seafood;chicken;egg;mutton;tandoor,OSM
Unknown,restaurant,12.9875355,77.6190745,,OSM
Moritz Nano Restaurant,restaurant,12.9875826,77.6188927,,OSM
Nanak,restaurant,12.967557,77.6061228,,OSM
Nescafe,cafe,12.9355646,77.5345308,indian,OSM
Prasad Icecream Parlour,cafe,12.9392188,77.5600997,ice_cream,OSM
Cafe Thulp,cafe,12.9908261,77.6193188,,OSM
Sree Srinivasa Bhavan,restaurant,12.9694336,77.7657145,,OSM
AL-BEK,restaurant,12.916485,77.5982924,arab,OSM
Curry Leaves,restaurant,12.9230018,77.5972171,indian,OSM
Presto,fast_food,12.9370786,77.5752292,regional,OSM
Casa Fresco by Tea Brew,restaurant,12.9645114,77.638624,,OSM
Oye Lassi,cafe,13.0053566,77.5712414,,OSM
Udupi Upachaar Veg,restaurant,13.0054082,77.5691051,,OSM
Kritunga restaurant,restaurant,12.9555803,77.7130382,,OSM
Wokanaka,fast_food,12.9556171,77.7201044,,OSM
Basaveshwara Khanavali,fast_food,12.9561408,77.715053,,OSM
New Shanthi Sagar,restaurant,12.9783586,77.6363142,,OSM
Delicacy,restaurant,12.8826056,77.5834699,chinese;thai,OSM
Goli Vadapav,fast_food,12.8867108,77.5821914,indian;local,OSM
Momo Jojo,fast_food,12.8866632,77.5822067,,OSM
Aiswarya Malayali Hotel,restaurant,13.0058128,77.7567846,,OSM
Biriyani Zone,restaurant,12.9202717,77.6451895,,OSM
Holige Mane,fast_food,12.9288555,77.5818153,,OSM
Brigade Dreams,restaurant,12.9685412,77.606131,,OSM
Chariot,restaurant,12.9718911,77.6066836,,OSM
Dunkin',fast_food,12.9720568,77.6067921,donut;coffee_shop,OSM
Skanda Sagar,fast_food,13.0987953,77.596965,,OSM
Laban Palace,restaurant,12.9729346,77.6357245,,OSM
Srinidhi Sagar Foodline,restaurant,12.9733837,77.6360035,,OSM
Rayaru's Kitchen,restaurant,12.9728794,77.6357245,,OSM
Byte,restaurant,12.9731905,77.6359606,,OSM
Hotel Metropole,restaurant,12.9806364,77.602787,,OSM
Madurai Cafe,restaurant,12.9590093,77.7016921,indian,OSM
Chai Point,cafe,13.0085444,77.5695202,coffee_shop,OSM
Athithi Gruha,restaurant,12.8866506,77.5822279,indian,OSM
Pahala Rasagola shop,cafe,12.9355231,77.6189666,regional;odia,OSM
Subway,fast_food,12.9414433,77.6967315,sandwich,OSM
Unknown,restaurant,12.9413826,77.6967037,,OSM
Chulha Bhatti,restaurant,12.9413212,77.6966738,,OSM
Madurai Idli Shop,fast_food,12.9714956,77.6470561,,OSM
Dinner Friends,restaurant,12.970892,77.6471187,,OSM
Treat,restaurant,12.9717545,77.6470421,,OSM
Chung's Pavilion,restaurant,12.9717482,77.6470434,,OSM
Tasty Stories,restaurant,12.9720285,77.6470024,,OSM
Twist of Tadka,restaurant,12.9678797,77.6066222,,OSM
Swathi Deluxe,restaurant,12.9541378,77.5920058,indian,OSM
Take a Break,fast_food,12.9540285,77.5912583,,OSM
Chianti,restaurant,12.9699905,77.6403837,italian,OSM
Phobidden Fruit,restaurant,12.9699237,77.6396323,vietnamese,OSM
Pathan Sir,restaurant,12.9705618,77.6471201,,OSM
Salt Canvas,restaurant,12.9706145,77.6464605,,OSM
The Fatty Bao,restaurant,12.970492,77.645222,asian,OSM
Goli Vada Pav,fast_food,12.9118705,77.6513705,indian,OSM
Maria's Goan Kitchen,restaurant,12.9364231,77.6151528,,OSM
24th Main Pan Indian Bistro,restaurant,12.9085614,77.5859107,indian;chinese,OSM
Domino's,fast_food,13.0632045,77.592116,pizza,OSM
Zaitoon,restaurant,12.9030809,77.5855786,arab,OSM
Sea Salt,restaurant,12.9017285,77.5857629,indian,OSM
Egg Factory,restaurant,12.9061462,77.5906223,,OSM
Cafe Coffee Day,cafe,12.9061407,77.5918526,coffee_shop,OSM
Pipe Yard,cafe,12.9061034,77.5920152,,OSM
Slurp Cooking Studio,restaurant,12.9701753,77.638267,,OSM
Citrus,restaurant,12.9702025,77.6389092,,OSM
Divas and dudes,spa;saloon;cafe,12.9702185,77.6390612,,OSM
Delhi Highway,restaurant,12.9703059,77.6394339,,OSM
Beri-to,fast_food,12.9573491,77.6551061,,OSM
Bijoor Biryani House,restaurant,12.9789013,77.6955987,,OSM
Ram Bhog,fast_food,12.9489496,77.6873058,,OSM
Viajaya Sai Andhra Hotel,restaurant,12.9488177,77.6861236,,OSM
Sri Akshaya Upahar,restaurant,12.9451041,77.6804651,,OSM
Diamond Restaurant,restaurant,12.948945,77.6873384,,OSM
Anand Bhavan,restaurant,12.954324,77.5850242,,OSM
Timepass Dinner,restaurant,12.9453667,77.5709983,,OSM
South Inn,restaurant,12.9944952,77.6159529,,OSM
Punjab Bistro,restaurant,12.9820149,77.6927858,indian,OSM
Madhura Bhavan,restaurant,12.9221578,77.576215,,OSM
Garden By Su,restaurant,12.9166705,77.5834214,indian;italian;italian_pizza;italian_pasta;burger;japanese;sushi;mexican;thai;ice_cream;greek;international;mediterranean;bistro,OSM
Namma Adda,restaurant,12.9118329,77.5859133,,OSM
Unknown,fast_food,12.9569408,77.7030025,,OSM
Fruit xtracts,cafe,12.9665145,77.6065215,,OSM
Pot-O-Noodles,restaurant,12.9684698,77.6404858,,OSM
Appu's Kitchen,fast_food,12.9989255,77.5489709,indian,OSM
Sarayu Fine Dine,restaurant,12.9992855,77.5495195,,OSM
Domino's,fast_food,13.0038504,77.5534613,pizza,OSM
Blitz Zone,internet_cafe,12.9875682,77.5504525,,OSM
Juba Cafe,cafe,13.025295,77.6036548,,OSM
Joy IceCream,cafe,13.0252496,77.6036506,,OSM
Goli Vadapav No.1,fast_food,13.0275936,77.6043528,,OSM
Chitra Darshini,restaurant,13.0276765,77.6043712,,OSM
HMS Fast Food,fast_food,13.0264161,77.6040116,,OSM
Cool Corner,cafe,13.0275755,77.6043124,,OSM
Five Star Chicken,fast_food,13.0268892,77.6041118,,OSM
ಮ್ಯಾಂಗಲೋರ್ ಪರ್ಲ್,restaurant,12.9944824,77.6153605,,OSM
Upsouth,restaurant,12.9371939,77.6198328,,OSM
Swadist,restaurant,12.9365073,77.6197375,,OSM
Harsha Bakery and Sweets,cafe,13.1039886,77.5716195,baked_goods;cold_boost,OSM
New Kolkata Food,fast_food,12.9578101,77.6550929,,OSM
CCD,cafe,12.969833,77.5775083,coffee_shop,OSM
Al Bek,restaurant,13.022359,77.5927417,,OSM
Hong Kong Noodles,restaurant,13.020749,77.6768991,,OSM
Domino's,fast_food,13.0176379,77.7059323,pizza,OSM
Al Amanah Cafe,cafe,13.0155316,77.6394955,,OSM
Royal Afghan,restaurant,12.9939183,77.5854854,indian,OSM
Internet & Print Out Xerox,internet_cafe,12.9746346,77.6055045,,OSM
Wolfish,restaurant,12.9743668,77.6071761,,OSM
Sri Sai Sagar,restaurant,12.8617817,77.5996423,,OSM
North Indian Restaurant,restaurant,12.9077046,77.6080359,regional,OSM
Paratha Junction,restaurant,12.9153987,77.6010351,regional,OSM
Cafe Coffee Day,cafe,13.0012948,77.6324696,coffee_shop,OSM
Presto,restaurant,12.9371526,77.5728792,regional,OSM
Halli Thindi,restaurant,12.9435256,77.5655166,,OSM
Baisakhi Vegetarian Restaurant,restaurant,12.9462613,77.5703662,regional,OSM
Szechuan Dragon Chinese Restaurant,restaurant,12.9446256,77.569918,regional,OSM
Cafe Coffee Day,cafe,12.9209516,77.6820594,coffee_shop,OSM
Koli Mane,restaurant,12.9326403,77.5656287,regional,OSM
Beijing Bites,restaurant,13.0245213,77.6350534,regional,OSM
Mainland China,restaurant,12.9739174,77.5702629,regional,OSM
Sigree Global Grill,restaurant,13.0255437,77.6371608,regional,OSM
Chung Wah,restaurant,13.0230441,77.6398714,chinese,OSM
Fragrant Kitchen,restaurant,13.0278559,77.6397264,regional,OSM
Thran,restaurant,13.0214839,77.6408994,korean,OSM
Aioli BBQ & Grill Smoke House,restaurant,13.0250222,77.6372087,mediterranean,OSM
Unwined,restaurant,13.0260656,77.6370378,seafood,OSM
Tabla Restaurant,restaurant,12.9513838,77.6994322,regional,OSM
Holy Flames,restaurant,12.9582651,77.7088259,regional,OSM
Brunchilly,restaurant,12.9786306,77.694542,,OSM
Sanjha Chulha Restaurant,restaurant,12.9573463,77.7075932,indian;pizza,OSM
Mumbai Spice,restaurant,13.0002869,77.5718472,fast_food,OSM
Asha Sweet Center,restaurant,13.0007561,77.5723691,fast_food,OSM
Chandu's Deluxe,restaurant,12.9992108,77.5722756,indian;seafood,OSM
Sri Venkateshwara Hotel,restaurant,13.0026752,77.5720532,,OSM
New Fishland,restaurant,12.9972964,77.5718337,indian,OSM
Srushti Coffee,restaurant,13.00764,77.5640167,indian,OSM
Chetty's Corner,restaurant,13.0067326,77.5642658,fast_food,OSM
Hotel Ayodhya Upahar,restaurant,13.0018939,77.5784746,"indian,chinese",OSM
Brahmins Thatte Idli,restaurant,13.008246,77.563189,regional,OSM
Fenix - Sunray Hotel,restaurant,12.9425467,77.697942,,OSM
Thalassery Restaurant,restaurant,12.9566607,77.7026574,,OSM
Burger King,fast_food,12.9654302,77.7018173,burger,OSM
Kritunga Restaurant,restaurant,12.9478299,77.6993579,,OSM
Absolute Barbecue,restaurant,12.9498696,77.6990767,barbecue,OSM
Cave n Dine,restaurant,12.9862573,77.5403259,chinese,OSM
Shanmukha Restaurant,restaurant,12.9555378,77.7004205,regional,OSM
Nandhana Palace,restaurant,12.9490913,77.6996578,regional,OSM
Nisarga restaurant,restaurant,12.9682261,77.5375793,regional,OSM
Sandwich Guru,restaurant,12.9604112,77.529879,regional,OSM
Khaaja Chowk,restaurant,12.9861111,77.7324232,regional,OSM
Earth Plate,restaurant,12.9120592,77.637908,regional,OSM
Chung Wah,restaurant,13.0044531,77.5783579,chinese,OSM
1947 Restaurant,restaurant,13.0056571,77.5690976,indian,OSM
Reddy Restaurant,restaurant,12.912147,77.6502115,regional,OSM
Kohinoor,restaurant,12.9174988,77.6519079,italian,OSM
The Punjabi Rasoi,restaurant,12.9118274,77.6384331,regional,OSM
Sea Spice,restaurant,12.9188109,77.5687298,indian;seafood;fine_dining,OSM
The Platter,restaurant,12.9271751,77.561435,indian,OSM
Delhi Mahal Restaurant,restaurant,13.0073839,77.7579441,regional,OSM
Om Sai Punjabi Dhaba,restaurant,12.9828174,77.7634471,regional,OSM
Swadesh Tadka,restaurant,12.9256225,77.5646676,indian,OSM
Dot Yum,restaurant,12.9902206,77.7326044,regional,OSM
Rasoi Restaurant,restaurant,12.9269753,77.5643645,indian,OSM
Mantra Multicuisine Restaurant,restaurant,12.9235989,77.5550354,indian,OSM
Srinidhi Sagar,restaurant,12.960753,77.575626,regional,OSM
Ayda Restaurant,restaurant,12.9247336,77.565329,indian,OSM
Nisarga Garden Restaurant,restaurant,12.9418834,77.5707551,regional,OSM
Hotel New Karavali,restaurant,12.9402569,77.5533988,indian,OSM
Puliyogare Point,restaurant,12.9406714,77.5703714,regional,OSM
Vinny's,restaurant,12.9243553,77.5648981,italian,OSM
Cafe Mondo,restaurant,12.9394749,77.5776672,regional,OSM
Vi Ra's Bar and Restaurant,restaurant,12.9222433,77.5618332,indian,OSM
Hotel New Atithya,restaurant,12.9473154,77.5690141,regional,OSM
New Prashanth Hotel,restaurant,12.9446421,77.5719424,regional,OSM
SLV Corner,restaurant,12.9483651,77.5685364,regional,OSM
Thindi Katte,restaurant,12.9379147,77.5748672,regional,OSM
Cool corner,restaurant,12.947549,77.5739319,regional,OSM
New Shanthi Sagar,restaurant,12.9387861,77.5799087,regional,OSM
Maha Lakshmi Tiffin Room,restaurant,12.9470578,77.5714933,regional,OSM
Ice Thunder,restaurant,12.9448665,77.5715764,regional,OSM
Imperial Plaza,restaurant,12.937747,77.5758056,regional,OSM
Cafe Coffee Day,cafe,12.947133,77.5694107,coffee_shop,OSM
Thanco's Natural Ice Cream,restaurant,12.9471057,77.5716965,regional,OSM
Helloo Delhi,restaurant,12.911789,77.6432674,regional,OSM
The Biryani Cafe,restaurant,12.9431647,77.5415743,regional,OSM
New Punjabi Foodcorner,restaurant,12.8475949,77.677787,regional,OSM
Smacznego,restaurant,12.9240662,77.5642334,fast_food,OSM
Fish & Fries,restaurant,12.9085132,77.6515084,italian,OSM
Cinnamon,restaurant,12.9153185,77.6367517,italian,OSM
Tomatina,restaurant,12.9153154,77.6516588,italian,OSM
New Udupi Upahar,restaurant,12.9073279,77.6283365,indian,OSM
Cafe Coffee Day,cafe,12.8757393,77.5953738,coffee_shop,OSM
Sardarji Ka Dhaba,restaurant,12.9121011,77.6262626,regional,OSM
Ammis Biryani,restaurant,12.9025398,77.6253423,regional,OSM
Sweet Revenge,cafe,12.8354432,77.6915884,,OSM
Meat and Eat,restaurant,12.8354706,77.6917063,,OSM
Chicken Hunt,restaurant,12.9268231,77.548292,indian,OSM
Karavali Lunch Home,restaurant,12.9306311,77.5535559,indian,OSM
Unknown,restaurant,12.982376,77.6381162,,OSM
Desi Tadka,restaurant,13.0499324,77.5980885,regional,OSM
Al Khair Restaurant,restaurant,13.0373064,77.6052013,regional,OSM
Tandoori Knight,restaurant,12.9257484,77.5642118,indian,OSM
Swastik Bar & Restaurant,restaurant,13.0496657,77.597496,regional,OSM
Damadhish Fine Dine - Family Restaurant,restaurant,12.9361938,77.7442057,regional,OSM
Rolls Corner,restaurant,12.9391651,77.5637852,regional,OSM
Sea Rock,restaurant,12.9329124,77.5684358,italian,OSM
Oval bar,restaurant,12.991754,77.5711303,chinese,OSM
Harshi Super Sandwich,restaurant,12.9385441,77.5699295,regional,OSM
Vybhava,restaurant,12.9365742,77.5739529,regional,OSM
The Other Crescent,restaurant,12.937044,77.5753259,regional,OSM
Hotel Sanman,restaurant,12.9373404,77.579911,regional,OSM
Amandé Patisserie,restaurant,12.9363723,77.5682018,regional,OSM
Bakery World,restaurant,12.9488056,77.5743239,regional,OSM
Eat And Meet,restaurant,12.840207,77.653153,regional,OSM
Biriyani Paradise,restaurant,12.8478836,77.6635585,regional,OSM
Royal South Restaurent Electronic City,restaurant,12.8499207,77.664001,regional,OSM
"She Brews, Electronic City",restaurant,12.83987,77.6531025,burger,OSM
Royal South Restaurant Electronic City,restaurant,12.8356079,77.6788813,regional,OSM
Suchi Sagar Electronic City,restaurant,12.8558455,77.6650008,regional,OSM
Sila Restaurant Electronic City,restaurant,12.8523414,77.6570553,regional,OSM
Unknown,restaurant,12.8410431,77.6505171,,OSM
Mamaji's Electronic City,restaurant,12.8409397,77.6507954,regional,OSM
Fresh meanu,restaurant,12.8532595,77.6661308,regional,OSM
Thalassery Restaurant Electronic City,restaurant,12.8521971,77.6551085,regional,OSM
Varvathi Electronic City,restaurant,12.8486995,77.6804105,regional,OSM
Soul Indian Speciality Svenska,restaurant,12.8401639,77.660633,regional,OSM
Sky Lounge Bar,restaurant,12.8421932,77.6647576,regional,OSM
Chez Mariannick Bakery & Restaurant,restaurant,12.954963,77.7252993,regional,OSM
Hyderabadi Spice Electronic City,restaurant,12.8400532,77.6643768,regional,OSM
Pot Biryani Electronic City,restaurant,12.8401639,77.660633,regional,OSM
Seasons Electronic City,restaurant,12.8475923,77.6715489,regional,OSM
The Oterra,restaurant,12.8500948,77.6602787,regional,OSM
Salt Mango Tree,restaurant,12.9598095,77.7483757,regional,OSM
Aramane Hotel,restaurant,13.0044548,77.5493716,regional,OSM
Navarang Kabab Corner,restaurant,12.9908258,77.5578843,regional,OSM
Kolkata Biryani And Rolls,restaurant,12.9845159,77.5478044,regional,OSM
Pure and Natural,restaurant,12.9234527,77.5697585,fast_food,OSM
White Horse,restaurant,13.0078812,77.5569436,regional,OSM
Hotel Fish Palace,restaurant,13.0081283,77.5545993,regional,OSM
New Prashanth Hotel,restaurant,12.9303018,77.5666608,regional,OSM
Dwinks Gastropub,restaurant,12.999247,77.5495939,,OSM
Kudla beach,restaurant,12.9903931,77.5584441,regional,OSM
Bengaluru Coffee House,restaurant,12.9349664,77.5469781,indian,OSM
Mayura andra style restaurant,restaurant,12.9758048,77.5526524,regional,OSM
Cave N Dine,restaurant,12.9864094,77.5405663,regional,OSM
Mandara Bar and Restaurant,restaurant,12.9278495,77.5462411,indian,OSM
Sagar Caterers and Hotel,restaurant,12.9967355,77.5543173,regional,OSM
Shree Nandana Palace,restaurant,12.9891546,77.5500014,regional,OSM
Swathi Green Land,restaurant,12.9780294,77.5426878,regional,OSM
Ayodhya Upachar,restaurant,12.9285834,77.5457702,regional,OSM
Park View,restaurant,12.9728679,77.5391454,regional,OSM
Sai Prasadam,restaurant,12.9643262,77.5404059,regional,OSM
Koli Mane,restaurant,12.9606425,77.5300492,regional,OSM
Rolls on Wheels,restaurant,12.925663,77.5644456,fast_food,OSM
Ahaar Family Restaurant,restaurant,12.9450272,77.6807331,,OSM
Janahaar,restaurant,12.9279866,77.5519145,regional,OSM
Classic inn veg and non veg,restaurant,12.9698886,77.5327543,regional,OSM
New Sri Banashankari Donne Biriyani Corner,restaurant,12.9416198,77.5573584,regional,OSM
Sagar Restaurant,restaurant,12.9731233,77.5403966,regional,OSM
Souvee,restaurant,12.9467628,77.6811611,,OSM
Ammi's Biryani,restaurant,12.9245511,77.5655512,regional,OSM
Coffee Bytes,restaurant,12.9415734,77.5578002,fast_food,OSM
Pizza Hut,restaurant,12.9677845,77.535901,pizza,OSM
Hari Super Sandwich,cafe,12.9256173,77.5649753,fast_food,OSM
Big Bite,fast_food,12.9673836,77.5357039,regional,OSM
Coastal heritage,restaurant,12.9673983,77.5239973,regional,OSM
Rotti Mane,restaurant,12.969586,77.5346634,regional,OSM
The square plate,restaurant,12.9787404,77.5405545,regional,OSM
Donne biryani house,restaurant,12.9528642,77.5289366,regional,OSM
Spoorthy dosa point,restaurant,12.9757428,77.5335935,regional,OSM
Goli Vada Pav,fast_food,12.9464613,77.57609,indian,OSM
KFC,fast_food,12.961017,77.5281275,chicken,OSM
Andhra Mess,restaurant,12.9489617,77.6873872,,OSM
Hotel Moon Light,restaurant,12.9966939,77.5687228,regional,OSM
Rajhadhani Thali Restaurant,restaurant,12.9918756,77.5701543,regional,OSM
Pizza stop,restaurant,13.0081862,77.5709853,pizza,OSM
"Sampradaya - Fast Food, Fresh Fruits And Vegetables",restaurant,12.9485945,77.6827666,,OSM
High Ultra Lounge,restaurant,13.0121369,77.5564966,regional,OSM
Iyer Mess,restaurant,12.9987069,77.5699054,regional,OSM
Sway,restaurant,13.0208903,77.643156,regional,OSM
Yogis Donne Biryani,restaurant,13.0180644,77.6548189,regional,OSM
Matru Sagar,restaurant,13.0259923,77.6405519,regional,OSM
Food Magic Restaurant,restaurant,13.0217392,77.6397872,regional,OSM
Udupi Park Deluxe,restaurant,13.0313957,77.6359521,regional,OSM
Gawa,restaurant,13.0226589,77.6395368,regional,OSM
Udupi Ruchis,restaurant,12.9170843,77.5596138,indian,OSM
Faasos,restaurant,13.0222694,77.6397678,regional,OSM
Antarastriya,restaurant,12.9982337,77.570518,regional,OSM
Al Amanah Cafe,restaurant,13.0155944,77.6397049,regional,OSM
Matru Sagar,restaurant,12.94167,77.5564774,indian,OSM
Kera Cafe,restaurant,13.0257816,77.6378902,regional,OSM
Halli Dhaba,restaurant,12.9334596,77.5463009,indian,OSM
Paakashala,restaurant,13.0071899,77.5682268,regional,OSM
Raidan RestaurantRaidan Restaurant,restaurant,13.0220667,77.6302525,regional,OSM
Sri Banashankari Nati Style,restaurant,12.9152705,77.5609497,regional,OSM
Big Straw Boba Bistro,restaurant,13.0050001,77.5654236,regional,OSM
Rao's Biryani Center,restaurant,12.9447368,77.5537072,regional,OSM
Sri Raghavendra Store,restaurant,13.0007571,77.563817,regional,OSM
Sri Krishna Bhawan,restaurant,13.0230548,77.6472679,regional,OSM
BYLI - Bet You Love It!,restaurant,13.0225104,77.6395484,regional,OSM
Satvik Grand,restaurant,12.9985408,77.5695317,regional,OSM
Bullet Biryani,restaurant,13.023783,77.6399492,regional,OSM
Cake House,restaurant,13.0222385,77.6399929,regional,OSM
Suchi ruchi veg,restaurant,13.0012483,77.5723483,regional,OSM
Sri Annapoorneshwari Hotel,restaurant,12.8665964,77.6548452,regional,OSM
Regency Park,restaurant,13.0230092,77.6370539,regional,OSM
Unknown,restaurant,12.9409856,77.6085956,indian,OSM
A1 Biryani Restaurant,restaurant,12.9961953,77.5715924,regional,OSM
Sukh Sagar,restaurant,13.0207053,77.6367655,regional,OSM
Majlis Restaurant,fast_food,13.022023,77.6389206,regional,OSM
Sri Sathya Sai Food Corner,restaurant,12.943229,77.6091984,regional,OSM
Holige Mane,restaurant,13.0011281,77.5724061,regional,OSM
Taj Food Point,restaurant,12.939969,77.6091099,regional,OSM
Pars Restaurant,restaurant,13.0259481,77.6372048,regional,OSM
Hruday's D- 3,restaurant,12.9438907,77.6073926,regional,OSM
UP south,restaurant,12.9917339,77.5706166,indian,OSM
D3 multi cusine,restaurant,12.9424172,77.6079042,regional,OSM
Sbarro,fast_food,12.9915048,77.5704974,pizza,OSM
Unknown,restaurant,12.944786,77.5717922,,OSM
U.D Roti Ghar &Cake ghar,restaurant,12.9447626,77.5717734,regional,OSM
Soho Bar & Grill,restaurant,12.9446144,77.5729301,regional,OSM
Shri Ganesh Upahar,restaurant,12.9414978,77.6087872,regional,OSM
Gokul Veg,restaurant,12.9444068,77.5709394,regional,OSM
Hotel Nalapaka,restaurant,12.9985137,77.5523235,regional,OSM
Presto,restaurant,12.9378405,77.574857,regional,OSM
iLounge Cafe,restaurant,12.9415138,77.6083283,regional,OSM
Kamath Bugle Rock,restaurant,12.9396288,77.5667866,regional,OSM
The Rogue Elephant,restaurant,12.9415832,77.5770807,regional,OSM
Delhi Walle,restaurant,12.9617937,77.7013456,regional,OSM
Kairali,restaurant,12.9266045,77.5459463,regional,OSM
Udupi Sri Krishna Bhavan,restaurant,12.9458476,77.5710517,regional,OSM
Shanghai times,restaurant,12.9980375,77.6962682,,OSM
Gilly's resto-bar,restaurant,12.9820804,77.6926306,,OSM
Kabab Magic,restaurant,12.9403117,77.5798319,regional,OSM
Punjabi Dawat,restaurant,12.9499525,77.700234,regional,OSM
Leanin Tree Art Cafe,restaurant,12.9377243,77.5794545,regional,OSM
PBN Express,restaurant,12.9979686,77.6966599,,OSM
New Modern Hotel,restaurant,12.9543124,77.5786901,regional,OSM
Hungerez,restaurant,12.9444202,77.5729266,regional,OSM
The Grand Taj,restaurant,12.9814422,77.6030131,regional,OSM
Grand Village,restaurant,12.9444107,77.5721169,regional,OSM
Copper Chimney,restaurant,12.9973146,77.6969454,,OSM
K. V.,restaurant,12.983648,77.6090046,indian,OSM
Szechuan Dragon Chinese Restaurant,restaurant,12.9401607,77.5643716,regional,OSM
69 Second,restaurant,12.9391586,77.6892056,,OSM
Hotel Dwarka,restaurant,12.9376671,77.5676462,regional,OSM
Pramukh Family Restaurant - Prassidhi Enterprises,restaurant,12.9440883,77.5725864,regional,OSM
Hotel Aditya,restaurant,13.003897,77.5435549,regional,OSM
Wow! Momo,fast_food,12.9974138,77.6969243,momo,OSM
Vidyarthi Bhavan,restaurant,12.9450065,77.5714721,regional,OSM
Gandharva Family Restaurant,restaurant,12.9375122,77.5759985,regional,OSM
Shree Nandini Palace,restaurant,12.9898003,77.5500343,regional,OSM
Tiger Trail,restaurant,12.9839499,77.5985328,regional,OSM
Koli Mane,restaurant,12.9328003,77.5688005,regional,OSM
Classic Tea Stall,cafe,12.9343229,77.6861083,,OSM
South Thindies,restaurant,12.938888,77.5755794,regional,OSM
Hilal Restaurant,restaurant,12.9857716,77.6020901,regional,OSM
Social,restaurant,12.9971395,77.6969098,,OSM
Adyar Ananda Bhavan,restaurant,12.9445488,77.57272,regional,OSM
Ambika Veg Restaurant,restaurant,12.9878305,77.5558493,regional,OSM
Impering,restaurant,12.9821477,77.6032233,regional,OSM
Malgudi Southern Cuisine,restaurant,12.9651193,77.7017267,regional,OSM
viking,restaurant,13.006544,77.5647739,regional,OSM
OvenTreats - Patisserie.Bistro,restaurant,13.0222667,77.6470832,regional,OSM
Unknown,restaurant,13.0236936,77.6431324,,OSM
Chulha Chowki Da Dhaba,restaurant,13.0249093,77.6317491,regional,OSM
ande ka funda,cafe,12.9369135,77.6905688,,OSM
Paradox Resto-Cafe,restaurant,13.028492,77.6347149,regional,OSM
Shawarma king,restaurant,12.9997652,77.6173181,regional,OSM
Tashan The Punjabi Cuisine,restaurant,13.0239866,77.6329956,regional;punjabi,OSM
Paranthas and Dosas,restaurant,13.021689,77.639838,regional,OSM
Delicacy Restaurant,restaurant,13.0263547,77.6405892,regional,OSM
Oye Hoye,restaurant,13.0184721,77.6427206,regional,OSM
Chung's Chinese Corner,restaurant,13.0221892,77.6397816,regional,OSM
La Casa,restaurant,13.0250736,77.6401906,regional,OSM
7 Plates,restaurant,13.0232051,77.639886,regional,OSM
Mast Kalandar,restaurant,13.0219932,77.6405659,regional,OSM
Hi Seoul,restaurant,13.0149162,77.6466021,korean,OSM
Unwined,restaurant,13.0254536,77.6397912,regional,OSM
Aioli BBQ & Grill Smoke House,restaurant,13.0232481,77.6394478,regional,OSM
Thran,restaurant,13.0240994,77.6340746,regional,OSM
Rajdhani,restaurant,12.9968154,77.6968884,,OSM
Chili's,restaurant,12.996706,77.6968735,tex-mex,OSM
Mani's Dum Biryani,restaurant,13.0256069,77.6384078,regional,OSM
Cafe Noir,restaurant,12.996601,77.6968556,french,OSM
Mainland China,restaurant,13.0255101,77.6383709,regional,OSM
The United Sports Bar& Grill,fast_food,12.9965221,77.6967696,,OSM
Barbeque Nation,restaurant,13.0215823,77.6403247,regional,OSM
Beijing Bites,restaurant,13.0245897,77.637388,regional,OSM
Belgyum,restaurant,12.9963625,77.6968264,regional,OSM
Burger King,fast_food,12.9962814,77.6968371,burger,OSM
Buntea &Bubbly,cafe,12.9960668,77.6965785,,OSM
Starbucks,cafe,12.9977264,77.6966474,coffee_shop,OSM
Cafe Coffee Day,cafe,13.0450945,77.6265054,cafe,OSM
Dialogues Cafe,cafe,12.9353486,77.6249595,,OSM
Noodle Bar,restaurant,12.9977968,77.6959728,regional,OSM
Ira Residency,restaurant,12.9216216,77.6638046,regional,OSM
Ira Residency,restaurant,12.9233799,77.6341276,regional,OSM
Adyar Ananda Bhavan,restaurant,12.8392106,77.6507638,,OSM
Canteen,restaurant,12.9712159,77.6038085,,OSM
Surabhi Veg,fast_food,12.8852815,77.5669092,,OSM
Thindi Potha,fast_food,12.8854655,77.5668774,,OSM
Athithi Grand,restaurant,12.8912738,77.5649779,indian,OSM
Juice Cafe,fast_food,12.9824168,77.6383387,juice,OSM
Chakum Chukum,restaurant,12.9794606,77.6467914,,OSM
Thai Chy,restaurant,12.9779506,77.6364756,thai,OSM
Ghar Ki Thali,restaurant,12.9730709,77.6473851,north_indian,OSM
NH 8,restaurant,12.9732957,77.6468196,Rajasthan,OSM
Anand Fast Food,fast_food,12.9702983,77.6546922,,OSM
Lassi Shop,fast_food,12.9690401,77.6480024,,OSM
Le Casse Croûte,fast_food,12.9695347,77.6489882,french,OSM
The Waffle House,restaurant,12.9705577,77.6471384,,OSM
Empire,restaurant,12.9330908,77.5814924,kebab;grill,OSM
Teal Door Cafe,cafe,12.9824862,77.6393384,,OSM
Casa Blanca,fast_food,12.9261828,77.5643228,steak_house;mediterranean;italian,OSM
Kona Kafe,cafe,12.9070086,77.5488113,,OSM
Java City Jayanagar,cafe,12.9349175,77.5829015,coffee_shop;burger;american,OSM
Amma's Pastry,cafe,13.0788541,77.5591782,pastry,OSM
Hitel Tadka,restaurant,12.9544918,77.6490249,,OSM
Sai Tiffin Centre,fast_food,12.9895041,77.54581,indian,OSM
Onesta,restaurant,12.9977967,77.5474478,italian,OSM
Chung's Chinese Corner,restaurant,12.9973118,77.5469972,chinese,OSM
"The Craftery by Subko, BLR",cafe,12.926081,77.6254085,coffee_shop,OSM
Super duba Raggi Dosa,fast_food,12.987183,77.5784519,,OSM
Hot dum biryani,fast_food,13.0030191,77.6353049,,OSM
The Chocolate Room,cafe,12.936323,77.6148832,burger;sandwich;ice_cream;cake;coffee_shop;donut;pancake;pizza;italian_pizza;mexican;breakfast;tea;italian,OSM
3 Ediots,restaurant,13.054399,77.6450739,chinese;indian,OSM
Saka Vada Pav,fast_food,12.9730684,77.6467395,,OSM
Bengaluru House,restaurant,12.9682582,77.6517189,regional,OSM
UdipiPark,restaurant,12.9621711,77.6492415,,OSM
Sanidhi,restaurant,12.9852813,77.4800802,,OSM
Utsav Veg,restaurant,12.9740785,77.5498168,,OSM
South Ruchi veg,restaurant,12.97755,77.5455277,,OSM
Unknown,cafe,12.9660378,77.6023232,,OSM
Unknown,cafe,12.9572546,77.6074721,,OSM
Zarco,cafe,12.9991705,77.6946147,,OSM
K.R Hotel,restaurant,13.0144549,77.7010779,,OSM
Priya Tiffin Room,cafe,12.9889585,77.555959,,OSM
Fusion,restaurant,13.021608,77.6416377,,OSM
Chai Point,cafe,12.9820341,77.609063,coffee_shop,OSM
Sagar Chats,fast_food,12.9827674,77.6088014,,OSM
Woodys,restaurant,12.9824503,77.6102305,,OSM
Adyar Ananda Bhavan,restaurant,12.9537484,77.543639,South_Indian,OSM
Bramhi's Chat Shop,fast_food,12.9074367,77.5471724,indian,OSM
Rotti Mane Dhabha,restaurant,12.9070254,77.5331667,chinese;fish_and_chips;chicken;indian,OSM
Vanani Bar and Restaurant,restaurant,12.9135341,77.5588078,regional;local;chinese;noodles;fish_and_chips;chicken;indian,OSM
Naksha Restaurant,restaurant,12.9070542,77.5456383,,OSM
Uttarahalli Biriyani House,fast_food,12.9107538,77.5513427,,OSM
Shri Krishna Bhavan,restaurant,12.9174334,77.5732706,chinese;sandwich;tea;indian;coffee_shop,OSM
South Grand,restaurant,12.90929,77.5492265,,OSM
Goli,fast_food,12.9085041,77.5482249,vada_pav,OSM
Chai,cafe,13.0190302,77.6545564,,OSM
Annapurna benne dosa,restaurant,12.949078,77.5978259,,OSM
Abc Resto,restaurant,12.9459795,77.5885235,"indian,_japanese",OSM
Gilly's Resto Bar,restaurant,13.0271537,77.5718835,,OSM
Starbucks,cafe,13.009057,77.5803021,coffee_shop,OSM
Kopas Shack,fast_food,12.9731181,77.6033382,,OSM
Kolkata Roll on Dial,fast_food,13.0182115,77.6544644,,OSM
Ambur Hot Dum Biriyaani,restaurant,13.0182197,77.6545197,,OSM
Kabab Mandra,fast_food,12.9954289,77.697316,arab,OSM
Lemon Rice,fast_food,12.9983463,77.6206293,,OSM
Alfaham Grilled Chicken and Shawarma,fast_food,12.9700017,77.6474062,arab,OSM
Empire Juice & Dosa Chicken,fast_food,12.9699254,77.6474241,arab,OSM
Hakuna Matata,restaurant,12.8940807,77.5866165,,OSM
Toscano,restaurant,12.9370636,77.5851757,italian,OSM
Unknown,restaurant,12.9304984,77.6338469,,OSM
Rolls Kitchen,fast_food,12.9974969,77.5501201,,OSM
Empire Plaza,restaurant,12.9978602,77.5519674,regional,OSM
Nisarga Family Resturant,restaurant,12.9984348,77.5530658,regional,OSM
Ibaco,cafe,13.0450568,77.6265787,dessert,OSM
Cafe Coffee Day,cafe,12.9874054,77.5944696,coffee_shop,OSM
Upahara Darshini,restaurant,12.916778,77.5925291,,OSM
Brahmins Special,fast_food,12.9148191,77.5982088,,OSM
STC Canteen,restaurant,12.9754483,77.5699255,,OSM
Five Star Chicken,fast_food,13.0659754,77.600105,chicken,OSM
Softy station,fast_food,12.9851301,77.6740156,,OSM
Burger King,fast_food,12.9973268,77.5478423,burger,OSM
The Tower Of Pizza,restaurant,12.9331913,77.6230591,italian_pizza;italian,OSM
Al-Bek,restaurant,12.9966984,77.5613324,,OSM
Udupi Veg,fast_food,13.0017936,77.5488666,,OSM
Goli Vada Pav,fast_food,13.0022575,77.5521631,indian,OSM
Subway,fast_food,12.9485702,77.6899231,sandwich,OSM
Janpriya Tiffin,restaurant,12.9890578,77.6640639,,OSM
NID Canteen,restaurant,13.0346821,77.5351685,,OSM
Unknown,fast_food,13.0023588,77.5528147,indian,OSM
Aaradhya Food Line,restaurant,12.9236989,77.5734586,south_indian,OSM
Down bekary,cafe,13.0374651,77.5616603,,OSM
Birbal Darbar,restaurant,12.9027454,77.7057357,indian,OSM
Krish Punjabi Kitchen,restaurant,12.974339,77.6482791,,OSM
North Karnataka Joladda Roti,fast_food,12.9299855,77.5411817,,OSM
Ranga Shankara Cafe,cafe,12.9114527,77.5870878,,OSM
Java,restaurant,12.958119,77.6442446,indian;burger,OSM
California Burrito,restaurant,12.9487465,77.6907033,mexican,OSM
Domino's,fast_food,12.9559476,77.711571,pizza,OSM
Gusto pizza,fast_food,12.9568624,77.7149748,,OSM
Karama restaurant,restaurant,12.9348261,77.6158067,,OSM
Sambrahma,fast_food,12.9069182,77.696183,,OSM
McDonald's,fast_food,13.0334463,77.5311642,burger,OSM
Daily Bread,cafe,13.0710098,77.5054168,,OSM
Burger King,fast_food,12.9831856,77.6071236,burger,OSM
New Tandoor,restaurant,12.9853868,77.667554,,OSM
Pizza Hut,restaurant,12.9856559,77.6682476,pizza,OSM
Mast calender,restaurant,12.9858822,77.6687616,,OSM
Punjab junction,restaurant,12.9853614,77.6734987,,OSM
Bramhashree Condiments,cafe,12.9708787,77.5435028,regional,OSM
HotPot,restaurant,12.9860689,77.6705963,,OSM
Aandal Mess,restaurant,12.9712436,77.6471463,south_indian,OSM
Domino's,fast_food,12.9715352,77.6562968,pizza,OSM
Northern Flavours Chaat,fast_food,12.9822287,77.6802297,,OSM
Unknown,restaurant,12.9236536,77.6184482,,OSM
Box8,restaurant,12.9591965,77.6549169,regional,OSM
Juicy Bay Cafe,fast_food,12.9589566,77.6553832,juice;tea;coffee_shop;burger;sandwich;chicken,OSM
Meat And Eat,fast_food,12.9589828,77.6552673,fried_chicken,OSM
Shree Durga Restaurant,restaurant,12.9588377,77.6551114,coastal,OSM
Agarwal Bhavan,cafe,12.9132492,77.6351438,,OSM
Snigiiz Kitchen,fast_food,12.8924248,77.7079352,,OSM
S L V Bhavan,restaurant,12.8775041,77.6031664,,OSM
Balaji Chat Corner,fast_food,12.9459968,77.5670655,indian,OSM
New Tasty Magic,fast_food,12.9546275,77.6529945,,OSM
Red Latern,restaurant,12.9890974,77.5936081,chinese;thai,OSM
The madteapot cafe,cafe,12.97895,77.6405487,,OSM
Urban Turban,fast_food,12.9788961,77.640498,,OSM
Unknown,fast_food,12.8452877,77.6657653,,OSM
Calcutta Cabin,restaurant,12.8446771,77.6656057,Bengali,OSM
Juicy,fast_food,12.8446457,77.6656044,"fast_food,_juices",OSM
Sri Balaji Dosa Corner,fast_food,12.9365279,77.6148198,,OSM
Papa John's,fast_food,13.0408128,77.5165808,pizza,OSM
Krispy Kreme,fast_food,12.9668014,77.6114459,donut,OSM
Papa John's,fast_food,13.0998575,77.5976396,pizza,OSM
Papa John's,fast_food,12.9714983,77.5372344,pizza,OSM
Papa John's,fast_food,12.993553,77.664097,pizza,OSM
Papa John's,fast_food,12.8375507,77.6552444,pizza,OSM
Krispy Kreme,fast_food,12.9351549,77.6134782,donut,OSM
De Street Cafe,cafe,12.9356426,77.6087092,italian_pizza,OSM
Chai Point,cafe,12.9129312,77.6802845,coffee_shop,OSM
Cilantro,restaurant,12.9360665,77.6314327,continental,OSM
ಶ್ರೀ ಕೃಷ್ಣ ದರ್ಶಿನಿ,fast_food,12.9006918,77.5868781,chinese;indian,OSM
New Punjabi Hotel,restaurant,12.9726305,77.6468766,,OSM
Taza Tawa,restaurant,12.9678541,77.6527869,,OSM
Adyar Ananda Bhavan,restaurant,12.9293898,77.5519618,regional,OSM
Adyar Ananda Bhavan,restaurant,13.0216594,77.6396888,regional,OSM
Taj Hotel,restaurant,12.9853101,77.6069879,,OSM
Adyar Ananda Bhavan,restaurant,12.9761326,77.577703,regional,OSM
Adyar Ananda Bhavan,restaurant,12.893068,77.5987074,regional,OSM
Adyar Ananda Bhavan,restaurant,12.9742651,77.5753347,regional,OSM
ಬೇಕ್ಸ್ ಅಂಡ್ ಶೇಕ್ಸ್,fast_food,12.9307586,77.6179314,,OSM
ಆಶೀರ್ವಾದ್ ರೆಸ್ಟೋರಂಟ್ - ಸಸ್ಯಾಹಾರಿ,fast_food,12.9310212,77.6180799,,OSM
ಕೋಸ್ಟಲ್ ಬೇ - ಮಾಂಸಾಹಾರಿ,fast_food,12.9308485,77.6179719,,OSM
Kritunga,restaurant,12.8417945,77.6465222,chicken;indian,OSM
Udupi Vaibhav,restaurant,12.9759801,77.6252681,,OSM
Unknown,food_court,13.0506655,77.6214043,,OSM
9th Mile Dhaba,restaurant,13.0865943,77.5912059,,OSM
Biryani palace,restaurant,12.9469705,77.5944165,,OSM
AR Tea Sagar,cafe,12.9453765,77.59506,,OSM
AFC,fast_food,12.945523,77.5952075,,OSM
A1 biryani,restaurant,12.9439985,77.5946425,,OSM
Ambur Dum Biryani,restaurant,12.956397,77.5921935,,OSM
Sea Pearl,restaurant,12.9594205,77.5937772,,OSM
Brahmin's Veg Restaurant,restaurant,12.9695875,77.6063601,,OSM
Juice World,fast_food,12.9455298,77.5952158,juice,OSM
Snack dine meet,restaurant,12.9707396,77.6070806,,OSM
Brigade Prince,restaurant,12.9689652,77.6064394,,OSM
The Grill house,restaurant,12.9690922,77.6061839,,OSM
Shangri-la Plaza,restaurant,12.9728948,77.6070991,,OSM
Alfa fried and Grill,restaurant,12.9454861,77.595168,,OSM
Rahhams,restaurant,12.9580965,77.593251,,OSM
Samsung smartcafe,cafe,12.9584582,77.5934393,,OSM
Parijatha,restaurant,12.9593625,77.5937351,,OSM
New Shanti sagar,restaurant,13.0129746,77.6479687,,OSM
Biryani House,restaurant,13.0290724,77.6635243,,OSM
Kalleshwari Rice corner,restaurant,13.0287244,77.6638803,,OSM
Dolphins,restaurant,12.9968223,77.6195998,,OSM
Perfect corner,restaurant,12.9948513,77.6160845,,OSM
McDonald's,fast_food,12.9825287,77.6075776,burger,OSM
Udapas Veg Restaurant,restaurant,12.9998566,77.6251653,,OSM
Nandana Palace,restaurant,13.015025,77.6358463,,OSM
Shiv Sagar,restaurant,13.0021714,77.6329882,,OSM
Pepper Cafe,cafe,12.985305,77.6152381,,OSM
Tasty food corner,restaurant,12.9841388,77.6142655,,OSM
Kairali,restaurant,13.0142154,77.6363852,,OSM
Ifun,fast_food,13.0301725,77.6530855,,OSM
Adyar Anand Bhawan,restaurant,12.9877987,77.618514,,OSM
Driven Cafe,cafe,12.9729083,77.6084987,,OSM
Marzipan Cafe,cafe,12.9756623,77.6170921,greek,OSM
Brigade Garden,restaurant,12.9731397,77.6074555,,OSM
Tiffany's,restaurant,12.9598633,77.593474,,OSM
Alfa,restaurant,12.9453166,77.5950506,,OSM
Bacardi,restaurant,12.9549365,77.5915735,,OSM
Limra Hotel,fast_food,12.946968,77.5942273,,OSM
Hotel Revoli,restaurant,12.9560009,77.5920884,,OSM
Kolkata,restaurant,12.9447719,77.5949585,,OSM
Sri Ram coffee shop,cafe,12.9390995,77.5946074,,OSM
Coffee works,cafe,12.9458364,77.5959506,,OSM
Punjabi by Nature,restaurant,12.935018,77.6088654,,OSM
Sip N Snacks,fast_food,12.9354982,77.6089438,,OSM
Salads and Grill's,fast_food,12.9353203,77.6090576,,OSM
Unknown,restaurant,12.9539546,77.5857915,,OSM
Hungry lion,fast_food,12.9456176,77.5958465,,OSM
The Royal Pride,restaurant,12.9355551,77.608926,,OSM
Forum Park,restaurant,12.9353982,77.6090182,,OSM
Star Biryani,restaurant,12.9441951,77.5944954,,OSM
Priya,restaurant,12.9417742,77.5938148,,OSM
Taj Chicken Kebab,fast_food,12.9433373,77.5947264,,OSM
Ruchi,restaurant,13.0310425,77.6689617,,OSM
New Taj Biryani Center,restaurant,13.0007498,77.6134894,,OSM
Pista House,restaurant,13.000759,77.6134424,,OSM
Thattukada,fast_food,12.9716596,77.6516938,,OSM
ಶ್ರೀನಿಧಿ ರಿಯಲ್ ಫುಡ್,fast_food,12.9907312,77.5959415,,OSM
Domino's,fast_food,12.9735982,77.5518495,pizza,OSM
Burger King,fast_food,12.9734683,77.5516804,burger,OSM
three dots and a dash,restaurant,12.9806921,77.6410053,,OSM
Empire restaurant,restaurant,12.9330586,77.5817527,,OSM
Sri Krishna restaurant,restaurant,12.9945917,77.6669317,chinese;indian,OSM
Nandini,fast_food,12.9845379,77.590531,,OSM
Vasavi Super Sandwich,fast_food,12.9792509,77.6417976,,OSM
Idli Shop,fast_food,13.0033147,77.6324578,,OSM
Chaithanya Express,restaurant,12.9822891,77.6394663,indian,OSM
ಬಿಸ್ಕ,cafe,13.0055374,77.5711178,,OSM
Veeranjaneya Swamy Tiffin Centre,fast_food,12.9731672,77.6470202,,OSM
Subway,fast_food,12.9139703,77.6060989,sandwich,OSM
Chai Point,cafe,12.9937229,77.6608029,coffee_shop;sandwich;tea,OSM
Pasta Roma,fast_food,12.9940292,77.6607974,italian,OSM
Hotel Emirates,restaurant,13.0224361,77.5847518,,OSM
Hotel New Karavali,restaurant,13.0299258,77.6343634,,OSM
Just A 1 Biryani Point,fast_food,13.0303712,77.6347459,,OSM
Domino's,fast_food,13.0408726,77.620387,pizza,OSM
Meghana Biryani,fast_food,13.0408987,77.6207343,,OSM
McDonald's,fast_food,13.0456035,77.6267868,burger,OSM
Burger King,fast_food,13.0454872,77.6269262,burger,OSM
Felicita,restaurant,13.0453918,77.6270134,,OSM
Kairali Mess,fast_food,13.0594285,77.6428954,,OSM
Joicy's Kitchen,restaurant,13.059224,77.6430226,indian;kerala,OSM
Ambur Hot Dum Biryani,restaurant,13.0313483,77.6359163,,OSM
Five Star,fast_food,13.030808,77.635518,,OSM
Manjunath Gobi Corner,fast_food,12.9983605,77.5491093,,OSM
Lokesh Vada Pav Stall,fast_food,12.9776983,77.6411078,indian,OSM
Banarasi Tadka,restaurant,12.9685563,77.6495171,,OSM
Veena Stores,fast_food,13.0056696,77.5692888,regional,OSM
Fat Buddha,restaurant,12.9899243,77.5913426,,OSM
Elite Mess,fast_food,12.899229,77.6026481,kerala,OSM
Amrutha multicuisine restaurant,restaurant,12.9081267,77.6761051,,OSM
Naati Manae,restaurant,12.9345723,77.6199541,,OSM
Casinova,restaurant,12.9336798,77.6222761,indian,OSM
Java City,cafe,12.9334968,77.6212815,,OSM
Rajdhani Thali,restaurant,13.0115423,77.5553238,indian,OSM
Sai restaurant,restaurant,12.9790642,77.7300557,,OSM
Absolute Barbecue - Whitefield,restaurant,12.9769456,77.7248797,,OSM
Annappa's Naati Mane Hassan Style,restaurant,12.9981249,77.5532794,indian,OSM
Sri Eshwar Fruit Juice Center,fast_food,12.9981288,77.5579299,,OSM
royal andaaz,restaurant,12.9220858,77.4953504,fine_dining,OSM
Kobe Sizzlers,restaurant,12.9290157,77.5912224,,OSM
Nandini Grand,fast_food,12.997704,77.5494434,,OSM
Imperial Restaurant,restaurant,12.9536888,77.543512,,OSM
Biryani Day,restaurant,13.0081078,77.5549568,,OSM
Vaishali,restaurant,12.9235363,77.5530586,indian,OSM
Raghavendra Bhavan,restaurant,13.0086666,77.6559015,regional;indian;breakfast,OSM
Myka,cafe,12.9769165,77.7252495,,OSM
Indira Canteen,fast_food,12.9665385,77.544607,south_indian,OSM
Namma Madurai,fast_food,12.9716566,77.6506966,south_indian,OSM
Juicemaker,fast_food,12.9824904,77.6394729,juice,OSM
Indira Canteen,fast_food,12.9746611,77.6487319,south_indian,OSM
Cross Roads Cafe,cafe,12.9751276,77.6472097,,OSM
Madhuram Andhra Restaurant,restaurant,12.981241,77.6462009,,OSM
Unknown,restaurant,13.059096,77.6431078,,OSM
MS Restaurant,restaurant,12.9646268,77.6139096,,OSM
Lassi Corner,fast_food,12.9249452,77.4986325,juice,OSM
SLN Food Point,fast_food,12.9961986,77.5651338,,OSM
Sri Vinayaka hot chip's,fast_food,13.0757935,77.6031285,,OSM
Nilgiris,food_court,13.075683,77.6031267,,OSM
Unknown,internet_cafe,12.972494,77.6489639,,OSM
Begum's Biriyani,restaurant,12.9727825,77.6484278,,OSM
Emperor Family Restaurant,restaurant,12.9728739,77.6483001,,OSM
Santhosh Bar & Restaurant,restaurant,12.997507,77.5500266,,OSM
Hotel Nalapaka,restaurant,12.9979227,77.5522341,,OSM
Al Ambur Dum Biryani,fast_food,12.9983619,77.5528438,,OSM
Gopal's Pure Veg and Sweets,fast_food,12.9983443,77.5530904,,OSM
Malgudi's Donne Biryani,fast_food,12.9969929,77.5613395,,OSM
Indira Canteen,fast_food,12.9967132,77.5693101,south_indian,OSM
New Karavali Bar & Restaurant,restaurant,12.9935528,77.5712961,,OSM
Sree Ganesh Fruit Juice Center,fast_food,12.9974492,77.5488565,,OSM
Taj Kabab Corner,fast_food,13.0022519,77.634193,,OSM
iStar Cyber Cafe,internet_cafe,12.9477827,77.5970683,,OSM
Sri Thirumala Cafe,fast_food,13.0030721,77.6305453,,OSM
Domino's,fast_food,12.9486539,77.5977493,pizza,OSM
Asha Sweets and Snacks,fast_food,12.9437494,77.5716777,,OSM
Mandarthi Veg,restaurant,12.9173939,77.5781136,,OSM
Five Star Chicken,fast_food,12.9284598,77.592774,chicken,OSM
Vakulaa Veg Restaurant,restaurant,12.9306435,77.5863284,,OSM
Al Dubai Family Restaurant,restaurant,12.9283464,77.595684,,OSM
4 Seasons Multi Cuisine Restaurant,restaurant,12.928555,77.599351,,OSM
Vijayalakshmi Veg,restaurant,12.9285254,77.6000608,,OSM
Hot Chips,fast_food,12.9320963,77.5892378,,OSM
Madurai Idly Shop,fast_food,12.9017038,77.7040291,regional;southern;indian,OSM
Via Milano,cafe,12.9370109,77.6275262,,OSM
Indira Canteen,fast_food,12.9623669,77.6378519,south_indian,OSM
Domino's,fast_food,13.0086124,77.6555434,pizza,OSM
Malik Deenar,restaurant,13.0101171,77.6573914,,OSM
Hotel Shreesagar,restaurant,12.9744205,77.5708775,,OSM
Malnad Military Hotel & Fast Food,restaurant,12.896598,77.7205049,,OSM
Namma Madurai,restaurant,12.8966084,77.7204757,,OSM
Hyderabad Biryani,restaurant,12.9168645,77.5859473,indian,OSM
Iyengar Bakery,fast_food,12.9065569,77.5858871,,OSM
Hebbal Indira Canteen,fast_food,13.0304194,77.5872271,regional,OSM
Nagarjuna Andhra Style,restaurant,12.904966,77.6016531,,OSM
Indira Canteen,fast_food,12.9978121,77.5505122,south_indian,OSM
Big Mishra Pedha,fast_food,13.0021777,77.5528331,regional,OSM
Santhrupthi Hotel,fast_food,12.9147197,77.5179327,,OSM
New Green Leaf Restaurant,restaurant,12.8405616,77.6507516,,OSM
Indira Canteen,fast_food,12.9698576,77.7527285,south_indian,OSM
Sri Lakshmi Vaibav Hotel,restaurant,12.9486296,77.7156074,,OSM
Mini Wok Restaurant,fast_food,12.9709611,77.6504452,,OSM
Hyderabad Biryaani House,restaurant,13.023331,77.6370384,,OSM
Mazeedar Chicken Taste,fast_food,13.027842,77.632007,,OSM
Domino's,fast_food,13.0296533,77.6340958,pizza,OSM
Domino's,fast_food,13.0454415,77.6269767,pizza,OSM
Sri Devi Grand Veg,restaurant,13.0466774,77.6279032,indian,OSM
Five Star Chicken,fast_food,13.0557204,77.632106,,OSM
Nukkad Point,fast_food,12.9588087,77.6553625,,OSM
Bengaluru Coffee House,restaurant,12.9309162,77.5473845,,OSM
Davanagere Bajji Centre,restaurant,12.9306982,77.5474396,,OSM
Aahar Utsav,restaurant,12.9373192,77.549336,,OSM
Havyaka Mess,restaurant,12.9377041,77.5492421,,OSM
coffee bite,cafe,12.9386661,77.549057,,OSM
New Sagar Fast Food,restaurant,12.9389282,77.5515602,,OSM
Bunt's Biriyani Palace,restaurant,12.9389157,77.5518525,,OSM
Manoor Maiya's South Kitchen,restaurant,12.9386805,77.5523454,,OSM
Venkateswara Chats,restaurant,12.9387811,77.5521845,,OSM
Brahmin Cafe,restaurant,12.9387151,77.5520336,,OSM
KFC,fast_food,12.9480414,77.5689161,chicken,OSM
Dakshin Kitchen,restaurant,12.9437583,77.5665638,,OSM
Chinese Kitchen,restaurant,12.9437988,77.5665812,,OSM
Dev Sagar,fast_food,12.9508763,77.5777949,,OSM
Chinese Corner,fast_food,12.9509129,77.5777399,,OSM
Sandwich Hut,fast_food,12.9509312,77.5777198,,OSM
Sai Fast Food,fast_food,12.9510815,77.5777084,,OSM
Gurudeva Eating House,fast_food,12.9509841,77.5778009,,OSM
Swami Bajji Center,fast_food,12.9510057,77.5777808,,OSM
Arya Vysya Chats,fast_food,12.9510407,77.5776041,,OSM
Vasavi Mane Thindi,fast_food,12.9510995,77.5776916,,OSM
Vasavi Dose Camp,fast_food,12.9511194,77.5776742,,OSM
The Chat Shop,fast_food,12.9511478,77.5776467,,OSM
Sangameshwara Gulkand & Chats Center,fast_food,12.9511142,77.5774831,,OSM
Anuradha Snacks,fast_food,12.9510933,77.5775126,,OSM
Ramu Tiffin Center,restaurant,12.9512527,77.5774267,,OSM
By2Coffee,fast_food,12.9515233,77.5774536,,OSM
Bangarpet Chat Express,fast_food,12.9513663,77.5772912,,OSM
Annapoorneshwari Hithukida Avare Kendra,fast_food,12.9516278,77.5773986,,OSM
Vasavi Vaisista Thindi,fast_food,12.9515978,77.5773999,,OSM
Sri Krishna Darshini,restaurant,12.9524087,77.5773087,,OSM
Unknown,restaurant,12.9622239,77.5332587,,OSM
Indira Canteen,restaurant,13.0534563,77.5747466,regional,OSM
Vijayanagar Vaibhav,restaurant,12.9662347,77.5351942,regional,OSM
Chin Chin,restaurant,12.9629499,77.7507243,asian,OSM
Juicy,fast_food,12.8445159,77.6656515,,OSM
Karthik Chicken Center,fast_food,13.0575739,77.626662,,OSM
Mama’s,restaurant,13.0573793,77.6270261,,OSM
Unknown,fast_food,13.0576195,77.626464,,OSM
"Chai Point, Juice Corner",cafe,13.0576351,77.626399,,OSM
Brahmin's cafe,restaurant,12.9608314,77.528917,,OSM
Bahn Mi & Wok,restaurant,12.9789078,77.640546,asian,OSM
Devi Upahar,restaurant,12.9597909,77.5269754,,OSM
3 Page,restaurant,12.9866165,77.579997,,OSM
Cafe Coffee Day,cafe,12.9802917,77.5779251,coffee_shop,OSM
Domino's,fast_food,12.9060155,77.5958706,pizza,OSM
Unknown,restaurant,12.8696154,77.5969714,,OSM
Udupi Upahara,restaurant,12.8468502,77.6722082,,OSM
Unknown,cafe,12.8669831,77.5978101,,OSM
Fattoush,restaurant,12.8931572,77.5987475,,OSM
Subway,fast_food,12.8967748,77.5997314,sandwich,OSM
Unknown,restaurant,12.9004703,77.6011552,,OSM
New Udupi Upahar,restaurant,12.964262,77.5967957,,OSM
Unknown,cafe,12.861015,77.6047599,,OSM
Unknown,cafe,12.8615906,77.6001468,,OSM
Knopcha,fast_food,13.0578349,77.5875037,,OSM
Thalassery restaurant,restaurant,12.9258549,77.6757002,,OSM
Empire,restaurant,12.9251897,77.6743698,indian,OSM
rara avis,restaurant,13.0628795,77.5926056,,OSM
Subway,fast_food,13.0509256,77.6212057,,OSM
Domino's,fast_food,13.0511064,77.621253,pizza,OSM
California Burrito,fast_food,13.0510068,77.6212211,,OSM
WOW momo,fast_food,13.0508399,77.6211776,,OSM
KFC,fast_food,13.0511515,77.6214595,chicken,OSM
Kinara,fast_food,13.0507698,77.6211686,,OSM
Chung Wah,fast_food,13.0511739,77.6213725,,OSM
Sizzling Tandoor,fast_food,13.051133,77.6215445,,OSM
Aaha Andhra,fast_food,13.050685,77.6211396,,OSM
Pathankot,fast_food,13.0510863,77.6216974,,OSM
Domino's,fast_food,13.0451508,77.6209471,pizza,OSM
Dunkin',fast_food,13.0447975,77.6208872,donut;coffee_shop,OSM
Cafe Coffee Day,cafe,13.0448386,77.620895,coffee_shop,OSM
Unknown,restaurant,13.0446064,77.6209898,,OSM
Udupi Utsav,fast_food,13.0552098,77.6026488,,OSM
Brahmins Thatte Idli,fast_food,13.048908,77.596861,,OSM
Srinidhi Sagar,fast_food,13.050471,77.5976521,,OSM
Goli Vada Pav,fast_food,13.0499864,77.5977223,indian,OSM
Hotel Sanman,restaurant,12.9867899,77.5745807,indian,OSM
RR Coffee House,fast_food,12.9302122,77.5150097,,OSM
Stone House Cafe,cafe,12.932306,77.5165647,,OSM
South Canara Coffeehouse,cafe,12.9722318,77.5787988,,OSM
Truffles,restaurant,13.0224106,77.6397927,burger;breakfast,OSM
Bhagya Veg Hotel,restaurant,12.8905373,77.6447752,,OSM
Ambur Biriyani,restaurant,12.9702401,77.6939474,biriyani;chicken,OSM
Momo Center,fast_food,12.9687775,77.6935639,momo,OSM
Gopal Dhaba,restaurant,12.9690025,77.6934988,indian,OSM
Hot Chips,fast_food,12.9688212,77.6934744,,OSM
Salt 'N Pepper,restaurant,12.8486726,77.67046,,OSM
Chings,fast_food,13.0554077,77.6026614,,OSM
Sri sai hot chips,fast_food,13.0551877,77.6015928,,OSM
Anu Sri,fast_food,13.0551933,77.6016426,,OSM
Ruchi curry point,fast_food,13.055175,77.6003703,,OSM
Maa Binduvasini Chats corner,fast_food,13.0554214,77.6028101,,OSM
Indira Canteen,fast_food,12.9664528,77.6575588,south_indian,OSM
Fast food joint,fast_food,12.9657658,77.6495401,,OSM
Cafe Felix,cafe,12.9737445,77.62041,,OSM
Bangarpet chats,fast_food,13.0756823,77.6034145,,OSM
Shri Mahastri Refreshments,restaurant,13.0756865,77.6037087,,OSM
Jus Trufs,cafe,13.0725063,77.6038452,,OSM
Udupi Upahar,restaurant,13.0687358,77.6035241,,OSM
Hotel Guru Nanak,restaurant,13.0755514,77.6041885,,OSM
Klassy Namkeen Mart,fast_food,13.0551718,77.6012008,,OSM
Litti House,restaurant,12.9618349,77.7169157,indian,OSM
Chai Point,cafe,12.9684954,77.7232815,coffee_shop,OSM
New Udipi Park,restaurant,13.014431,77.6580134,,OSM
Green Leaf Kerela Hotel,restaurant,12.9757683,77.6930887,fish;chicken;diner;indian;curry,OSM
Sri Raghavendra Hotel,fast_food,12.9741842,77.6378353,,OSM
Bengali Food Court,fast_food,12.9741619,77.6378167,,OSM
Canteen,restaurant,12.8934924,77.6020899,,OSM
Just Shawarma,fast_food,12.9353554,77.6075043,,OSM
McDonald's,fast_food,12.973347,77.6217445,burger,OSM
Aramane Donne Biriyani,restaurant,12.9979072,77.5695359,regional,OSM
Oregano,restaurant,12.9805421,77.7120973,international,OSM
Srinidhi Fast Food,fast_food,12.9090169,77.5530601,south_indian,OSM
Sri Venkateshwara Utsav,fast_food,12.9861567,77.5557927,regional,OSM
Mane Thindi,fast_food,12.9227174,77.5563021,south_indian;north_indian,OSM
Flechazo,restaurant,12.9772958,77.725534,international,OSM
Cafe Thulp,cafe,12.9242949,77.6743216,,OSM
Magic Pack Resturant,restaurant,12.8736281,77.6448728,indian,OSM
Cane Corner,cafe,12.8738696,77.6424281,,OSM
Breadworks,restaurant,13.0638835,77.5880338,,OSM
Sri Vinayaka Hot Chips,fast_food,13.0668023,77.594974,,OSM
Udupi Garden,restaurant,13.0666013,77.5955056,,OSM
Sip 'N' Crunch,fast_food,13.066374,77.5971954,,OSM
Truffles,restaurant,12.9806974,77.6405653,italian,OSM
Illam Resturant,restaurant,12.8759565,77.6397754,indian;kerala,OSM
Mary's Cafe,fast_food,12.9721284,77.6498491,south_indian,OSM
Burma Burma Restaurant & Tea Room,restaurant,12.9705567,77.6447309,,OSM
Domino's,fast_food,12.9684845,77.7495279,pizza,OSM
Bakasur,restaurant,12.9380609,77.6275572,,OSM
Vandana,restaurant,12.9120759,77.6826513,Andhra;indian,OSM
Chai World,cafe,12.9132073,77.6797975,,OSM
Chai Point,cafe,12.9131563,77.6799249,coffee_shop,OSM
California Burrito,restaurant,12.9119288,77.6823373,mexican,OSM
Domino's,fast_food,12.9100277,77.6855516,pizza,OSM
Cafe Coffee Day,cafe,12.9187002,77.6701646,coffee_shop,OSM
Pingara,restaurant,12.9251568,77.6338744,,OSM
Chatpatlal Sweets and Snacks,restaurant,12.9625069,77.7132592,,OSM
Sri Vishnu Grand,restaurant,12.9381615,77.6991559,chaats;indian;juice,OSM
MM Fast Food,fast_food,12.9734184,77.6396114,,OSM
Calcutta Roll Centre,fast_food,12.9734212,77.6397334,,OSM
Cafe Coffee Day,cafe,12.9124456,77.6415145,coffee_shop,OSM
Kanti sweets,fast_food,12.9929612,77.5390735,indian;regional,OSM
Hotel Sree Cauvery,restaurant,12.974315,77.6366178,,OSM
Konaseema Vantillu,restaurant,12.9769435,77.7249482,indian,OSM
Southern Spice,restaurant,12.9757906,77.7267611,regional,OSM
Sowparnika Bakery And Sweets,fast_food,12.9691244,77.7377783,,OSM
Balaji Andhra Mess,restaurant,13.0580013,77.5960278,,OSM
Madhu Hotel,fast_food,12.9735411,77.5443967,indian,OSM
Janatha Upahara,fast_food,12.9713286,77.5438508,indian,OSM
The London Curry House,restaurant,12.9855047,77.5792404,,OSM
MDP Coffee shop,cafe,12.9347403,77.6126656,,OSM
Bamey’s Restro Cafe,restaurant,12.9360677,77.6160036,nepali,OSM
Carrots,restaurant,12.9388196,77.625775,,OSM
Tarbouche,cafe,12.9329338,77.6145578,,OSM
House of Commons,restaurant,12.9348404,77.6162173,,OSM
Juice Junction,restaurant,12.9341641,77.6166913,,OSM
Hatti Kaapi,cafe,12.9339899,77.6170683,,OSM
Nasi and Mee,restaurant,12.9350683,77.6292839,asian,OSM
BSR Lassi Packers Shop,restaurant,12.9344393,77.6295345,,OSM
Bistro Claytopia,restaurant,12.9255456,77.6333329,,OSM
Magnolia,restaurant,12.9260044,77.6332862,,OSM
Barbeque Nation,restaurant,12.9251513,77.6378065,barbecue,OSM
Laila,restaurant,12.9872641,77.7334337,international,OSM
Majestic Bar & Restaurant,restaurant,12.974151,77.5749138,,OSM
Hotel Park Inn,fast_food,12.9928703,77.550834,regional,OSM
Sri Durga Grand Veg,restaurant,12.9899111,77.5532211,regional,OSM
Hotel Kaveri,fast_food,12.9899349,77.5527977,regional,OSM
Thalassery,restaurant,12.8488705,77.6727328,,OSM
Andhra Spicy,restaurant,12.8494228,77.6732992,,OSM
Thalassery Grand Cafe,restaurant,12.8493307,77.6733741,,OSM
Malabar,cafe,12.8479035,77.6716109,,OSM
Malabar,restaurant,12.8478795,77.6716282,Kerala,OSM
Ruchi Sagar,restaurant,12.8476862,77.6713708,,OSM
Bismillah Dum Biryani,restaurant,12.8477518,77.6712971,,OSM
Yumatos,restaurant,12.9848221,77.7111977,indian,OSM
Brindavan College Canteen,cafe,13.1238209,77.6202417,,OSM
Brindavan College Bakery,cafe,13.1253521,77.62013,,OSM
Sogadu Heritage,fast_food,13.0000437,77.550093,regional,OSM
Purani Dilli,restaurant,12.9167208,77.6732764,,OSM
Nayi Dilli,restaurant,12.9166598,77.6733314,North_Indian,OSM
South Inn,restaurant,12.9125709,77.6814162,,OSM
Cafe Coffee Day,cafe,12.9162445,77.6519142,coffee_shop,OSM
Nagarjuna,restaurant,12.948404,77.6988272,indian,OSM
Cafe Coffee Day,cafe,13.1034453,77.5843576,coffee_shop,OSM
The Chef's Story,restaurant,13.0182739,77.643275,,OSM
Churrascaria Brazil,restaurant,13.0240792,77.6370348,barbecue,OSM
Zaica Dine & Wine,restaurant,13.0411194,77.624478,,OSM
Baithaa,restaurant,13.0412239,77.6245156,regional,OSM
Hotel Sri Durga Darshini,fast_food,13.0559374,77.6327607,regional,OSM
Chosen Cafe,cafe,13.0610325,77.6420653,,OSM
Bancharam's,fast_food,12.9556523,77.6916169,,OSM
Cafe Coffee Day,cafe,13.094978,77.5972765,coffee_shop,OSM
Indira Canteen,restaurant,13.0260907,77.5849835,,OSM
Indira Canteen,fast_food,12.9675785,77.5871644,regional,OSM
Cafe 916,cafe,12.9084069,77.6837867,,OSM
Hotel Tanish,restaurant,12.9156309,77.6468534,indian;regional,OSM
Prabhakar's,cafe,12.8939257,77.6011614,coffee_shop;tea_shop,OSM
Yellow Submarine,restaurant,12.8976051,77.5997,pizza;italian;sandwich,OSM
Raata,restaurant,12.997555,77.5445911,regional,OSM
Empire,restaurant,12.9977118,77.5467135,indian,OSM
Brahmin's Thatte Idli,fast_food,12.9995622,77.5496994,regional,OSM
ਨਿਉੁੂ ਮਸਤ ਪੰਜਾਬੀ,restaurant,13.0853623,77.634757,indian,OSM
Rolls on Wheels,fast_food,12.9620241,77.7013733,,OSM
Third Wave,cafe,12.978657,77.6452907,,OSM
Xoox Brewmill,restaurant,12.9354619,77.6150961,asian,OSM
Jayanagar Thindi Mane,restaurant,12.9233543,77.5850596,indian;regional,OSM
Zak Cafe,cafe,12.8989205,77.5888391,,OSM
Kakal Kai Ruchi,restaurant,12.9007694,77.5872749,,OSM
Paani kum Chai,cafe,12.9004635,77.5857728,tea;sandwich;chicken;regional,OSM
Once In Nature (Organic Cafe),cafe,12.9001446,77.5859196,,OSM
Unknown,cafe,12.921855,77.6719953,,OSM
Hotel Sankaranarayana Tiffanes,restaurant,12.9001036,77.585916,,OSM
MDP Coffee House,restaurant,12.9217794,77.5852464,,OSM
Chulha Chauki da Dhaba,restaurant,12.9122707,77.5860983,,OSM
Imperio hotel,restaurant,12.9622817,77.7165739,,OSM
Chai Point,cafe,12.9642256,77.7128475,coffee_shop,OSM
The Tiffin Express,restaurant,12.9367615,77.6276835,,OSM
Domino's,fast_food,12.9353589,77.6083993,pizza,OSM
Kerala Mess,restaurant,13.0278016,77.6310134,Kerala,OSM
Local Cafe,cafe,13.0279504,77.6305051,,OSM
Marusa Food Family Restaurant,restaurant,12.9712219,77.6943085,,OSM
Moritz,restaurant,12.9186447,77.6707111,,OSM
Punjabi Rasoi,restaurant,12.9098442,77.6859336,,OSM
Burger King,fast_food,12.9106355,77.6855229,burger,OSM
Sarjapura Social,restaurant,12.9099457,77.6855949,,OSM
New Sagar Hotel,restaurant,12.9585898,77.5392625,,OSM
condiments,fast_food,12.9615935,77.5403059,,OSM
Arogya Ahaara Takeaway,restaurant,12.9180605,77.6378597,,OSM
Unknown,restaurant,12.9820349,77.7087096,,OSM
Domino's,fast_food,12.981657,77.6967035,pizza,OSM
Biryani Paradise,restaurant,12.9816022,77.6970228,,OSM
Hari Super Sandwich,fast_food,12.9240574,77.5678454,,OSM
New Udupi Garden,restaurant,12.9785438,77.7111721,,OSM
Salvadores,restaurant,12.973506,77.6113148,,OSM
Vyshali Food Corner,restaurant,12.9611012,77.5887564,tea;chicken;noodles;coffee_shop;curry;indian;local,OSM
Unknown,restaurant,13.0002762,77.5500211,,OSM
Kadamba Fast Food,fast_food,13.0240498,77.5506756,,OSM
Sattvik Udupi Uphar,restaurant,12.9056713,77.6039543,South_Indian,OSM
Cafe Coffee Day,cafe,12.9055794,77.6052372,coffee_shop,OSM
Swiss Cream,cafe,13.0632918,77.5910715,,OSM
Kalpavruksha,restaurant,12.9035992,77.6019963,,OSM
Sri Gajanana Juice Center,restaurant,12.9603202,77.7172283,,OSM
Empire Restaurant,restaurant,12.9020427,77.5857467,,OSM
Kolkata Famous Kati Roll,fast_food,12.899703,77.5859281,,OSM
Chaatimes,fast_food,12.8994281,77.5858873,,OSM
Cheesiano Pizza,fast_food,12.9021091,77.5857727,,OSM
Kakal Kai Ruchi,restaurant,12.8973677,77.5858738,,OSM
Cafe Coffee Day,cafe,12.8957489,77.599975,coffee_shop,OSM
Canteen NLSIU,restaurant,12.9552984,77.5171196,,OSM
Oota Bangalore,restaurant,12.9823957,77.7217131,regional;indian;karnataka,OSM
iSiri Cafe,restaurant,12.8832343,77.6075065,indian;south_indian,OSM
Academic Cafeteria,cafe,13.0712071,77.5806832,,OSM
Moritz restaurant,restaurant,12.8410632,77.6505949,,OSM
Burger King,fast_food,12.8417922,77.6477533,burger,OSM
Sri Veerabadreshwara Juice Chats,fast_food,12.9720251,77.5468274,,OSM
1311 Restaurant,restaurant,12.9699627,77.6415269,pizza,OSM
Pulimanchi,restaurant,12.9806794,77.6405105,,OSM
Portland,restaurant,12.9702258,77.6146582,,OSM
Jodhpur Sweets,fast_food,12.9715705,77.5772659,,OSM
Kachori house,fast_food,12.9703241,77.5760364,,OSM
Karnataka Chat,fast_food,12.9717448,77.5770331,,OSM
हनुमान चाट्स,fast_food,12.9696813,77.577009,,OSM
Haldiram's,fast_food,12.9709487,77.578094,indian,OSM
Aradhana Gowri Condiments & Chats,fast_food,12.9692492,77.5793602,,OSM
Udupi Sri Krishna Bhavan,restaurant,12.9716342,77.5741018,indian,OSM
Punjabi Rasoi,restaurant,12.9812549,77.6405264,punjabi,OSM
Lepcha Food and Refreshments,fast_food,12.9723801,77.6507924,,OSM
Sri Alok Park Veg,restaurant,12.9880617,77.7339646,,OSM
Food Corner,fast_food,12.9356072,77.5344944,,OSM
Dosa shop,fast_food,12.977819,77.6303184,,OSM
Nala's Kitchen,fast_food,12.9873587,77.5495564,,OSM
Shri Vinayaka Hot Chips,fast_food,12.9808658,77.6460187,,OSM
Hotel Sanman,restaurant,12.977562,77.5744205,indian,OSM
Udupi Upachar,restaurant,12.9904646,77.5505346,indian,OSM
Vidya Cafe,cafe,12.9123405,77.5913841,,OSM
Mood for Food,cafe,12.9696336,77.6489861,,OSM
Savoury Express,restaurant,12.9686909,77.6486916,,OSM
Bharatiya Jalpan,restaurant,12.9687696,77.6416126,,OSM
Chai Darbar,restaurant,12.9718326,77.6798268,regional;arabic;grill,OSM
Kerala Kitchen,restaurant,13.0037091,77.6226122,,OSM
Hatti Kaapi,cafe,13.0112702,77.5556794,,OSM
Chai Point,cafe,13.0116766,77.5556861,coffee_shop,OSM
Cookie Man,cafe,13.0110494,77.5549485,,OSM
Bombay Brasserie,restaurant,13.0108052,77.5554043,regional,OSM
Hotel Akshaya Non Veg,restaurant,12.9977484,77.5473746,,OSM
Raje Donne Biryani Manne,fast_food,12.9973198,77.547093,indian,OSM
Devi Upahara,restaurant,12.9636997,77.5923663,regional,OSM
Brahmin's Thatte Idli,fast_food,13.0074057,77.5485211,indian,OSM
Udupi Cafe,fast_food,13.0071032,77.5484867,indian,OSM
Ambur Hot Dum Biryani,fast_food,13.0072584,77.5485048,,OSM
Little Chef,fast_food,12.9643575,77.6135306,chinese,OSM
eat.fit,restaurant,12.9751224,77.6040068,,OSM
Brik Oven,restaurant,12.9747264,77.6053204,pizza,OSM
Domino's,fast_food,12.9748728,77.6065328,pizza,OSM
Chai Point,cafe,12.974665,77.6066507,coffee_shop,OSM
Coast II Coast,restaurant,12.9746251,77.6073769,,OSM
saatvikk,restaurant,12.9743644,77.607851,indian,OSM
Tea Trails,cafe,12.9729301,77.6074769,,OSM
Frozen Bottle,cafe,12.9728288,77.607387,,OSM
"Champaca Bookstore, Library & Cafe",cafe,12.9873463,77.5959886,,OSM
KFC,fast_food,12.9867258,77.5953828,chicken,OSM
Chai Point,cafe,12.9360247,77.7211769,coffee_shop,OSM
Udaan,restaurant,12.9116699,77.643421,,OSM
Taaza cake,fast_food,12.9131883,77.5406751,,OSM
Nandini Milk Parlor,cafe,12.9138994,77.5374377,,OSM
The Black Pearl,restaurant,12.9392131,77.6947005,,OSM
New Shanthi Sagar,restaurant,12.9860978,77.5543504,indian;juice;ice_cream,OSM
Unknown,restaurant,13.0286581,77.5436007,,OSM
Sai South Grand,fast_food,13.0175703,77.5625069,,OSM
Nandanam,restaurant,12.876884,77.6392801,indian;kerala,OSM
Sri Krishna Grand,restaurant,12.8743782,77.6405809,regional,OSM
FAB cafe,cafe,12.8744332,77.6470699,shawarma;sandwich;coffee_shop;indian,OSM
Oye Punjab Resturant,restaurant,12.8787352,77.6367386,,OSM
Domino's,fast_food,12.8774974,77.6386972,pizza,OSM
Magic Oven,cafe,12.8777101,77.6387217,burger;sandwich,OSM
Majestic Hotel,restaurant,12.9774153,77.5744736,indian,OSM
Cafe Mor'ish,cafe,12.9659363,77.6035702,,OSM
Chaitanya Delicacy,fast_food,12.9638217,77.6144908,indian,OSM
Al-Taj Restaurant,restaurant,12.9899287,77.5529918,,OSM
by 2 coffy,cafe,12.9869192,77.5562131,,OSM
Justbe Resto Cafe,restaurant,13.0071836,77.5794783,,OSM
Den Bakery,fast_food,12.9498694,77.7158059,sandwich,OSM
Punjabi Khanna,restaurant,12.949846,77.715934,indian;Punjabi,OSM
Lassi Corner,cafe,12.9512385,77.7154097,sandwich;ice_cream,OSM
Eatoz,restaurant,12.9504428,77.7156939,North_Indian;chinese,OSM
Energizer,cafe,12.9502438,77.7155138,juice,OSM
Nila Bhima Restaurant;,restaurant,12.9491647,77.7161846,indian,OSM
Nisarga,restaurant,12.9835262,77.5942425,,OSM
Kaapi Right,cafe,12.9822733,77.6392502,,OSM
Ambur Biriyani,restaurant,12.9822477,77.6389715,,OSM
Devi Sri Juice and Condiments,restaurant,12.9420698,77.6280215,indian;north_indian;regional,OSM
Udupi Athithiya,restaurant,12.9255829,77.6762661,indian,OSM
Dal Baati Corner,restaurant,12.9716726,77.6573587,indian,OSM
Goli Vada Pav,fast_food,12.9714814,77.6571747,indian,OSM
Plantain Leaf,restaurant,12.9718144,77.6548499,,OSM
Biriyani Zone,restaurant,12.9733672,77.6783788,,OSM
Mousehunt Cyber Cafe,internet_cafe,12.9753006,77.6790823,,OSM
Mylari-Inn,restaurant,13.066438,77.5969948,,OSM
Arabian Restaurant,restaurant,13.0189687,77.5575829,,OSM
Hotel Vande Matharam,restaurant,13.010724,77.5502667,regional,OSM
Sangam,restaurant,13.0140978,77.5542326,,OSM
ASEAN - On The Edge,restaurant,12.9754648,77.6050615,asian,OSM
Andhra biryanis,restaurant,12.9835729,77.7331184,,OSM
California Burrito,restaurant,12.9816457,77.6968724,mexican,OSM
Bombay Dine,restaurant,13.0834749,77.4844983,burger,OSM
Udupi Upara,restaurant,13.0830578,77.4841522,coffee_shop,OSM
Hassan Iyenger Bakery,restaurant,13.0039628,77.5507974,,OSM
Just Cake,fast_food,13.0005435,77.4842781,,OSM
stories,restaurant,13.0080788,77.5489767,chicken,OSM
Rolls Rice Cafe,cafe,12.9251181,77.498842,,OSM
Green Theory,restaurant,12.9683503,77.6027151,international,OSM
Lavonne Café,cafe,12.9669254,77.6368937,coffee_shop;bakery,OSM
Ayodhya vihar,restaurant,12.9687494,77.6492656,,OSM
Tibet Kitchen,restaurant,13.0241609,77.7063349,,OSM
Udupi Brahmashree,restaurant,13.0370574,77.5896455,,OSM
Udupi Park Inn,restaurant,13.0351773,77.5890219,,OSM
Arunachalam Hot Chips,fast_food,13.0613251,77.6418467,,OSM
De Grand,restaurant,13.0663312,77.6402789,,OSM
Beijing Bites,restaurant,13.0725613,77.6024947,,OSM
Pataka Mannar's,restaurant,12.9342412,77.5828783,,OSM
Sendhoor Coffee,restaurant,12.9822473,77.6390337,,OSM
Le Bistro,restaurant,12.9718776,77.5962988,pizza;pasta;burger,OSM
Coffee House,cafe,12.9349174,77.5367638,,OSM
Indira Canteen,fast_food,12.9678509,77.5285193,south_indian,OSM
Addiction,restaurant,12.9586968,77.53347,pizza;burger;italian;ice_cream;MILK_SHAKE;american,OSM
Cafe Coffee Day,cafe,13.0355929,77.6285283,coffee_shop,OSM
Eastwind (Delicious Biryani),restaurant,12.9366068,77.5176248,,OSM
Thalassery,restaurant,13.0194926,77.6369287,,OSM
Moriz,restaurant,13.0189238,77.6367836,,OSM
Dindigul Thalapakkatti,restaurant,12.9121078,77.6379727,indian,OSM
Hatti Kaapi,cafe,12.9284055,77.5816846,,OSM
Pani Puri,fast_food,12.9760157,77.6391205,indian,OSM
Quick Bites,fast_food,12.9044356,77.6915187,,OSM
Melting Cakes,fast_food,12.904438,77.6914559,,OSM
C Mess,food_court,13.0161315,77.5635283,,OSM
D Mess,food_court,13.0161441,77.5633476,,OSM
Sharief Bhai,restaurant,12.9811972,77.6368727,arab,OSM
Udupi Upahar,restaurant,12.8901826,77.6397297,indian,OSM
Lassi Magic,fast_food,12.8899226,77.6398609,,OSM
BNG Dining,restaurant,12.9314962,77.609838,chinese;chicken;asian;indian,OSM
Upahara Darshini,restaurant,12.9288786,77.5837575,indian;regional,OSM
Farzi Cafe,restaurant,12.9720385,77.5956455,chinese;coffee_shop;curry;indian,OSM
New Ambur Biriyani,restaurant,12.9549086,77.5857588,,OSM
Hotel Nandeshwara Lunch Home,restaurant,12.9554304,77.585944,indian,OSM
Peace Restaurant,restaurant,12.9620164,77.5978486,,OSM
NuTy Central Kitchen,restaurant,12.8776064,77.6449397,,OSM
Sri Raghavendra Upaahar,restaurant,12.9681659,77.5292945,,OSM
Paris Panini,restaurant,12.9702706,77.6446231,panini,OSM
Gangotri,restaurant,12.9684181,77.5324474,,OSM
Pappu Chaiwala,cafe,12.913213,77.6445226,,OSM
Rebarbiq,restaurant,12.9123452,77.6425923,,OSM
Lassi Treat,cafe,12.9163542,77.6449309,,OSM
Barbeque Nation,restaurant,12.9092185,77.687404,,OSM
Udupi Veg,fast_food,13.0062133,77.5931539,,OSM
Raidan Restaurant,restaurant,12.9941666,77.6103415,,OSM
Bangarpet Chats Center,fast_food,12.921845,77.5853424,,OSM
SN Refreshment,fast_food,12.9083264,77.5871218,indian;south,OSM
Sindhoor,restaurant,12.8834749,77.550013,Andhara;Karnataka_Coastal;seafood,OSM
Kakkal Kai Ruchi,restaurant,12.8864483,77.5661623,indian;ice_cream,OSM
Sri Racha,restaurant,12.970504,77.6449169,asian,OSM
Sanchez,restaurant,12.9704504,77.6449169,mexican,OSM
Mangalore Kabab Korner,restaurant,12.9728026,77.5284941,,OSM
Samudra,restaurant,12.9761897,77.5331156,,OSM
Brahmi Ruchi,restaurant,12.9664596,77.5344276,,OSM
Udupi Aruna Grand,restaurant,12.9665005,77.5343128,,OSM
South spicy bites,restaurant,12.9662613,77.5350611,,OSM
Kabab Souq,restaurant,12.9722044,77.6797193,arabic;grill;regional,OSM
A Naidu's Ootada Mane,restaurant,12.9825676,77.6393698,,OSM
Gurushree Grand,fast_food,12.9441073,77.5265184,,OSM
Karavali Grand,restaurant,12.9585512,77.5253725,,OSM
Kesariya,restaurant,12.9066049,77.5896205,indian,OSM
New Shanthi Sagar,restaurant,12.9689194,77.5361437,,OSM
Saanvi Delicacy,fast_food,12.9843239,77.5486091,regional,OSM
Domino's,fast_food,12.9694812,77.6825981,pizza,OSM
Cow Bar - Milk Shakes,restaurant,12.9721106,77.6807544,,OSM
Darbar Express,restaurant,12.9721622,77.6807678,arab;grill,OSM
Moriz,restaurant,12.9721564,77.6798786,indian;arabic;grill;chinese,OSM
Grill Hut,fast_food,12.9725503,77.679253,kebab,OSM
Treat Kitchen,restaurant,12.9719525,77.6797237,,OSM
Moti's Kitchen,restaurant,12.972565,77.6533496,fish,OSM
Daily Sushi,restaurant,12.9566903,77.7320817,asian,OSM
Cream Stone,fast_food,12.9567489,77.7320044,ice_cream,OSM
Toscano - Wine collection,restaurant,12.9564838,77.7317386,international,OSM
Cafe 916 & Bake,cafe,12.9976465,77.5523655,,OSM
Karavali Fine Dine,restaurant,12.9921881,77.5546494,regional,OSM
Spicy Secret,fast_food,12.988307,77.5558618,regional,OSM
Chai Point,cafe,12.969455,77.6827513,coffee_shop,OSM
Mani's Dum Biryani,restaurant,12.9705826,77.6818132,indian,OSM
Pappu Chaiwalla,cafe,12.9682966,77.536114,,OSM
Srinidhi Bar & Restaurant,fast_food,12.9563826,77.5343102,,OSM
Cafeteria,fast_food,12.9723244,77.5649303,,OSM
Kappa Chakka Kandhari,restaurant,12.9405303,77.6235653,regional,OSM
Annapurneshwari Canteen,restaurant,12.9741713,77.5880263,regional;indian,OSM
Mayur Andra Style Restaraunt,restaurant,12.9209511,77.620137,,OSM
Couchpotato,restaurant,12.9162833,77.6132641,,OSM
Thindi Mane,fast_food,12.9562669,77.5343236,regional,OSM
Venad Kitchen,restaurant,12.971553,77.6803025,,OSM
Maraheb Restaurant - Mandi & Madfoon,restaurant,13.0228,77.6398442,arabic,OSM
NH 47 Kerala Kitchen,restaurant,12.9809503,77.6935452,,OSM
Imperio,restaurant,13.0239905,77.6430942,indian;arab,OSM
Azuki Japan Travel Bistro & Sake,restaurant,12.9611765,77.604694,japanese,OSM
Loafer and Co.,cafe,13.0491295,77.601753,,OSM
The Farmhouse Kitchen & Bakery,restaurant,12.957453,77.732905,,OSM
Food Hall,cafe,12.9964417,77.695743,,OSM
Food Hall,cafe,12.973545,77.6204172,,OSM
Shake it Off - Thickshakes,fast_food,12.9728145,77.6800056,juice,OSM
Malabar Hotel,restaurant,12.9739747,77.6787485,,OSM
Basaveshwara Khanavali,restaurant,12.9793475,77.69571,,OSM
Sri Dwaraka Foods Andhra Biriyani,restaurant,12.9793397,77.6956825,,OSM
Sri Balaji Andhra Delux Mess,restaurant,12.9793214,77.6957985,,OSM
Lassi Magic,fast_food,12.9792783,77.6951985,dessert;ice_cream,OSM
ISIRI Resto Bar,restaurant,12.979456,77.6952193,,OSM
Sri Gajanana Fruit Centre,fast_food,12.9720276,77.6803329,juice,OSM
Iyer Idly,restaurant,12.9724119,77.6800338,,OSM
Angel Mess,restaurant,12.9744158,77.6804352,,OSM
Kadak Hotel,restaurant,13.0660933,77.5983768,indian,OSM
46 Ounces,restaurant,12.8498797,77.6579616,regional,OSM
Guru Greens Family Restaurant,restaurant,12.8538911,77.5889038,regional,OSM
Rolls Delight,fast_food,13.0659269,77.6002158,,OSM
Juice Souq,fast_food,12.9721831,77.6797745,juice,OSM
Domino's,fast_food,12.9859422,77.6943962,pizza,OSM
Subway,fast_food,12.9859631,77.6943305,sandwich,OSM
California Burrito,restaurant,12.9859657,77.69436,mexican,OSM
Nature's Cafe,cafe,13.0063463,77.5823289,coffee_shop;indian;burger,OSM
Five Star Chicken,fast_food,12.9760046,77.6791397,chicken,OSM
Biryani Bhavan,restaurant,12.9246587,77.4983083,regional,OSM
Domino's,fast_food,12.9245593,77.4981916,pizza,OSM
Lassi Shop,fast_food,13.0039148,77.5501332,juice,OSM
Royal Andhra Spice,restaurant,13.024534,77.6418448,regional,OSM
White Garden,restaurant,13.0238518,77.6431395,,OSM
Aramana,restaurant,13.0200444,77.6434466,arab;regional,OSM
Thomchi Unisex Salon;The Leslie's,cafe,13.0532368,77.6455767,,OSM
Roti Land Family Dhaba,fast_food,13.0562928,77.6446804,,OSM
Dreamland Food Corner,fast_food,13.0575391,77.6439643,,OSM
Appam's Bakery and Sweets,fast_food,13.0598593,77.642583,,OSM
By2coffee,restaurant,12.9727456,77.511896,,OSM
Sree Gajendra Juice and Chaats Center,fast_food,12.9991338,77.5509354,,OSM
Burwinger,fast_food,13.0406271,77.6236064,burger,OSM
Malabar Food Court,fast_food,13.0299406,77.630851,,OSM
Lassi Shop,fast_food,13.0414329,77.620731,juice,OSM
New Udupi Veg,fast_food,13.1035707,77.5841725,,OSM
Biryani Zone,fast_food,13.1037262,77.5840102,,OSM
Mom's Kitchen - Tanang Naga,restaurant,13.0550686,77.6453537,regional,OSM
Cafe Zamorin,restaurant,13.0587371,77.643232,,OSM
Taawoon,restaurant,13.0645806,77.6483658,,OSM
Lassi Shop,fast_food,13.0568114,77.5469099,juice,OSM
Domino's,fast_food,13.0306174,77.5604819,pizza,OSM
Mirchi,fast_food,13.0336721,77.5578305,,OSM
Lassi Shop,fast_food,13.0401787,77.5574362,juice,OSM
Sip n Hog,cafe,12.9250769,77.4987938,,OSM
Biryani Katte,fast_food,12.9250534,77.4987596,,OSM
3 Peg Bar and Restaurant,restaurant,13.116341,77.5781161,,OSM
New Udupi Park,restaurant,13.1367168,77.5691253,regional,OSM
Hotel Annalakshmi Pure Veg,restaurant,13.1282982,77.5725666,,OSM
La Zizone,fast_food,13.0409247,77.6225422,,OSM
Watsons,restaurant,13.063717,77.5906393,,OSM
Malnad Aroma,fast_food,12.9872008,77.556077,,OSM
Lassi Corner,fast_food,12.9893831,77.5561236,juice,OSM
Antarastriya,fast_food,12.9992734,77.5493702,regional,OSM
Subway,fast_food,12.9718291,77.5961204,sandwich,OSM
Rajbhog,restaurant,12.9989715,77.5521791,regional,OSM
Udupi Veg,fast_food,13.0002247,77.5519605,regional,OSM
Dosa Hut,fast_food,12.9248061,77.4984306,regional,OSM
Luqma,restaurant,13.0520168,77.6460806,,OSM
Jiffy Cafe,cafe,13.0530266,77.6457949,,OSM
Fella Cafe,cafe,13.0572301,77.6441366,,OSM
Lassi Store,fast_food,13.0576815,77.6439341,juice,OSM
Kolkata Famous Kati Roll,fast_food,13.0578944,77.6440562,,OSM
Chinese Bowl,fast_food,13.0589004,77.6431033,chinese,OSM
Grand Spicy,restaurant,12.9901417,77.5932464,,OSM
Empire,restaurant,12.9916615,77.5943595,indian,OSM
Cafe Arabica,cafe,12.9995034,77.6161296,,OSM
Royal Pavilion,restaurant,13.000456,77.6153719,,OSM
King Kong,restaurant,13.0009355,77.6142669,chinese,OSM
Moriz,restaurant,13.0466615,77.6445812,,OSM
Karnataka Biryani Point,fast_food,13.0490759,77.6457185,regional,OSM
Ancient Hyderabad,restaurant,13.040834,77.6197195,,OSM
Food Castle,restaurant,13.0413703,77.6219407,,OSM
Subway,fast_food,13.0280499,77.5715386,sandwich,OSM
Lassi Shop,fast_food,13.0285808,77.5713244,juice,OSM
Domino's,fast_food,13.0312438,77.5705675,pizza,OSM
Burp,restaurant,13.0337165,77.5689791,,OSM
Brindavan Vaibhav,fast_food,13.0368849,77.5747217,regional,OSM
Asia Alive,restaurant,12.9193144,77.6651081,asian,OSM
Domino's,fast_food,12.9201784,77.4837627,pizza,OSM
Cafe Coffee Day,cafe,13.0117027,77.5520208,coffee_shop,OSM
Gobi Corner,fast_food,12.9840076,77.5581591,,OSM
Sudha Chats,fast_food,12.9596604,77.6017229,,OSM
Malabar Cafe,restaurant,12.9601322,77.6017597,,OSM
Taste of Rampur,restaurant,12.9329058,77.6134662,indian,OSM
Biriyani Paradise,restaurant,12.9433728,77.6079865,,OSM
Domino's,fast_food,12.9235705,77.6471347,pizza,OSM
Lounge 189,restaurant,12.9179105,77.6238799,,OSM
The Aroma,restaurant,12.9178543,77.6241066,,OSM
Cafe Awesome,cafe,12.9178269,77.6237981,,OSM
Burger King,fast_food,12.9781377,77.638087,burger,OSM
Unknown,fast_food,13.0468704,77.5758244,chicken,OSM
Star Hotel,restaurant,13.038616,77.5899484,,OSM
Dhansagar,restaurant,12.9135395,77.6065388,indian,OSM
Unknown,restaurant,12.8970634,77.596866,indian,OSM
Good Food Kitchen,restaurant,12.9130518,77.6999194,regional,OSM
Condiments,cafe,13.0069827,77.5483088,coffee_shop,OSM
Unknown,restaurant,12.9741205,77.6729001,,OSM
Udupi,restaurant,12.9670013,77.6824507,,OSM
Goli Vadapav,fast_food,12.9668606,77.6824469,,OSM
Chulha Chauki Da Dhaba,restaurant,12.9644211,77.7158807,,OSM
Unknown,cafe,12.9666425,77.7114362,,OSM
Veg Corner,restaurant,12.9001694,77.5603874,south_indian,OSM
Veg Corner,restaurant,12.9001862,77.5603615,,OSM
Udupi Upachar,restaurant,12.9622586,77.713294,,OSM
DREAM JUICE,fast_food,12.928049,77.60724,juice,OSM
Just Bake,restaurant,12.934076,77.6056306,,OSM
Raja Rajeswari Hotel,restaurant,12.9337727,77.6047348,,OSM
LORE,restaurant,12.9802518,77.5861466,,OSM
Tijuori,restaurant,12.9800179,77.5859709,,OSM
Sunny Side Up,cafe,13.0018413,77.6235055,,OSM
Go Native,restaurant,12.9688442,77.5970887,,OSM
Iyengar Bakery,cafe,13.0535572,77.5752216,,OSM
Saapaad,restaurant,12.9812033,77.6369044,,OSM
Sash Cafe,cafe,13.069536,77.6518323,coffee_shop;Hookah_Cafe;cafe/diner;cafe;chinese;fast_food;breakfast,OSM
Karma Kaapi – Caffeine Studio,cafe,12.9232558,77.5814085,coffee_shop,OSM
Domino's,fast_food,13.0309414,77.5602591,pizza,OSM
Bismillah Hotel,restaurant,13.0845693,77.551989,,OSM
Annapoorna Hotel,restaurant,13.0724189,77.5244541,,OSM
Chilli Shots Restaurant,restaurant,13.0721671,77.546269,,OSM
Ghar Ka Dhaba,restaurant,13.0548524,77.6124503,,OSM
Dashami Fast Food,restaurant,13.044658,77.552906,,OSM
Annapurna Restaurant,restaurant,13.022342,77.5528657,,OSM
Vishnu Garden Vegetarian Restaurant,restaurant,13.0203034,77.5923603,,OSM
Annakuta Prasadam Restaurant,restaurant,13.0102358,77.5516049,,OSM
The Orchard Vegetarian Indian Restaurant,restaurant,13.004777,77.581093,,OSM
Atithi Family Restaurant,restaurant,12.974256,77.5598391,,OSM
Thamboola Fine Dine Vegetarian Restaurant,restaurant,12.9276526,77.5620661,,OSM
IDC Idli Dosa Coffee Central Kitchen,restaurant,12.9659973,77.594522,regional,OSM
SLV Grand,fast_food,12.9581431,77.5184168,,OSM
Pizza Hut,restaurant,12.9584293,77.5192308,pizza,OSM
Oyalo Pizza,fast_food,12.9571916,77.518563,pizza,OSM
Five Star Chicken,fast_food,12.9567538,77.5184812,chicken,OSM
Utsav Donne Biryani Mane,fast_food,12.9560558,77.5184074,,OSM
Mane Upahara,fast_food,12.9348259,77.5116992,,OSM
Gangotri,fast_food,12.9848923,77.5879088,,OSM
Brik Oven,restaurant,12.985676,77.5878675,pizza,OSM
Lassi Shop,fast_food,13.0005017,77.599504,,OSM
Happy Belly Bakes,cafe,12.9790136,77.642347,,OSM
Go Native HSR,cafe,12.9133296,77.6383239,,OSM
Go Native Jayanagar,restaurant,12.9226084,77.5846459,,OSM
Go Native Sadashivnagar,restaurant,13.0044097,77.581653,regional,OSM
Garden Restaurant,restaurant,13.0193484,77.5570913,,OSM
Coffee Break,cafe,13.0087525,77.5693951,,OSM
Himadri Veg,restaurant,13.0651157,77.503928,,OSM
Masala Mane,cafe,12.9551776,77.5282122,,OSM
Trupti Thindi,restaurant,13.0691806,77.5809502,,OSM
Nila Food Corner,restaurant,13.0690971,77.5809341,,OSM
Copper + Cloves @ the organic world,cafe,12.9704763,77.6450672,plant_based,OSM
Domino's,fast_food,12.8987996,77.6584097,pizza,OSM
Sandwich Station,fast_food,12.9976504,77.5404578,sandwich,OSM
Goli Vada Pav,fast_food,12.9976327,77.5404827,indian,OSM
amerikhani,fast_food,13.0304848,77.5758007,american,OSM
Baohood,restaurant,13.0555416,77.6079033,asian,OSM
Comal,restaurant,12.9723374,77.6187616,mexican,OSM
Cafe Naturals,cafe,13.0628968,77.576413,,OSM
Frozen Bottle,cafe,13.0320123,77.5698439,,OSM
Post office - Kothanur,restaurant,13.0632605,77.6488771,,OSM
Raidan Restaurant,restaurant,13.0188427,77.636598,kebab,OSM
Candy Cloud,cafe,12.9333892,77.6156339,,OSM
Third Wave Coffee Roasters,cafe,12.9701976,77.6386624,coffee_shop,OSM
Ainmane,cafe,12.9719367,77.6419161,Coffee,OSM
Lassi Park,cafe,12.9285095,77.5825416,,OSM
Ajanta Networld,internet_cafe,13.0278171,77.5572395,,OSM
The Circus Canteen,restaurant,13.013775,77.5481048,regional,OSM
Sorse,restaurant,12.9587668,77.7466114,Bengali;Odia;Mughlai;Kolkata_Biryani,OSM
Thalassery Restaurant,restaurant,13.0586132,77.5931287,,OSM
Prakriti Deluxe,fast_food,12.9883109,77.556248,regional,OSM
Hasanamba Benne Dosa,fast_food,12.9974681,77.5491837,regional,OSM
The Pizza Bakery,restaurant,12.9702024,77.6447081,pizza,OSM
Naksha Greens Juice and Snack Bar,fast_food,13.06375,77.5777442,juice;ice_cream;snack;chat;falooda,OSM
Rasayana coffee bar,cafe,12.9870447,77.5422372,,OSM
Dolci Cafe,cafe,12.98638,77.5949228,,OSM
Umesh Refreshments,fast_food,12.9887173,77.5779605,,OSM
Umesh Dosa Point,fast_food,12.9889048,77.5775568,regional,OSM
Pizza Hut,restaurant,12.9141809,77.6062896,pizza,OSM
Pathan Sir,fast_food,12.9140433,77.6101988,,OSM
Domino's,fast_food,12.9140054,77.6095041,pizza,OSM
99 Varieties Dosa,restaurant,12.914082,77.6105925,,OSM
New Mangaluru Lynch Home,fast_food,13.0271469,77.5394738,,OSM
Pootham,cafe,12.8683733,77.653234,,OSM
Basaveshvara Khanavali,fast_food,12.9327712,77.5840686,,OSM
Makkah Cafe,cafe,12.9639276,77.6064804,,OSM
Yelamma Dasappa Canteen,fast_food,12.9601375,77.595942,regional,OSM
Coffee,cafe,12.9689448,77.5842382,,OSM
Chikkanna Tiffin Room,fast_food,12.9683717,77.5844461,regional,OSM
Savera Hang Out,fast_food,12.9959856,77.5685352,,OSM
Yak's Kitchen,restaurant,12.9738424,77.6068454,tibetan,OSM
Mandarin Box,restaurant,12.9752996,77.6031962,chinese,OSM
Burger Seigneur,restaurant,12.9752171,77.6024974,burger,OSM
Pākaśāla,restaurant,12.9747331,77.6083874,indian,OSM
Hopcoms Juice Stand,fast_food,12.9748022,77.5934368,,OSM
JNS Tiffin Centre,restaurant,13.0720813,77.5728428,,OSM
Hopcoms Juice Stand,fast_food,12.9756556,77.5951856,,OSM
Sri Krishna Sagar,restaurant,12.9138932,77.6060959,indian;regional,OSM
Laddoos,restaurant,12.9136582,77.610198,indian,OSM
Chai Point,cafe,12.9135458,77.6101845,coffee_shop,OSM
Aum Zone,restaurant,12.9983064,77.5498825,,OSM
Eat Again,fast_food,12.9136459,77.6049936,,OSM
Miyajima Bento,restaurant,12.9654384,77.6144426,japanese,OSM
Farmlore,restaurant,13.1275198,77.6392624,,OSM
The Cafe @ Saanchi,cafe,12.9583652,77.604285,persian,OSM
Coco Cane,fast_food,13.0082858,77.5490932,,OSM
Old Madras Baking Company,cafe,13.0274554,77.5772913,,OSM
Third Wave Coffee Roasters,cafe,13.0272477,77.5765631,,OSM
Starbucks,cafe,13.0274123,77.575867,coffee_shop,OSM
IDC Kitchen,restaurant,13.0279894,77.5726551,,OSM
Queens,restaurant,13.0286549,77.5719067,punjabi,OSM
Leon Grill,restaurant,13.0284577,77.571902,,OSM
Burger King,fast_food,13.0287953,77.5713435,burger,OSM
The Belgian Waffel Co.,restaurant,13.0281976,77.5731593,,OSM
Water Monkey Cafe,cafe,12.9942201,77.5843234,,OSM
Sea Rock Restaurant,restaurant,12.9867761,77.5796677,,OSM
The Rasoi,restaurant,12.989193,77.5744736,,OSM
Grill Biryanis,fast_food,12.9967592,77.5628636,regional,OSM
Indira Canteen,fast_food,12.9984527,77.5576884,south_indian,OSM
Indira Canteen,fast_food,12.9687069,77.6104769,south_indian,OSM
DCR Cafe & Restaurant,fast_food,12.9765865,77.6026285,,OSM
Cafe Azzure,cafe,12.97501,77.6074728,,OSM
Dindigul Thalappakatti,restaurant,12.972361,77.6186442,regional,OSM
Chianti,restaurant,12.9723446,77.618718,italian,OSM
Starbucks,cafe,12.9723937,77.6184551,coffee_shop,OSM
Unknown,fast_food,12.9723584,77.6183143,,OSM
Taj Tea House,cafe,12.9992268,77.6160355,,OSM
Savoury,restaurant,12.9994524,77.6157635,regional,OSM
Kunafa World,fast_food,12.9954616,77.614226,,OSM
Burger Elite,fast_food,12.9989516,77.5497464,burger,OSM
Breads & Banter,cafe,12.9643876,77.7169472,,OSM
Starbucks,cafe,12.9202896,77.6851603,coffee_shop,OSM
The Pizza Bakery,restaurant,12.9201768,77.6851536,pizza,OSM
Nasi and Mee,restaurant,12.9206651,77.6843281,asian,OSM
Bombay Brasserie,restaurant,12.9201786,77.6843019,indian,OSM
California Burrito,restaurant,12.9674314,77.6366472,mexican,OSM
Salt Mango Tree,restaurant,12.9704038,77.6399131,,OSM
Bangalore Thindies,fast_food,12.9699008,77.6387045,,OSM
Maison du,cafe,12.9709404,77.6402441,,OSM
Udupi Sagar Veg Restaurant,restaurant,12.9580517,77.5824765,,OSM
Chulha Chauki da Dhabha,restaurant,12.9820309,77.6927316,indian;rajasthani,OSM
Coracle,restaurant,12.9666459,77.6352847,indian,OSM
Maven Kitchen,restaurant,12.9507013,77.6235404,,OSM
Cafe 27,restaurant,12.9113501,77.6522374,,OSM
Chai Point,cafe,12.9126498,77.6520113,coffee_shop,OSM
Kabab Mirchi,restaurant,12.9556399,77.6918849,,OSM
Float Rooftop Restaurant,restaurant,12.9388351,77.6952036,,OSM
Jalsa Gold Restaurant,restaurant,12.9388878,77.6952654,,OSM
Sri Vishnu,restaurant,12.9386526,77.6973755,regional;coffee;tea,OSM
Fullyfilled,restaurant,12.9761736,77.6388664,,OSM
Aksay dum biriyani,restaurant,13.0623507,77.7729906,,OSM
Shilpa Enterprises Xerox and Cyber,internet_cafe,12.9386254,77.6968501,,OSM
Lassi Shop,fast_food,12.9689173,77.6934949,juice;sandwich,OSM
Balaji Super Xerox,internet_cafe,12.9715076,77.6943046,,OSM
Unitea Hub Cafe,cafe,12.9565619,77.6972364,,OSM
Amintri Cafe and Pastries,cafe,12.9737225,77.6032468,pastry;coffee_shop;tea;cake,OSM
Ali's Juice Centre,cafe,13.1038752,77.5716205,juice,OSM
Kolkata Rolls Corner,fast_food,13.1038513,77.5716192,indian,OSM
Bengaluru Cafe,fast_food,12.939212,77.5838982,south_indian,OSM
Cafe 35,cafe,12.9089895,77.6812944,,OSM
Nitiksha Rasoi,restaurant,13.0705642,77.576758,,OSM
Sreeraj Lassi Bar,cafe,12.959883,77.5978925,juice,OSM
Hari Super Sandwich,fast_food,12.9599213,77.5979464,sandwich,OSM
Karak Chai,cafe,12.9611473,77.5982936,tea_shop,OSM
Bombay Borough,restaurant,12.9669121,77.6081804,regional,OSM
You Me And Tea,restaurant,12.9089414,77.6517168,,OSM
Sharief Bhai,restaurant,13.0232822,77.6396339,regional,OSM
All Fun Chai,cafe,13.0422691,77.5939505,,OSM
Orange Leaf,restaurant,13.0414029,77.6227494,,OSM
Dilawar,restaurant,13.0300261,77.6344451,,OSM
Chinese Bowl,fast_food,13.0369228,77.6408207,chinese,OSM
Brahma Sri Udupi Veg,fast_food,13.0381032,77.6412942,regional,OSM
Southern Fried Chicken,fast_food,13.0567239,77.6441869,chicken,OSM
Fuzion Plate,fast_food,13.0483469,77.6293932,,OSM
Nandu's,fast_food,13.0614616,77.6417635,,OSM
Mayuri,restaurant,12.9559991,77.5806662,indian,OSM
Starbucks,cafe,12.97119,77.5982058,coffee_shop,OSM
Theobroma,cafe,12.9712972,77.5975701,,OSM
Lavonne Cafe,cafe,12.9695074,77.6003515,,OSM
Brassa,restaurant,12.9705196,77.6006386,,OSM
Juice Stall,cafe,13.017793,77.556767,,OSM
Wakame,restaurant,12.9699492,77.6394919,asian,OSM
Bhola & Blonde,restaurant,12.9699243,77.6393627,,OSM
Secret Story Bar & Kitchen,restaurant,12.9698751,77.6392046,,OSM
Raahi Neo Kitchen and Bar,restaurant,12.9731085,77.6023458,,OSM
Luckhnow Street,restaurant,12.97585,77.6018975,regional,OSM
Indiranagar Social,restaurant,12.970764,77.6475812,,OSM
Bombay Brasserie,restaurant,12.9702302,77.6458988,regional,OSM
The Rameshwaram Cafe,fast_food,12.9817985,77.6409705,south_indian,OSM
Magnolia Bakery,cafe,12.9700759,77.640814,,OSM
Bohemians,restaurant,12.9699073,77.6394944,,OSM
Café Plume,cafe,12.9637891,77.6403908,,OSM
New Krishna Sagar,restaurant,13.0727318,77.604253,,OSM
Domino's,fast_food,12.8731205,77.5666746,pizza,OSM
Santhu Spicy Table,restaurant,13.0683205,77.5785541,,OSM
Maratha Darshan,fast_food,12.989538,77.5986001,,OSM
Third Wave Coffee Roasters,cafe,12.9875523,77.5947766,coffee_shop,OSM
Pasta Street,restaurant,12.9883998,77.5937028,pasta,OSM
India Chai Lounge,cafe,12.9891564,77.5926858,,OSM
C K P Canteen,fast_food,12.988699,77.5808117,,OSM
Crepito,restaurant,12.9974557,77.5448459,regional,OSM
STEGI,restaurant,12.9942403,77.5814707,,OSM
Restaurent1179,restaurant,12.9936332,77.5809283,,OSM
Huliyappa's Donne Biryani,restaurant,13.0668211,77.5928883,regional,OSM
Biriyani Zone,restaurant,13.0414094,77.6215772,indian,OSM
KFC,fast_food,12.9882921,77.5986345,chicken,OSM
Royanna Military Canteen,fast_food,12.9712942,77.6065151,,OSM
Cafe 64,cafe,13.1012054,77.5716623,,OSM
Chili's,restaurant,12.9201745,77.6845032,tex-mex,OSM
Third Wave Coffee,cafe,12.9206464,77.6848157,,OSM
Paris Panini,restaurant,12.9201536,77.684754,panini,OSM
Chaayos,cafe,12.9204987,77.6851684,tea,OSM
Burger King,fast_food,12.9119001,77.6382861,burger,OSM
Popeyes,fast_food,12.9121563,77.6378046,chicken,OSM
The Pet People Cafe,cafe,12.9127406,77.6445048,,OSM
Starbucks,cafe,12.9121236,77.6508737,coffee_shop,OSM
Onesta,restaurant,12.9122779,77.6517119,pizza,OSM
Domino's,fast_food,12.9128583,77.6520009,pizza,OSM
Juice Shop,fast_food,12.9087132,77.6507878,,OSM
Kapoor's Cafe,restaurant,12.9080295,77.6519331,,OSM
Thalassery Restaurant,fast_food,12.9349331,77.5119513,regional,OSM
Domino's,fast_food,12.9805027,77.5107577,pizza,OSM
TEAGO Cafe,cafe,12.9212987,77.4838579,,OSM
Pizza Hut,fast_food,12.9195994,77.4832624,pizza,OSM
Sarasa Japanese Kitchen,restaurant,12.9235809,77.4847041,japanese,OSM
Sharief Bhai,restaurant,12.9332287,77.6146102,,OSM
Utse Kitchen,fast_food,12.9848975,77.611694,regional,OSM
BN Sambaiah Shetty Tiffin Room,fast_food,12.9848505,77.6093873,regional,OSM
Balle Balle Punjab,restaurant,13.1012136,77.5717751,indian,OSM
Purple Box,restaurant,13.1028191,77.5716462,,OSM
club 46,food_court,13.1029193,77.5716543,,OSM
Sri Arunachala Hot Chips,fast_food,13.1040242,77.5709721,,OSM
Malabar food court,food_court,13.1041055,77.5703926,,OSM
Bombay Vada Pav Center,fast_food,13.1040884,77.5706223,,OSM
Sri Ganesh Fruit Juice center,fast_food,13.1040333,77.5709423,juice,OSM
Kuns Roll,fast_food,13.1040974,77.5706648,fastfood,OSM
Kolkata chats and panipuri bhandar,fast_food,13.1040977,77.5704907,,OSM
Rolls Corner,fast_food,13.1041074,77.5705422,,OSM
Five star Chicken,fast_food,13.1041084,77.5703675,,OSM
Bangarpete Chats,fast_food,13.1041336,77.5702836,,OSM
Sri Devi Grand,food_court,13.1042581,77.5704346,,OSM
The Taste Buds,fast_food,13.1042644,77.5703701,,OSM
KFC,fast_food,13.0837967,77.6432479,chicken,OSM
McDonald's,fast_food,13.0837525,77.6437939,burger,OSM
Quattro,restaurant,13.0834834,77.6430121,,OSM
The Lotus Oriental,restaurant,13.0842149,77.6431784,asian,OSM
The Lobby Lounge,cafe,13.0844631,77.6431301,,OSM
Falak,restaurant,13.0845467,77.6427948,indian,OSM
Maverick and Farmer Coffee,cafe,12.9811568,77.6141516,,OSM
The rich crust cafe and bar,cafe,13.0588929,77.5860351,,OSM
HOPCOMS,fast_food,12.9844193,77.5580075,,OSM
Domino's,fast_food,12.9850753,77.5567442,pizza,OSM
Kaara by Lake,cafe,12.9865306,77.6194645,,OSM
Coconut Water,fast_food,12.9804171,77.5969495,,OSM
Air Cafe,cafe,12.9529243,77.5162442,,OSM
Coconut stall,fast_food,13.1039498,77.5727951,juice,OSM
Fusion Bytez,fast_food,13.1040121,77.572233,,OSM
Street Food,fast_food,13.1040195,77.5726021,,OSM
North Eastern Rose Momo Shop,fast_food,13.10408,77.5731574,,OSM
Unknown,fast_food,13.1040279,77.5732277,juice,OSM
Gobi and Chaat,fast_food,13.1039776,77.5734594,,OSM
Beereshwara Hot Chips,fast_food,13.1038303,77.5747948,fish_and_chips,OSM
Thalassery restaurant,food_court,13.1037491,77.5753387,,OSM
Umesh Refreshments,fast_food,12.9684828,77.6409515,regional,OSM
Mahesh Lunch Home,restaurant,12.9653338,77.6417575,,OSM
Chai Days,cafe,12.9664617,77.6417179,,OSM
Chaayos,cafe,12.9703615,77.640816,tea,OSM
Thin Tony's Pizza,restaurant,12.9702412,77.639087,pizza,OSM
Vegan Vogue,restaurant,12.971271,77.6475102,regional,OSM
Glen's Bakehouse,cafe,13.0282825,77.5728013,,OSM
by2coffee,fast_food,12.9423069,77.5705221,regional,OSM
Bombay and Kolkata Chats,fast_food,12.942301,77.570453,regional,OSM
Tender Coconut Stall,fast_food,12.923394,77.5780611,,OSM
Outpost Kitchen,fast_food,12.9705124,77.6391504,,OSM
Avoke: The Avocado Cafe,cafe,12.9698942,77.6386368,,OSM
The Kitchen of Joy,restaurant,12.9685272,77.6360685,,OSM
Chilli and Chives,restaurant,12.9684449,77.6361007,asian,OSM
Chung Wah,fast_food,12.9679868,77.6363307,chinese,OSM
infinitea,cafe,12.969035,77.6361658,,OSM
Coffee Mechanics,cafe,12.966793,77.6352431,,OSM
Juice Place,fast_food,13.0353301,77.5894145,,OSM
Boteco - Restaurante Brasileiro,restaurant,12.9733512,77.6144771,brazilian,OSM
Ground Up Coffee,cafe,12.968292,77.6027535,,OSM
Punjabi Rasoi,restaurant,13.0221154,77.5847036,regional,OSM
MisoSexy,restaurant,12.9699668,77.6398927,asian,OSM
Shanti Sagar,restaurant,12.9335397,77.6968456,,OSM
Domino's,fast_food,13.0028863,77.5692106,pizza,OSM
Just BLR,cafe,12.9732797,77.6072583,,OSM
Snacks Stall,fast_food,12.9719232,77.5866602,,OSM
Curly Sue Pork,restaurant,12.9911604,77.5944675,,OSM
BMD || Burger - Melts - Dogs,restaurant,12.9911473,77.5944346,,OSM
Kinara Tiffany,fast_food,12.9926102,77.591676,,OSM
RR's Blue Mount,fast_food,12.9927344,77.5908954,,OSM
Pure and Natural,cafe,12.9927174,77.5907506,,OSM
Desserted,cafe,12.9927618,77.5892942,,OSM
Carmel Culinary Court,fast_food,12.9933949,77.587827,,OSM
Green Canteen,fast_food,12.9939353,77.588114,,OSM
Slice N Dice Cafe,cafe,13.0007264,77.5494271,,OSM
Root77,restaurant,13.0504346,77.6463219,,OSM
Sri Vishnu Priya Veg,restaurant,12.9270721,77.694891,,OSM
Hyderabadi Biryani,restaurant,12.9938523,77.5713777,regional,OSM
Karama,restaurant,12.9997243,77.6161519,,OSM
Biriyani hut,restaurant,13.1068384,77.5708394,,OSM
Karaveer,cafe,13.1067216,77.570814,,OSM
KFC,fast_food,12.9147553,77.6102465,chicken,OSM
Cafe Stone,cafe,12.98131,77.612613,,OSM
Blue Tokai,cafe,12.9811522,77.6032115,,OSM
Annapurna Andhra Veg,restaurant,12.91459,77.6399027,indian,OSM
Hamza Hotel,restaurant,12.9861037,77.6048389,,OSM
Shivajinagar Gardi Ustad Pehlwan Kale Bhai's - Pahilwani Handi,fast_food,12.9855722,77.6019143,regional,OSM
Chai Shop,cafe,12.9856477,77.6017275,,OSM
Sri Udupi Park,restaurant,12.9518521,77.7001674,,OSM
Sour House,restaurant,12.9350754,77.6249289,,OSM
Lassi Corner,fast_food,12.975044,77.6191498,,OSM
Paakashala,restaurant,12.9760189,77.6148006,regional,OSM
Mandya,restaurant,12.9384557,77.69786,,OSM
Kailash Parbat,restaurant,12.9715331,77.6474559,regional,OSM
Eddy's Cafe,cafe,12.9738456,77.6450714,,OSM
Dine Bell,restaurant,12.9380879,77.6985118,,OSM
For Food Lovers,restaurant,12.9292665,77.6948478,,OSM
Ambur Hot Dum Biryani,restaurant,12.9264576,77.6949779,biryani,OSM
Ambur Dum Biryani,restaurant,12.9258733,77.6947064,biryani,OSM
Sri Udupi Veg,restaurant,12.9247414,77.6945894,,OSM
Bombay Vadapav,fast_food,12.9364429,77.703849,,OSM
Rasaganga,restaurant,12.8816192,77.7564656,,OSM
Priyadarshini Veg,restaurant,12.8837212,77.7515747,,OSM
Udupi Garden Veg,restaurant,12.883751,77.751432,,OSM
Udupi Veg,restaurant,12.8963519,77.7204394,,OSM
Athithi Grand,restaurant,12.9035159,77.7043494,,OSM
Taste Indies,restaurant,12.9191953,77.6965268,indian;tapas;tea,OSM
The Punjabi Rasoi,restaurant,13.0222937,77.5847256,,OSM
Bologna,restaurant,12.9720407,77.6408995,italian,OSM
Zaatar,restaurant,12.9233117,77.6697031,arab,OSM
Third Wave Coffee,cafe,12.9094409,77.6871213,,OSM
Zed The Baker,cafe,12.9760006,77.602614,,OSM
Burger King,fast_food,12.9828282,77.606756,burger,OSM
Uru Coffee,fast_food,13.0022573,77.5531226,,OSM
KFC,fast_food,12.904414,77.6760495,chicken,OSM
Cafe Coffee Day,cafe,12.9130791,77.6662145,coffee_shop,OSM
Little Italy,restaurant,12.920196,77.6670676,italian,OSM
Jai Maruthi Juice Corner,fast_food,12.9786575,77.6965312,,OSM
Leon Grill,restaurant,12.9117875,77.6437931,,OSM
Chai Point,cafe,12.9115857,77.6379397,coffee_shop,OSM
Udupi Adithya,restaurant,12.9617854,77.7479183,south_indian;indian;north_indian,OSM
Udupi Garden Veg,restaurant,12.9393943,77.7261836,south_indian,OSM
Pinch of Pepper,restaurant,12.9396911,77.7225243,,OSM
Sri Udupi Food Hub,restaurant,12.9687509,77.7354147,indian,OSM
Sri Udupi Park,restaurant,12.9748408,77.6972081,,OSM
Sri Udupi Park,restaurant,12.9484798,77.698872,,OSM
Pasta Street,restaurant,12.9561089,77.721453,pasta,OSM
Madhurai Idly Shop,restaurant,12.9594969,77.7319889,,OSM
Kabab Dinne Biryani House,restaurant,12.926973,77.6949031,biryani,OSM
Rajasthani Sweets,fast_food,12.9263992,77.6949769,indian;sweets,OSM
Vivid Cool Hot Joint,fast_food,12.9264297,77.6949776,juice,OSM
Sri Renukamba Juice and Condiments,fast_food,12.9248906,77.6947593,juice,OSM
Sri Venkateshwara Hot Chips,fast_food,12.9207276,77.696035,chips,OSM
ChicaGo Fried Chicken,fast_food,12.9206851,77.6960765,chicken,OSM
Ambur Biryani,restaurant,12.9385622,77.6975519,,OSM
Hyderabad House,restaurant,12.948784,77.6988437,curry;biryani;kebab,OSM
Foxtrot Dhaba,restaurant,12.9494344,77.6991499,,OSM
Ambur Hot Dum Biryani,restaurant,12.9345352,77.6906624,biryani,OSM
Platform 65,restaurant,12.8792756,77.5952473,,OSM
Unknown,fast_food,12.9388095,77.6970295,,OSM
Sri Ganesh Juice Center,fast_food,12.9380817,77.6985611,juice,OSM
5 Star Chicken,fast_food,12.9377472,77.7009815,chicken,OSM
Neemsi,restaurant,12.9061738,77.5825444,,OSM
Domino's,fast_food,12.9417827,77.6970843,pizza,OSM
Udupi Vaibhav,restaurant,12.9411548,77.6966167,,OSM
Paradise,restaurant,12.9578019,77.7454789,biryani,OSM
Barbeque Nation,restaurant,12.9577393,77.7454721,barbecue,OSM
Mitti Cafe,cafe,12.9595145,77.7483651,south_indian,OSM
Ambur Dum Biryani,restaurant,12.9561392,77.7320097,biryani,OSM
Domino's,fast_food,12.9391818,77.721173,pizza,OSM
Basaveshwara Kanavali Mess,restaurant,12.9394909,77.7213367,south_indian,OSM
Tandoori Chai,fast_food,12.93971,77.7228452,,OSM
Krishna's,restaurant,12.9397242,77.7228721,south_indian,OSM
Domino's,fast_food,12.9977582,77.5482101,pizza,OSM
Dindigul Thalapakatti,restaurant,12.9972198,77.5466269,regional,OSM
Mangalore Lunch Home,fast_food,12.9982737,77.5464942,regional,OSM
IDC,fast_food,12.968722,77.6012354,regional,OSM
Tandoor Chai Point,cafe,12.9895171,77.5561675,,OSM
Udupi Veg,restaurant,12.9693727,77.7374799,,OSM
Mojo Pizza,fast_food,12.9559356,77.7165587,pizza,OSM
51 Indian,restaurant,12.9529429,77.7176448,,OSM
SKM Ambur Hot Dum Biryani,restaurant,12.9709124,77.7119406,biryani,OSM
New Ambur Dum Biryani,restaurant,12.9834401,77.7182014,,OSM
Shri Udupi Veg,restaurant,12.955693,77.7204456,south_indian;chinese,OSM
Bhairaeshwara Idli Center,restaurant,13.0008297,77.5637937,regional,OSM
Sri Raghavendra Dosa Camp,restaurant,13.0008532,77.5639104,regional,OSM
Bangarpet Chats,fast_food,12.9602743,77.7199662,,OSM
Ramdev Sagar,restaurant,12.9591815,77.7192054,,OSM
Ambur Hot Dum Biryani,fast_food,12.9558998,77.7202061,,OSM
Amma's Pastries,fast_food,12.9555949,77.7189922,sweets,OSM
Hari Super Sandwich,fast_food,12.8830755,77.549322,sandwich;chaats;regional;burger;pizza;indian,OSM
Krishnam Udupi Hotel,restaurant,12.8832022,77.5485669,regional;chinese;indian,OSM
Charlie Chaplain La Vegano,cafe,12.9703013,77.6360987,,OSM
Street Storyss,restaurant,12.970287,77.6358332,,OSM
Cafe Noir,restaurant,12.9701066,77.636261,french;burger,OSM
Nirula's,restaurant,12.9669413,77.6372366,regional,OSM
Sri Govinda Rao Military Hotel,restaurant,12.972753,77.570233,regional,OSM
Zama,restaurant,12.9802897,77.6405485,kebab,OSM
Klayworkz Barista,restaurant,12.9068098,77.5995603,,OSM
Hitchki,restaurant,12.9969552,77.6969165,regional,OSM
Gloria Jean's,cafe,12.9596042,77.7478811,coffee_shop,OSM
SLAY Coffee,cafe,12.9126949,77.6523221,,OSM
KUBO,restaurant,12.9352141,77.582936,asian,OSM
Inanna Taproom,restaurant,12.8738056,77.6090768,,OSM
Baking Bad,restaurant,12.9790194,77.6438034,pizza,OSM
Naivedhya Tiffin's,fast_food,12.9788547,77.6961718,,OSM
Namma Bengaluru Cafe,restaurant,12.9787033,77.6964058,,OSM
Abhiruchi Andhra Mess,restaurant,12.9789715,77.6957688,,OSM
Bangarpet Chats,fast_food,12.978938,77.6958815,,OSM
The Shawarma Man,fast_food,12.9790338,77.6952923,,OSM
Oh Calcutta,restaurant,12.9556079,77.7252082,,OSM
Cafe Rome,cafe,13.0606314,77.5896449,italian,OSM
Kota Kachori,restaurant,12.9170177,77.5947337,,OSM
Just Coffee,cafe,12.9205157,77.5896751,,OSM
Theobroma,cafe,12.9202281,77.5838386,,OSM
Bhartiya Jalpan,restaurant,12.9155289,77.6515804,indian,OSM
Dofu,restaurant,12.9801263,77.6405968,asian,OSM
Thai Basil,restaurant,12.9806167,77.6410098,thai,OSM
Paper & Pie,cafe,12.9809732,77.6410038,coffee_shop,OSM
Malnad Cafe,fast_food,12.9893616,77.5561199,regional,OSM
Kaappi Ready,cafe,12.9977366,77.5493745,,OSM
Maitey Momos,fast_food,12.998899,77.5489765,asian,OSM
Adyar Ananda Bhavan,restaurant,13.0479288,77.5785318,regional,OSM
The Culinarian,restaurant,13.0559557,77.6447488,,OSM
Hiyar Mahje Kolkata,fast_food,12.958953,77.71794,,OSM
Tirupathi Bheemas,restaurant,12.9564598,77.7102806,,OSM
Le Arabia,restaurant,12.9533575,77.7004454,,OSM
Leon Grill,restaurant,12.9505181,77.6998945,,OSM
Naru Noodle Bar,restaurant,12.9584054,77.5928903,ramen,OSM
Indira Canteen,fast_food,12.9568165,77.6167023,south_indian,OSM
Third Wave Coffee,cafe,13.0070091,77.5690261,,OSM
Green Hyderabad Biryani House,restaurant,12.988242,77.7298397,indian,OSM
Shub Sagar,restaurant,12.9924067,77.7172279,,OSM
Sindhoora Gardenia,restaurant,12.9937994,77.7012007,,OSM
Indira Canteen,fast_food,13.0736769,77.6338953,regional,OSM
Canteen,food_court,12.953323,77.6498665,,OSM
Indira Canteen,fast_food,12.950313,77.6212433,south_indian,OSM
Indira Canteen,fast_food,12.9494569,77.6119924,,OSM
Onesta Italian,restaurant,12.8830731,77.5486374,,OSM
Uttara Karnataka Food Store,restaurant,12.9390473,77.6283697,,OSM
Chubby Chai,cafe,12.9391694,77.6283469,,OSM
Santhosh Fast Food,fast_food,12.9414967,77.6278372,,OSM
G. Pulla Reddy Sweets,fast_food,12.9672705,77.7163733,sweets,OSM
Third Wave Coffee,cafe,12.9694108,77.700554,coffee_shop;sandwich;burger,OSM
Cafe Coffee Day,cafe,12.9699094,77.609892,coffee_shop,OSM
Bangarpet Chats,fast_food,12.9591403,77.7189406,,OSM
New Chai Gully,cafe,12.9673794,77.7157719,coffee_shop,OSM
Wok Face,fast_food,12.9673384,77.7160776,chinese,OSM
Third Wave Coffee Roasters,cafe,12.974683,77.6067111,coffee_shop,OSM
The Pizza Bakery,restaurant,12.9752466,77.6045841,pizza,OSM
Broadway,restaurant,12.9237747,77.651372,,OSM
Unknown,restaurant,12.8382872,77.6735861,,OSM
Pit Stop,fast_food,12.9753993,77.6036193,juice,OSM
Kamat Vegetarian Restaurant,restaurant,12.9819129,77.6057536,regional,OSM
Virinchi Cafe,restaurant,12.9688544,77.601449,,OSM
Fuga,cafe,12.9688078,77.6013703,,OSM
Udupi Upachar,restaurant,13.0522981,77.6042904,south_indian;north_indian;juice;snacks,OSM
Bao Bangalore,restaurant,12.9692297,77.6478401,asian,OSM
1522 Street,food_court,12.9726688,77.6089443,,OSM
Ambur Hot Dum Biryani,fast_food,12.958917,77.71894,,OSM
Café Nosh,cafe,13.0688434,77.5803865,,OSM
Terrace by House of Commons,restaurant,12.9142714,77.5859736,,OSM
Travellers Bungalow,restaurant,12.9702291,77.6458147,,OSM
The Woodpegger,restaurant,13.040585,77.6196662,,OSM
Cafe Amudham,restaurant,12.9477787,77.592107,regional,OSM
Khazana Food Paradise,fast_food,12.9641889,77.6055336,regional,OSM
Raj Lakshmi Momos Corner,fast_food,12.9982887,77.5491294,,OSM
Chinese Wok,restaurant,13.0272434,77.571858,chinese,OSM
Vinny's,restaurant,13.0329244,77.5692613,italian;pizza,OSM
Hao Chi,restaurant,13.0352714,77.567758,chinese,OSM
Ganesh Darshan,restaurant,13.0285638,77.5618686,south_indian,OSM
Thalassery,restaurant,13.0301774,77.5621558,kerala;chinese;south_indian;north_inddian;arabic,OSM
Calicut,restaurant,13.0302419,77.5620777,kerala;south_indian,OSM
Laddoos,fast_food,12.9716954,77.711696,,OSM
McDonald's,fast_food,12.9451177,77.6200265,burger,OSM
Coasta,restaurant,12.9436787,77.6211534,,OSM
The Coorg Food Company,restaurant,12.941012,77.6241505,,OSM
Biriyani Depot,restaurant,12.9408608,77.6243138,,OSM
Tea Coffee House,cafe,12.9409106,77.6242697,,OSM
Madurai Restaurant,restaurant,12.9419888,77.6230815,,OSM
Cafe Five Guys,cafe,12.9414494,77.6236346,,OSM
Ambur Biryani,restaurant,12.9386047,77.6292569,,OSM
Darjeeling Momo,fast_food,12.9386225,77.6291616,,OSM
Panipuri Shop,fast_food,12.9385717,77.6291645,,OSM
Sugarcane Juice Shop,fast_food,12.951793,77.6055559,,OSM
Hotel Swapna Sagara,fast_food,12.9820371,77.6032655,,OSM
Shree Ganesh Juice Centre,fast_food,12.9407018,77.6267911,,OSM
Domino's,fast_food,12.9402358,77.6248865,pizza,OSM
Flavours of Andhra,restaurant,12.9566815,77.7149137,,OSM
Mandya Gowdru Hotel,fast_food,12.9593465,77.7162306,,OSM
To Be Continued,restaurant,12.9229063,77.6514194,,OSM
Goli Vada Pav,fast_food,12.9211928,77.651389,indian,OSM
Bathinda Station,restaurant,12.9186175,77.6515432,,OSM
Sri Krishna Sagar;Shri Krishna Sagar,restaurant,12.9171095,77.6515529,regional,OSM
Juice Junction,fast_food,12.9152023,77.6516428,juice,OSM
Paris Panini,restaurant,12.912117,77.6471343,,OSM
Sri Muthanahalli Veg,restaurant,12.9166069,77.6445927,,OSM
Third Wave Coffee,cafe,12.957308,77.7366851,,OSM
Kabab Genie,restaurant,12.9562803,77.729345,,OSM
Burgerman,restaurant,12.9701549,77.6371431,burger,OSM
The Merak Brewhouse,restaurant,12.9721424,77.5951388,asian,OSM
Chowman,restaurant,12.9790643,77.6366391,chinese,OSM
The Studs Sports Bar + Grill,restaurant,12.9070051,77.5982256,,OSM
Maya,restaurant,12.9219975,77.5845867,regional,OSM
Araku Coffee,cafe,12.9699145,77.639208,,OSM
Bergamot,restaurant,12.9812467,77.6462366,,OSM
Horizon,restaurant,13.0123454,77.5564235,asian,OSM
Delistic,cafe,12.9688477,77.6002752,,OSM
Chowman,restaurant,12.9567804,77.7148696,chinese,OSM
Mirchi Maharaj,restaurant,12.9124528,77.6386588,,OSM
Unknown,fast_food,12.912439,77.6385262,ice_cream;juice,OSM
Once Upon a Flame,restaurant,12.9118525,77.6379087,,OSM
Subway,fast_food,12.9118171,77.6379135,sandwich,OSM
Samosa Party,fast_food,12.9118695,77.6379593,samosa,OSM
Gustom,restaurant,12.9113914,77.6378892,,OSM
California Burrito,restaurant,12.9105761,77.6379155,mexican,OSM
Donne Biryani House,restaurant,12.9092069,77.6383155,biryani;karnataka;regional;indian,OSM
Chinese Wok,restaurant,12.909461,77.6386269,chinese,OSM
Daily Sushi,restaurant,12.9094243,77.6386255,asian,OSM
Hebe's Cafe,cafe,12.9091843,77.6401913,,OSM
Chinese Wok,restaurant,12.9609687,77.7017563,chinese,OSM
Frozen Bottle,fast_food,12.9344223,77.6161086,ice_cream;juice,OSM
La Arabia,restaurant,12.933337,77.6226923,,OSM
What's In a Name,cafe,12.9338428,77.6197996,,OSM
Moplah's,restaurant,12.9334588,77.6210465,regional;indian,OSM
Basaveshwar Khanavali,restaurant,12.9334854,77.6210369,,OSM
Cafe Malabars,restaurant,12.9334799,77.621003,indian;regional,OSM
Tim Tai,restaurant,12.9336927,77.6224652,chinese;thai,OSM
Blue Tokai,cafe,12.9407577,77.6202069,,OSM
ner.lu,cafe,12.9851903,77.5806709,coffee_shop,OSM
German BrezelHaus,cafe,12.9824601,77.6384512,german,OSM
La Pino'z Pizza,restaurant,12.932216,77.6321306,,OSM
Namma Salem Kitchen,restaurant,12.9649312,77.718116,,OSM
Thalassery Restaurant,restaurant,12.9672941,77.7142023,,OSM
C.Kosila Kitchen,fast_food,12.9435297,77.628548,,OSM
Bilal Biryani House,fast_food,12.9511094,77.6226696,,OSM
Sree Durga Donne Biryani,fast_food,12.9512393,77.6223758,,OSM
Bajji Stall,fast_food,12.9509598,77.6231109,,OSM
Gayathri Chats and Paratha,fast_food,12.9420276,77.6280345,,OSM
Brindavan Andhra Style,restaurant,12.9513036,77.6229768,,OSM
Paradise Biryani,restaurant,12.9650534,77.7017054,regional,OSM
Hi Seoul,restaurant,13.0605339,77.5897128,korean,OSM
Davanagere Benne Dosa,restaurant,13.0619585,77.5878057,south Indian,OSM
Brahmin's Thatte Idli,restaurant,13.0637468,77.5853374,,OSM
Login2Eat.com,restaurant,12.9353206,77.6299347,,OSM
Dhaba Social,restaurant,12.9560556,77.7165947,,OSM
Orbis,restaurant,12.9649995,77.7172428,,OSM
Just Parathas,cafe,12.9658726,77.7141167,,OSM
Biggies Burgers,fast_food,12.9663769,77.7141151,burger,OSM
Juice Shop,fast_food,12.9506947,77.6235728,juice,OSM
Icy Spicy,fast_food,12.9506787,77.6236538,,OSM
Kentaky Restaurant,fast_food,12.9506075,77.6239137,,OSM
Bramble,restaurant,12.9169681,77.5792509,,OSM
Tealicious,cafe,13.0072927,77.5485065,,OSM
3 min,cafe,12.9899385,77.7279792,,OSM
Guntoor Mirchi,restaurant,12.9899286,77.7285916,,OSM
Noodle,restaurant,12.9898984,77.7284237,,OSM
Toscano,restaurant,12.9898124,77.7279481,,OSM
Barbeque Nation,restaurant,12.9897459,77.728506,barbecue,OSM
Vaibhav Biryani,fast_food,12.9986069,77.5503404,regional,OSM
Starbucks,cafe,12.9703055,77.6399193,coffee_shop,OSM
Chaayos,cafe,12.9872165,77.736433,tea,OSM
The Shawarma Makers,fast_food,12.9506216,77.623825,,OSM
Bajji Shop,fast_food,12.9506644,77.6242582,,OSM
Bajji Shop,fast_food,12.9506565,77.6242952,,OSM
The Persian Terrace,restaurant,13.0125364,77.5551228,persian,OSM
Krispy Kreme,fast_food,13.0116295,77.55532,donut,OSM
Theobroma,cafe,13.0114451,77.5548993,,OSM
Starbucks,cafe,13.0107148,77.5553119,coffee_shop,OSM
Smoor,cafe,13.011584,77.5548391,,OSM
Samosa Party,fast_food,13.0088908,77.5491321,regional,OSM
Cafe Terra,cafe,12.979878,77.6393583,,OSM
Bento Bento,restaurant,12.9779298,77.6364858,asian,OSM
Yo Colombo,restaurant,12.9778688,77.6363891,regional,OSM
Thyme & Whisk,restaurant,12.9161745,77.6730166,continental;italian;mexican;asian;indian,OSM
Cafe Rite,cafe,12.9164974,77.6679148,,OSM
Chat House,cafe,12.9139881,77.6667861,,OSM
Frozen Bottle,cafe,12.9139682,77.6667895,,OSM
Starbucks,cafe,12.9239689,77.6714984,coffee_shop,OSM
Andhra Vilas,restaurant,12.9142185,77.6449154,,OSM
Copper + Cloves,cafe,12.9778518,77.6370931,,OSM
Chulha Chauki Da Daba,restaurant,12.9098816,77.6858538,,OSM
Kitchens@,food_court,12.909114,77.6876839,,OSM
Dal Rotti Sabji,restaurant,12.9809864,77.6462097,indian,OSM
Kesar,restaurant,12.9106393,77.6855957,,OSM
Paratha Plaza,restaurant,12.9801188,77.6404801,indian,OSM
Karnataka State Police Officers' Mess,fast_food,12.9715246,77.6088542,,OSM
HumbleBean Coffee,cafe,12.969133,77.6358587,,OSM
Nammura Naati Mane,restaurant,13.0276122,77.5764397,regional,OSM
Theobroma,cafe,13.0276645,77.5762868,,OSM
Milano Pizza,fast_food,13.0278814,77.5750376,pizza,OSM
Applebee's,restaurant,13.0108103,77.555314,american,OSM
Pizza Hut,restaurant,12.9482393,77.6988082,pizza,OSM
Peepai Kitchen & Brewery,restaurant,13.0554338,77.5930008,,OSM
Alt Pizza,restaurant,12.9351115,77.6292155,pizza,OSM
Atta Galatta,cafe,12.9342205,77.617012,,OSM
Boho Rooftop restaurant and bar,restaurant,12.965899,77.7179157,,OSM
Chai Venue,fast_food,12.9828178,77.7487144,juice,OSM
TBC Sky Lounge,restaurant,12.9228942,77.651441,,OSM
Ganesh Juice Center,fast_food,12.9809983,77.6462098,sandwich;juice,OSM
The Noodle Theory,restaurant,12.9873323,77.5801221,,OSM
Domino's,fast_food,12.9870121,77.5802165,pizza,OSM
Kaapi Katte,fast_food,12.9899038,77.5725194,,OSM
Gopizza,fast_food,12.9196935,77.5838077,pizza,OSM
Cantan,restaurant,12.9706006,77.5975205,asian,OSM
Glen's Bakehouse,cafe,12.969789,77.5974038,,OSM
Kazé,restaurant,12.965343,77.5963108,asian,OSM
Kuuraku,restaurant,12.9727934,77.6067446,japanese,OSM
Now Boarding Cafe,cafe,12.9338482,77.5837728,,OSM
Coffee Metanoia,cafe,13.0554134,77.6429841,,OSM
Lassi Dhar,fast_food,12.9608617,77.7135387,juice;ice_cream,OSM
Domino's,fast_food,12.9642303,77.7125694,pizza,OSM
Sly Granny,restaurant,12.972689,77.6070189,,OSM
Dhaba - Estd 1986 Delhi,restaurant,12.9726603,77.6070088,regional,OSM
Cafe Delhi Heights,restaurant,12.9726792,77.6069572,regional,OSM
Foo,restaurant,12.9729385,77.6064043,asian,OSM
Burma Burma,restaurant,12.9730026,77.6061374,regional,OSM
T'ART Cafe,cafe,12.9727906,77.6066668,,OSM
Punjab Grill,restaurant,12.9729842,77.6064169,north_indian,OSM
Nando's,restaurant,12.97292,77.6064784,chicken;portuguese,OSM
Pathyam Paakam,restaurant,12.9236267,77.5936767,,OSM
Truffles,cafe,12.9714737,77.6008307,,OSM
Coconut Water,fast_food,12.968075,77.588971,,OSM
UDAY HUTS,restaurant,13.0770305,77.5922254,chinese;indian,OSM
La Pino'z Pizza,fast_food,12.9797947,77.7271044,pizza,OSM
Connectivitea,cafe,13.0028208,77.5502777,,OSM
Sri Krishna Vaibhava,fast_food,13.0029851,77.5500521,,OSM
Sugar Cane and Ice Cream,fast_food,13.0041233,77.552102,,OSM
Hokkaido,restaurant,12.9723622,77.637045,japanese;korean,OSM
Kentacy Chicken Corner,fast_food,12.9679568,77.5915472,chicken,OSM
Daily Sushi,restaurant,12.9698374,77.6385241,asian,OSM
Orbis Restaurant,restaurant,12.9845957,77.7491648,arab;indian,OSM
Thalassery Restaurant,restaurant,12.9843662,77.7498873,indian,OSM
Slay,cafe,12.9567838,77.7326183,coffee_shop,OSM
Hyderabadi Biryani,restaurant,12.9571764,77.7435018,,OSM
Orbis,restaurant,12.9582124,77.746742,,OSM
Empire Restaurant,restaurant,12.8831068,77.5486654,,OSM
Barbeque Nation,restaurant,12.8829353,77.5487865,,OSM
Adayar Ananda Bhavan (A2B),restaurant,12.8837021,77.5486217,regional;south_indian;north_indian;chinese,OSM
Swagat,restaurant,12.9894334,77.5540446,regional,OSM
Barbeque Nation,restaurant,12.9813757,77.5632861,,OSM
Starbucks,cafe,12.981177,77.563085,coffee_shop,OSM
One Night in Bangkok,restaurant,12.9722002,77.5963457,thai,OSM
Frozen Bottle,cafe,12.9706183,77.645414,,OSM
Chick Bun's,fast_food,12.9706988,77.6066552,,OSM
Misu,restaurant,12.9706449,77.6006598,asian,OSM
No. 10 Fort Cochin,restaurant,12.9706732,77.600667,fish;regional;seafood,OSM
The Konkan,restaurant,12.9759297,77.6018023,regional,OSM
Nandhini Deluxe,restaurant,12.971816,77.6008947,,OSM
SLAY Coffee,cafe,12.971403,77.6008156,,OSM
Jaisalmer,restaurant,12.9711129,77.6006185,regional,OSM
Blini Bistro,cafe,12.975061,77.6040322,,OSM
Indira Canteen,fast_food,12.9240463,77.6271871,south_indian,OSM
Nuage Pâtisserie & Café,cafe,12.9699596,77.6408261,,OSM
Lucky Chan,restaurant,12.9705144,77.6427915,sushi,OSM
Nasi and Mee,restaurant,12.9686723,77.6025993,asian,OSM
Playful Palette Bistro,cafe,12.981311,77.6405264,,OSM
Klaa Kitchen,restaurant,12.980355,77.6372601,,OSM
Snow Lion Tibet Kitchen,restaurant,13.0305507,77.569124,tapas,OSM
Lan Thai,restaurant,13.0292246,77.571546,thai,OSM
Popeyes,fast_food,13.0329849,77.5695384,chicken,OSM
Bombay Adda,restaurant,12.9364556,77.6162683,regional,OSM
Popeyes,fast_food,12.9362755,77.6156791,chicken,OSM
Popeyes,fast_food,13.0943149,77.5950327,chicken,OSM
Popeyes,fast_food,12.9077667,77.6012689,chicken,OSM
Popeyes,fast_food,12.9140256,77.6090446,chicken,OSM
Popeyes,fast_food,13.0239133,77.5926268,chicken,OSM
Popeyes,fast_food,13.0117276,77.5549217,chicken,OSM
Popeyes,fast_food,12.993112,77.5387922,chicken,OSM
Popeyes,fast_food,12.9611699,77.5272976,chicken,OSM
Popeyes,fast_food,13.0216515,77.6416723,chicken,OSM
Banoffee,cafe,12.9148942,77.6383685,,OSM
Pratidinam,restaurant,13.0013181,77.553043,,OSM
Savipriya Hindu Military Hotel,restaurant,13.0011678,77.5532246,,OSM
Domino's,fast_food,12.9952617,77.6663992,pizza,OSM
Balaji Bhavan,restaurant,13.0129536,77.7611963,,OSM
McCafé,cafe,13.0128808,77.7611536,coffee_shop,OSM
Udupi Cafe,restaurant,13.0153124,77.7619563,,OSM
SMVT Food Court,food_court,12.9997072,77.6408081,,OSM
Third Wave Coffee Roasters,cafe,12.9347397,77.6296212,coffee_shop,OSM
Krispy Kreme,fast_food,13.0836402,77.6433903,donut,OSM
Starbucks,cafe,13.0833981,77.6434803,coffee_shop,OSM
Pride Cafe,cafe,12.9732339,77.608862,,OSM
Chat Lane,fast_food,12.9559668,77.7176586,,OSM
Kolkata Biryani,restaurant,12.9559654,77.7177081,,OSM
Sri Udupi Veg,restaurant,12.9555945,77.7185117,indian;udupi,OSM
McDonald's,fast_food,12.9756648,77.697396,burger,OSM
Curries and PIckles,fast_food,12.9591478,77.7188467,,OSM
Nanda Food Center,fast_food,12.9605516,77.7169138,juice,OSM
Chai Venue,cafe,12.9604958,77.7172455,tea,OSM
New Indian Bakery Y,cafe,13.1040417,77.5712205,,OSM
Ali Bhaiya,fast_food,13.1038749,77.5716206,juice,OSM
Thalassery Restaurant,restaurant,13.1037864,77.5753327,,OSM
Stopover,fast_food,13.1012712,77.5717578,,OSM
Sri Brahmalingeshwara Juice Chaats & Condiments,cafe,13.0997586,77.5764915,,OSM
Five Star Chicken,fast_food,12.9508641,77.6999032,chicken,OSM
Kailash Parbat,restaurant,13.0078663,77.5799668,regional,OSM
The Bunt Kitchen,restaurant,12.9740758,77.5345027,regional;mangalorean,OSM
And It Was Called Yellow,restaurant,13.0637785,77.5906715,regional,OSM
Holige Mane,fast_food,13.0635574,77.5902577,regional,OSM
Sagar Veg,fast_food,13.0477093,77.644541,,OSM
Leon's,restaurant,12.9826494,77.7483836,,OSM
Hoysala Darshini (veg),restaurant,12.9245385,77.4850731,,OSM
Maayaa,restaurant,12.9859225,77.5877778,regional,OSM
LUPA,restaurant,12.9755984,77.6045793,roman;pizza;mexican;mediterranean,OSM
New BEL Road SOCIAL,restaurant,13.0368157,77.5659898,american,OSM
Nasi and Mee,restaurant,13.0945187,77.5949442,asian,OSM
Seta,restaurant,12.9484649,77.6454771,,OSM
Prequel,restaurant,13.0518169,77.5944722,,OSM
Indira Canteen,fast_food,13.0397397,77.5640747,regional,OSM
Frozen bottle,cafe,12.9591479,77.6568349,,OSM
Sharon Tea Stall,cafe,12.9545096,77.6527942,tea,OSM
Sharon Tea stall,cafe,12.9577341,77.6551766,tea,OSM
New Udipi Garden,restaurant,12.9567399,77.6536857,indian,OSM
Lama's Cafe,cafe,12.9125805,77.6522127,,OSM
Ice Treat Cafe,cafe,12.912647,77.6535082,,OSM
Domino's,fast_food,12.9791689,77.6952525,pizza,OSM
Maverick and Farmer Coffee,cafe,12.935354,77.6284155,,OSM
Paper & Pie,cafe,12.9663414,77.7333677,,OSM
Stop N Joy,fast_food,12.8601889,77.5422879,burger;regional,OSM
Hyderabad Chefs,restaurant,12.9760441,77.7268709,,OSM
De Grand,restaurant,13.0180125,77.6525441,,OSM
Desi Masala,restaurant,13.0178721,77.6521625,,OSM
Madouk Cafe,cafe,12.9553102,77.6486592,,OSM
Barista,cafe,13.0090515,77.5807017,coffee_shop,OSM
Third Wave Coffee Roasters,cafe,13.0083014,77.5798273,,OSM
Sri Ganesh Fruit Juice Center,fast_food,12.9704418,77.7069478,juice,OSM
Pluto Ice Creams & Sandwiches,cafe,12.9592199,77.7198491,ice_cream;sandwich,OSM
Aaha Bhojanam,restaurant,12.9657179,77.7186051,indian;chinese,OSM
Sashay Taproom Kitchen,restaurant,12.9760449,77.717983,,OSM
Harmakki Coffee Company,cafe,13.0085545,77.5635455,coffee_shop,OSM
Birbal Biryani,restaurant,12.8947657,77.6615988,indian;chinese;sandwich;american,OSM
Gopal Jee Cafe,cafe,12.8947279,77.6614484,indian,OSM
The Rameshwaram Cafe,fast_food,12.9065092,77.5905856,regional,OSM
The Rameshwaram Cafe,fast_food,13.0083537,77.5546789,south_indian,OSM
Sri Udupi Food Hub,restaurant,12.9664198,77.6371428,regional,OSM
Zwarma,fast_food,12.9674242,77.636501,,OSM
Cafe Muziris,cafe,12.9688696,77.6358915,,OSM
Barbeque Nation,restaurant,13.0983856,77.5732747,barbecue,OSM
KFC,fast_food,13.0984363,77.5734192,chicken,OSM
Subway,fast_food,13.0984813,77.573668,sandwich,OSM
Sri Balaji Restaurant,restaurant,12.9841434,77.7490802,,OSM
Lucky Chan,restaurant,13.0519109,77.5942844,sushi,OSM
Maffei Kitchen,restaurant,12.9351187,77.6226367,mediterranean,OSM
DYCE,restaurant,12.9235862,77.5814567,,OSM
Alchemy Coffee Roasters,cafe,12.9232698,77.5810327,indian,OSM
Chianti,restaurant,13.0553339,77.5940306,italian,OSM
Roxie,restaurant,12.9152962,77.6657814,,OSM
Fia's Lounge,restaurant,12.9658405,77.6028092,parsi,OSM
The Filter Coffee,restaurant,12.9716853,77.6470488,regional,OSM
The Filter Coffee,restaurant,13.0177551,77.6429169,regional,OSM
Nagarjuna,restaurant,12.9047312,77.6014844,indian,OSM
Empire,restaurant,12.8913045,77.5986655,indian,OSM
La Pino's Pizza,restaurant,12.9045574,77.704281,pizza,OSM
Bahuka,restaurant,12.9639227,77.7132592,indian,OSM
Bengaluru Bites,restaurant,13.0005508,77.6762035,indian,OSM
New Udupi Delicacy,restaurant,12.9800429,77.7270481,,OSM
Orzuv,restaurant,12.962909,77.7477379,kashmiri,OSM
Kundana,restaurant,12.9597192,77.7029037,,OSM
Farmhouse Social,restaurant,13.0510256,77.7487476,,OSM
Amdo's Corner,restaurant,12.958211,77.6152351,tibetan,OSM
Smoke House Deli,restaurant,12.9896504,77.7281857,italian,OSM
Dunk'd,cafe,12.9014685,77.6504016,,OSM
Dunk'd,cafe,12.9683018,77.651787,,OSM
Yauatcha,restaurant,12.9732928,77.6203649,cantonese,OSM
IDC,fast_food,12.9642935,77.6399182,regional,OSM
Terra Bites,restaurant,12.9342717,77.6167694,,OSM
Malgudi Mylari Mane,restaurant,12.9374388,77.6176518,regional,OSM
Panditji - Ras Bana Rahe,restaurant,12.9721558,77.6421739,regional,OSM
154 Breakfast Club,restaurant,12.933281,77.6270744,american,OSM
IDC,fast_food,12.9337097,77.6156616,regional,OSM
Sendhoor Coffee,restaurant,12.9370153,77.6202241,regional,OSM
The Tea Toast Co.,cafe,12.9333868,77.6223524,,OSM
Domino's,fast_food,13.0568676,77.6328814,regional,OSM
Thalassery Restaurant,restaurant,13.0641051,77.6491168,regional,OSM
Athutheeram,restaurant,13.0651607,77.6458982,regional,OSM
New Krishna Sagar,restaurant,13.067908,77.6324992,regional,OSM
KFC,fast_food,13.0678283,77.6303883,chicken,OSM
Pinch of Pepper,restaurant,13.0679158,77.6299082,regional,OSM
Suruchi Veg,restaurant,13.068829,77.6275063,regional,OSM
Domino's,fast_food,13.0725691,77.6024289,pizza,OSM
O'ver Coffee,cafe,12.974959,77.599563,,OSM
Pizzaa Chef,fast_food,13.0249501,77.6400286,pizza,OSM
Megdooth Biryanis,restaurant,13.0221327,77.6472405,,OSM
Nimma Local,cafe,13.0219409,77.6477666,,OSM
Kailash Parabat,restaurant,13.0241762,77.6397077,,OSM
Food Heaven,restaurant,13.0239384,77.6399604,,OSM
Chaayos,cafe,13.0218548,77.6396997,tea,OSM
Third Wave Coffee,cafe,13.0218029,77.639821,coffee_shop,OSM
The Pizza Bakery,restaurant,13.0230512,77.6394769,pizza,OSM
Bamboos,restaurant,13.0229883,77.6394968,,OSM
The Coffee Room,cafe,13.0228447,77.6393593,,OSM
Chaayos,cafe,12.9814845,77.6963328,tea,OSM
Chupa Rustam,restaurant,12.9694276,77.683007,indian,OSM
Bahuka,restaurant,12.9759941,77.726773,,OSM
Kaati Rolls,fast_food,12.988439,77.534555,,OSM
Sirimane,restaurant,12.9884468,77.5346227,multicuisine,OSM
Taste of Coast,restaurant,13.0362055,77.5747083,chinese;indian,OSM
Sri Ganesh Darshini,fast_food,13.030552,77.5777929,,OSM
Karims,restaurant,12.9721868,77.6008731,,OSM
MAP Cafe,cafe,12.9746415,77.5967427,,OSM
The Liquid Fruit,fast_food,12.9630052,77.7131416,juice,OSM
Belgian Waffles,fast_food,12.9641632,77.7143291,,OSM
Varalakshmi Tiffins,restaurant,12.9641246,77.7140716,,OSM
The Taste Of Rajasthan,fast_food,12.9653713,77.7142497,,OSM
Jawari Roti Mane,fast_food,12.9592212,77.7182084,,OSM
La Bonita Confiteria,cafe,12.9870949,77.5957107,,OSM
Rasotsav,restaurant,12.8877982,77.5627778,,OSM
The Kind Roastery and Brewroom,cafe,12.9105942,77.5896147,coffee_shop,OSM
Magnolia Bakery,cafe,12.8886906,77.5634793,,OSM
Glen's Bakehouse,cafe,13.0227055,77.6435679,,OSM
Chitra Hotel,food_court,13.0685272,77.5783963,,OSM
Taco Bell,fast_food,12.9976424,77.6964763,tex-mex,OSM
Subway,fast_food,12.9977308,77.6968948,sandwich,OSM
Gopizza,fast_food,12.9977909,77.6968282,pizza,OSM
Mad Over Donuts,fast_food,12.9974899,77.6967744,donut,OSM
Third Wave Coffee Roasters,cafe,12.9971943,77.6968291,coffee_shop,OSM
Blue Tokai Coffee Roasters,cafe,12.9960944,77.6953909,coffee_shop,OSM
Orbis Restaurant,restaurant,12.9582606,77.7467035,,OSM
Flavours,fast_food,12.9610719,77.7198011,,OSM
Empire,restaurant,12.9601121,77.7161352,indian,OSM
Bombay Kulfi and Rabdi,fast_food,12.9172445,77.5859816,,OSM
Dindigul Thalappakatti,restaurant,12.9168615,77.5856531,regional,OSM
ARLO'S,fast_food,12.9195863,77.6508924,burger,OSM
Starbucks,cafe,12.9871562,77.736278,coffee_shop,OSM
Burger King,fast_food,12.9871841,77.736697,burger,OSM
McDonald's,fast_food,12.9871722,77.7359041,burger,OSM
Hard Rock Cafe,restaurant,12.9869481,77.7360774,american,OSM
Öz by Kebapçi,restaurant,12.9716094,77.5960305,turkish,OSM
Pan Platters,restaurant,12.859147,77.5421747,,OSM
Bangarpet Chats,fast_food,12.8919852,77.5802555,,OSM
SLV Food Joint,fast_food,13.024185,77.6334554,,OSM
Chai Stories,cafe,12.9556428,77.7154894,,OSM
Cariappa Curry Company,restaurant,13.0045271,77.5533373,regional,OSM
Venkatam Cafe,fast_food,13.0439675,77.6010563,,OSM
Klava,cafe,12.9727456,77.6067858,turkish,OSM
Amiel Gourmet,restaurant,13.0601937,77.5813253,french,OSM
ner.lu,cafe,12.96343,77.6410807,,OSM
Pasta Street,restaurant,12.9328588,77.6309864,pasta,OSM
bub lee,cafe,13.0333141,77.568959,,OSM
My La Pure,restaurant,13.0057338,77.5788406,,OSM
Hebbal Social,restaurant,13.055451,77.5940239,american,OSM
Gopizza,fast_food,13.084032,77.6439562,pizza,OSM
Gopizza,fast_food,12.9702072,77.6100129,pizza,OSM
Gopizza,fast_food,13.0117759,77.555379,pizza,OSM
Subway,fast_food,12.9403965,77.5254154,sandwich,OSM
Burger King,fast_food,12.9401822,77.5253256,burger,OSM
Pizza Hut,restaurant,12.9402744,77.5253631,pizza,OSM
Retro chinese cuisine,restaurant,12.9535497,77.652907,chinese;japanese;asian,OSM
Mayura Grand,restaurant,12.9652018,77.7181153,,OSM
Akshatha Nati Style,restaurant,12.9651352,77.7181073,,OSM
Hindustan Petroleum,restaurant,13.1296016,77.5718933,,OSM
Chatkaara,fast_food,13.1284262,77.5725129,,OSM
Indira Canteen,fast_food,12.9958745,77.6213506,south_indian,OSM
Urban Solace,cafe,12.9850531,77.6182955,american,OSM
Koriken,fast_food,13.00174,77.6236628,korean,OSM
Gopizza,fast_food,12.8883669,77.5637072,pizza,OSM
Punjab Grill,restaurant,12.8882388,77.5634819,,OSM
You Mee,restaurant,12.8880845,77.5633371,japanese,OSM
Rangoli Kitchen,restaurant,13.0663665,77.6114036,regional,OSM
Unknown,fast_food,13.0014092,77.6236049,juice,OSM
Shambhu's Cafe,cafe,12.9727798,77.6408925,,OSM
Cafe Hug,cafe,13.0050579,77.623362,,OSM
Five Star Chicken,fast_food,13.0039947,77.6229271,chicken,OSM
Olive Cafe,cafe,13.0036865,77.6225968,,OSM
Onesta,fast_food,12.9857353,77.6941481,pizza,OSM
Chaayos,cafe,12.9858369,77.6939845,tea,OSM
Conçu,cafe,12.9698139,77.6379119,,OSM
Nomad Pizza,restaurant,12.9704318,77.6434584,pizza,OSM
Sai Sogadu,restaurant,13.0002965,77.5500266,regional,OSM
Canopy Restaurant,restaurant,12.9744578,77.6099425,regional,OSM
Biggies Burger,fast_food,12.9757164,77.6028842,burger,OSM
Daily Sushi,restaurant,12.9759634,77.6026133,asian,OSM
The Caffeine Baar,cafe,12.9757608,77.6024073,coffee_shop,OSM
Suryawanshi,restaurant,12.975504,77.6019172,regional,OSM
Paragon,restaurant,12.9752499,77.6023564,regional,OSM
Cafe A Paris,restaurant,12.9378285,77.6177291,,OSM
Tea Time,cafe,12.9996279,77.488847,tea_shop;coffee_shop;pizza;burger;sandwich;veg_rolls,OSM
Chez Kina,cafe,13.0048779,77.6171409,,OSM
Chulha Chauki da Dhaba,restaurant,12.9100045,77.6856324,,OSM
Chili's,restaurant,12.9817102,77.5636162,tex-mex,OSM
Biryani Blues,restaurant,12.9139024,77.6383224,,OSM
Beanlore,cafe,12.9123548,77.6417639,coffee_shop,OSM
Taco Bell,fast_food,12.9123847,77.6413723,tex-mex,OSM
Starbucks,cafe,12.9886447,77.5940005,coffee_shop,OSM
Chaayos,cafe,12.9885799,77.594038,tea,OSM
Cafe Coffee Day,cafe,13.0159517,77.5622687,coffee_shop,OSM
Glen's Bakehouse,cafe,12.9120817,77.6482942,,OSM
Fresh Cane Juice,fast_food,12.9053754,77.64933,juice,OSM
Sai Ram Hot Chips,fast_food,12.9139796,77.649146,,OSM
Kolkata Famous Kati Roll,restaurant,12.9136695,77.6516824,,OSM
HSR Fresh Cane Juice,fast_food,12.9122001,77.6489032,juice,OSM
Sri Balaji Sweets,restaurant,12.9134457,77.6519727,,OSM
Nagashree Juice,fast_food,12.9137655,77.6489844,juice,OSM
Shree Muthahalli Veg,restaurant,12.9148413,77.6446256,indian,OSM
Suku,restaurant,12.9038504,77.6490166,sushi,OSM
Chef Pillai,restaurant,12.9706973,77.6071349,regional,OSM
Red Box,restaurant,12.9564551,77.709996,,OSM
Tirupathi Bhimas,restaurant,12.9564788,77.7100837,indian,OSM
Narmada,restaurant,12.948416,77.6995832,,OSM
Dindigul Thalappakatti,restaurant,12.9481479,77.6994712,,OSM
Gismat Jail Mandi,restaurant,12.9480099,77.6994392,,OSM
The Doner Company,restaurant,12.9346233,77.62302,,OSM
De Shack,restaurant,12.9345149,77.6232464,,OSM
Shyamji's Chole Bature,restaurant,12.9354458,77.6212553,,OSM
Chaska Bun,restaurant,12.9358867,77.6214265,,OSM
Fresh Pressery,cafe,12.9356285,77.6210394,,OSM
Churoland,restaurant,12.9337599,77.6188292,,OSM
The Chatpata Affair,fast_food,12.9338788,77.6175708,,OSM
Jalandhar Sweets,cafe,12.9341198,77.6169953,,OSM
Marcopolo,restaurant,12.9340007,77.6155974,,OSM
La Pino'z Pizza,fast_food,13.0061245,77.5647023,pizza,OSM
PizzaExpress,restaurant,12.9337796,77.6214948,pizza,OSM
Fermentation Stories,fast_food,12.9334333,77.6216543,pizza,OSM
Cafe Lazy Lad,cafe,13.0002181,77.6257065,,OSM
Big Guys: Wings & More,fast_food,12.995212,77.6141958,burger;wings;chicken,OSM
Green Onion,restaurant,12.994573,77.6156616,chinese,OSM
Shankar Bhel House,fast_food,12.9949755,77.6162276,regional,OSM
Kim Lee Restaurant,restaurant,12.9847002,77.5536101,,OSM
Sicilia Point,restaurant,12.9857652,77.55176,,OSM
Brahmin's,fast_food,12.9695839,77.6063302,regional,OSM
Cumulus,restaurant,12.9744846,77.5967949,,OSM
The Fry Shack,fast_food,12.9652669,77.7136731,,OSM
Flechazo,restaurant,12.9744148,77.6973898,mediterranean,OSM
Gowdru Rajanna Hotel,restaurant,12.9774464,77.6965554,,OSM
Tea Villa Cafe Jayanagar,cafe,12.9275794,77.5808948,,OSM
Macaw by Stories,restaurant,12.8844763,77.643342,,OSM
Nomad Pizza,restaurant,13.0299497,77.5784688,pizza,OSM
Papa Pho,restaurant,13.0345161,77.5680296,asian,OSM
Glen's Bakehouse,cafe,13.0627726,77.5872356,,OSM
Glen's Bakehouse,cafe,12.9899954,77.5372124,,OSM
Glen's Bakehouse,cafe,13.0223754,77.643519,,OSM
Glen's Bakehouse,cafe,12.8858555,77.5964691,,OSM
Glen's Bakehouse,cafe,12.937942,77.6262087,,OSM
Glen's Bakehouse,cafe,12.9174347,77.5834483,,OSM
Durga shree Samruddhi Grand,restaurant,13.0356097,77.6096075,indian,OSM
Mad Eats,fast_food,13.0272269,77.6066805,,OSM
Sri Udupi Grand,restaurant,13.0219401,77.6026255,,OSM
Chintu Chit Chat Centre Bangarapet Pani Puri,fast_food,13.026009,77.6016293,,OSM
Cafe Coffee Day,cafe,13.0282096,77.5863039,coffee_shop,OSM
The World Cafe,cafe,13.0120438,77.5564921,,OSM
Pishon Pizza,fast_food,12.9740116,77.6450935,pizza,OSM
The Big Barbeque,restaurant,12.9485747,77.6986371,barbecue,OSM
The Big Barbeque,restaurant,12.8391847,77.6507114,barbecue,OSM
The Big Barbeque,restaurant,12.8818799,77.5957811,barbecue,OSM
Haldiram's,fast_food,13.0554613,77.7635837,regional,OSM
KFC,fast_food,13.0011838,77.6325676,chicken,OSM
Hong Kong Chinese Restaurant,restaurant,12.9696889,77.6325273,chinese,OSM
Domino's,fast_food,12.9686442,77.6291495,pizza,OSM
Café coffee day,cafe,12.9755415,77.6412501,,OSM
The Delhi Ritual,restaurant,13.0023309,77.5526894,regional,OSM
Spettacolare,restaurant,12.9798186,77.6367736,italian,OSM
Sri Manjunatha Tiffin Centre,fast_food,13.0056129,77.6236747,,OSM
Inderjeet Layout,fast_food,13.0170032,77.6043782,regional,OSM
Indira Canteen,fast_food,13.0110602,77.6133335,regional,OSM
Kabab Souq,restaurant,12.9785893,77.6754889,shawarma;rolls;biriyani,OSM
Kannan Cafe,restaurant,12.9789613,77.6754519,south_indian;dosa;idly;regional,OSM
Kyba,restaurant,13.0600654,77.592715,,OSM
Subway,fast_food,12.9326464,77.6135955,sandwich,OSM
Spiceguard,restaurant,12.9326637,77.6139282,,OSM
Vyana World Cuisine,restaurant,12.9100271,77.5953771,,OSM
Taco Bell,fast_food,12.9141742,77.5995886,tex-mex,OSM
Unknown,fast_food,13.0046355,77.6268142,,OSM
Dose Mane,fast_food,13.008259,77.5549659,regional,OSM
Ayodhya aahar,restaurant,13.0271928,77.5767475,,OSM
Sri Ranganatha Military Hotel,restaurant,12.9578846,77.5694661,,OSM
Tiffin Services,fast_food,12.9511489,77.5652571,indian,OSM
2 Half Coffee,cafe,12.9581135,77.5684411,coffee_shop,OSM
Vasu Donne Biryani,restaurant,12.9589489,77.5683821,,OSM
Bharathi Refreshments,restaurant,12.9603952,77.5691466,,OSM
Haldiram's,fast_food,12.9480492,77.5697053,indian,OSM
Sri Sai Vasavi Tiffin Centre,fast_food,12.9571591,77.571976,regional,OSM
Udipi Aatithya,restaurant,12.9570712,77.5703413,regional,OSM
Sri Sai Cafe,restaurant,12.9588384,77.5660035,indian,OSM
Sri Venkateshwara Hot Chips,fast_food,12.9585492,77.5620042,,OSM
Bhavani Juice and Chats,fast_food,12.9587215,77.5621584,juice,OSM
Udupi Coffee Time,restaurant,12.9587166,77.5619858,indian,OSM
Cafe Coffee Day,cafe,13.0079648,77.5562786,coffee_shop,OSM
Cafe Noir,restaurant,13.011491,77.555324,french,OSM
Burger King,fast_food,13.0112846,77.5553159,burger,OSM
Chili's,restaurant,13.0111147,77.5553159,tex-mex,OSM
Khmer Kitchen,restaurant,12.9065319,77.5866397,asian,OSM
Chat Bandi,restaurant,12.9219032,77.5849758,,OSM
Eat First,restaurant,12.9216145,77.5846609,,OSM
Kapoor's Chaat Bhandaar,fast_food,12.9608263,77.7161067,,OSM
Indoori Junction,fast_food,12.960682,77.7155172,,OSM
Namma MTR,restaurant,13.0011015,77.5718209,,OSM
Basaveshwara Khanavali,restaurant,12.9993936,77.5722501,,OSM
Paakashaala,restaurant,13.0055391,77.5713515,indian,OSM
PizzaExpress,restaurant,13.0109277,77.5553082,pizza,OSM
Brahmins thindis,fast_food,13.0349878,77.575524,indian,OSM
Check Post,restaurant,12.9107075,77.5992431,indian;seafood,OSM
Danapani,restaurant,12.8872931,77.5821444,,OSM
Shades of Coffee,cafe,12.9094275,77.6393304,coffee_shop,OSM
Barbeque Nation,restaurant,13.0552622,77.5941685,barbecue,OSM
Puliyogre Point,restaurant,12.9588803,77.7196135,,OSM
Mani's Dum Biryani,restaurant,13.058685,77.5924599,,OSM
Malwan Tadka,restaurant,13.0586149,77.5926095,,OSM
By2Coffee,fast_food,12.9983957,77.5695335,indian,OSM
Thenga Manga,restaurant,12.9706241,77.6072636,regional,OSM
Starbucks,cafe,12.972545,77.6073523,coffee_shop,OSM
Boba Tree,cafe,12.9857351,77.5877616,,OSM
Misu,restaurant,12.9856786,77.587802,asian,OSM
Sri Raghavendra Upachara,fast_food,12.9938464,77.5735818,regional,OSM
Qube Cafe,cafe,12.9748074,77.6062759,,OSM
Subway,fast_food,12.9754322,77.6022518,sandwich,OSM
The Doner Company,fast_food,12.9754546,77.6021473,turkish,OSM
Rolls Mania,fast_food,12.9754747,77.602054,,OSM
The Crepe Cafe,fast_food,12.9754905,77.6019804,crepe,OSM
Teju Fry'd,fast_food,12.975444,77.6021969,,OSM
Tadka Singh,restaurant,12.9754649,77.6020993,punjabi,OSM
Shenzhen Kitchen,restaurant,12.9754819,77.6020203,chinese,OSM
Roomali,restaurant,12.975208,77.6031826,persian,OSM
Biryani by kilo,restaurant,12.9772183,77.724899,,OSM
Essotto,restaurant,12.9769205,77.7261425,,OSM
Brik Oven,restaurant,12.9772525,77.7249005,pizza,OSM
Oye Lassi,fast_food,12.9445615,77.5680082,juice,OSM
Iyengars Inn,restaurant,12.944634,77.5680511,south_indian,OSM
Subway,fast_food,12.944719,77.5680591,sandwich,OSM
Juice Junction,cafe,12.9433205,77.5677668,,OSM
Lalbagh Grand,restaurant,12.9475467,77.5797314,indian,OSM
Ladoos,fast_food,12.9514073,77.7155749,indian,OSM
Bandipura Donne Biriyaani,restaurant,13.014037,77.6423838,,OSM
Donne Biriyani Aramane,restaurant,13.0629587,77.5919622,,OSM
Mojo Pizza,fast_food,13.0629032,77.5919506,pizza,OSM
Box8,restaurant,13.0628837,77.5920111,,OSM
Sangeetha Restaurant,fast_food,13.0632511,77.5910266,,OSM
Sree Ganesha Fruits,fast_food,13.0635219,77.5904076,juice,OSM
McDonald's,fast_food,13.0636455,77.5895433,burger,OSM
Bangarpet Chats,fast_food,13.063619,77.5877547,,OSM
Sree Ganesh Fruit Juice Centre,fast_food,13.063619,77.5877168,juice,OSM
Lassi Shop,fast_food,13.0636267,77.5876478,juice,OSM
Restaurant 1179,restaurant,13.063843,77.5881151,,OSM
Pizza Hut,restaurant,13.0636761,77.5907629,pizza,OSM
Shiva's kabab corner,fast_food,13.0630734,77.5921547,kebab,OSM
hyderabad bawarchi Multi Cuisine Restaurant,restaurant,13.0630591,77.5922004,,OSM
Red Rhino,restaurant,13.0247887,77.7613431,international,OSM
Starbucks,cafe,13.024675,77.7613485,coffee_shop,OSM
Third Wave Coffee Roasters,cafe,13.0415009,77.6196219,coffee_shop,OSM
Toscano,restaurant,13.0415139,77.6194583,italian,OSM
K Block Cafeteria,food_court,12.928063,77.6923719,,OSM
D Block Cafeteria,food_court,12.9274655,77.6921904,,OSM
Napoli,cafe,12.912674,77.6524696,,OSM
Yes Sir,cafe,12.9131129,77.6536565,,OSM
Toping Twist,cafe,12.9130612,77.6536558,,OSM
Coffee Makers,cafe,12.9036184,77.6486952,snacks;tea;juice,OSM
Coffee Brewery,cafe,12.9258445,77.66963,coffee_shop,OSM
Hotel Gowdru,restaurant,12.9739972,77.6358989,,OSM
Sendhoor,restaurant,12.9517147,77.6993842,,OSM
Backyard Burgers and Grill,restaurant,12.9748436,77.6412512,,OSM
Domino's,fast_food,12.9129158,77.6322984,pizza,OSM
Atthemane Restaurants,restaurant,12.9139562,77.6322007,,OSM
Curries N Fries,restaurant,12.9144911,77.6329266,,OSM
Tawa Ghar Ka,restaurant,12.9152666,77.6321844,,OSM
Copper Kitchen,restaurant,12.9149523,77.6321974,,OSM
Lassi n Snacks,fast_food,12.9174466,77.6317974,juice,OSM
Slurp it Soup Store,fast_food,12.9179914,77.6319292,,OSM
Vijaya Lakshmi,restaurant,13.000978,77.5692398,,OSM
Absolute Barbeque,restaurant,12.9346348,77.6158725,,OSM
Star Briyani,restaurant,12.9346423,77.6159362,,OSM
Babai Tiffins HSR High Street,restaurant,12.912748,77.635114,,OSM
Quickbites,restaurant,12.9127939,77.6351149,,OSM
Mr. Shawarma & Miss Grills,restaurant,12.9127707,77.6351127,,OSM
Raghavendra Tiffins,restaurant,12.912755,77.6353859,,OSM
Teatings,cafe,12.9130125,77.6354074,,OSM
Aromas of Biryani,restaurant,12.9133576,77.635162,indian,OSM
Anands Kitchen,restaurant,12.9086561,77.6445904,,OSM
Juicy Fresh,fast_food,12.9127423,77.6353557,juice,OSM
Litti Chokha corner,fast_food,12.9128393,77.6353626,,OSM
Fruit Bae,restaurant,12.9108215,77.6379404,,OSM
Paakshala,restaurant,12.9670134,77.641294,,OSM
WoW China,fast_food,12.9801839,77.6464793,,OSM
McDonald's,fast_food,12.9158497,77.6102464,burger,OSM
Vijay Sagar Grand,restaurant,13.0139285,77.490114,,OSM
Sree Sagar Veg,restaurant,13.0141711,77.4935416,,OSM
Restaurant,restaurant,13.0142187,77.4929369,,OSM
Ssura,restaurant,12.9398026,77.625213,,OSM
Isobel,cafe,12.9395026,77.5846124,,OSM
Ferrara,restaurant,12.936282,77.6225938,italian,OSM
Coffeetales,cafe,12.9120591,77.6479631,,OSM
Blue Tokai Coffee Roasters,cafe,12.9223701,77.5845985,,OSM
Avocados and Brownies,cafe,12.935039,77.6161015,,OSM
ZEST,restaurant,12.9747264,77.5994101,,OSM
Light of Italy,restaurant,12.9160112,77.6511084,italian;mexican,OSM
The Verandah,restaurant,12.9291597,77.6273802,,OSM
Societe Rangoon,restaurant,12.9067066,77.5896865,burmese,OSM
Europa 360,restaurant,12.9502816,77.6989871,,OSM
Indira Canteen,fast_food,12.9364245,77.5349405,south_indian,OSM
Indira Canteen,fast_food,12.9794977,77.5167002,regional,OSM
Unknown,fast_food,12.9415978,77.5317487,,OSM
Nebula,cafe,13.011807,77.5569139,,OSM
Krishna Vaibhava,fast_food,12.916427,77.605636,,OSM
SLV Juice & Chats,fast_food,12.9165053,77.602323,,OSM
Neena's Steakhouse and Burgers,cafe,12.9165053,77.6020816,,OSM
Ambur Star Dum Biryani,fast_food,12.9166007,77.5963256,,OSM
Biryani Mane,restaurant,12.9166682,77.5930319,,OSM
Shakes n Bites,fast_food,12.9980764,77.5817987,,OSM
Shreeyas Bar and Restaurant,restaurant,13.0188266,77.5580652,,OSM
Vaishanavi Vaibhava,fast_food,12.9851158,77.6675168,,OSM
Shraddha Cafe,fast_food,12.9857293,77.644488,,OSM
Big Bang Pizza,restaurant,12.9946253,77.6150139,pizza,OSM
The Real Grill,fast_food,12.9953603,77.6143876,,OSM
Pooja Veg,fast_food,12.9955651,77.6140778,,OSM
La Pino'z Pizza,fast_food,12.997668,77.6100726,pizza,OSM
Domino's,fast_food,12.9543092,77.7175737,pizza,OSM
Costa,cafe,12.9806797,77.5635843,coffee_shop,OSM
Chai Point,cafe,12.9812823,77.5637362,coffee_shop,OSM
Qmin,cafe,12.9818723,77.5637939,,OSM
Brahmalingeshwara Juice & Condiments,fast_food,12.9144755,77.6121745,juice,OSM
Biggies Burger,fast_food,12.9137332,77.6058898,burger,OSM
Big Baadshaah,restaurant,12.9485693,77.6985592,,OSM
Roti Wala,restaurant,12.9136069,77.6040059,indian,OSM
Third Wave Coffee,cafe,12.9136855,77.6051806,,OSM
Sizzling Spices,restaurant,13.02338,77.7611383,american;asian;burger;indian,OSM
La Pino'z Pizza,restaurant,12.9137938,77.6090636,pizza,OSM
Juice & Sandwich Center,fast_food,12.9128391,77.610165,juice,OSM
Kullad Cafe,cafe,12.9126429,77.6099166,,OSM
Olive Street Food Cafe,cafe,12.9139319,77.6104393,,OSM
Southern Bhavan,fast_food,12.9774301,77.569436,,OSM
Food Track,restaurant,12.9773889,77.5694124,,OSM
Kimchi,restaurant,12.9061135,77.5934146,korean,OSM
Sattvam,restaurant,12.906084,77.586789,sattvic,OSM
Frozen Bottle,fast_food,12.9065473,77.5896937,shakes,OSM
Sahukar Chai,cafe,12.9065122,77.5904379,tea,OSM
SLV Refreshments,fast_food,12.9064635,77.5901354,regional,OSM
Jayanagara Donne Biryani,restaurant,12.9065647,77.5904576,,OSM
Peek-a-Boo,restaurant,12.9061295,77.5884337,,OSM
Yuki,restaurant,12.9060555,77.5898068,asian,OSM
154 Breakfast Club,restaurant,12.9065628,77.5925599,,OSM
Paris Panini,restaurant,12.9064935,77.5917984,sandwich,OSM
The Pizza Bakery,restaurant,12.9065116,77.5917977,pizza,OSM
Subway,fast_food,12.9811091,77.563085,sandwich,OSM
Pizza Hut,restaurant,12.9810019,77.5630863,pizza,OSM
Naga's,fast_food,12.9808974,77.5630943,,OSM
McDonald's,fast_food,12.9807915,77.5631037,burger,OSM
KFC,fast_food,12.980683,77.5631681,chicken,OSM
Domino's,fast_food,12.9806791,77.5632673,pizza,OSM
Taco Bell,fast_food,12.9806804,77.5633706,tex-mex,OSM
Punjab Grill,restaurant,12.9817167,77.5637005,north_indian,OSM
Popeyes,fast_food,12.9811313,77.5637347,chicken,OSM
My Affair with food,fast_food,12.9068979,77.6441698,,OSM
Welcome Upahara,fast_food,12.9149556,77.5949412,,OSM
Hoy Punjab,restaurant,12.9364799,77.6168107,,OSM
Biryani Blues,fast_food,12.9360921,77.6155067,,OSM
Babylonia,restaurant,12.9363255,77.6158017,,OSM
Murugan Cafe,cafe,12.9540945,77.5913153,,OSM
KFC,fast_food,12.9566336,77.5922681,chicken,OSM
Sri Vishnu Bhavan,restaurant,12.9550118,77.5925388,,OSM
Temple Meals,restaurant,12.9984291,77.5695374,,OSM
Millenials,restaurant,12.9070559,77.6003303,,OSM
Pizza Hut,restaurant,12.9060834,77.5953108,pizza,OSM
Wood and Brixx Pizza,restaurant,12.9059837,77.596215,pizza,OSM
PotFul,fast_food,12.9060271,77.5957624,biryani,OSM
Crumb Together,restaurant,12.9070463,77.6002896,,OSM
Saanvi Sagar,fast_food,12.9065152,77.5984826,,OSM
Coastrica Bar & Rest,fast_food,12.9554251,77.5800148,,OSM
Blue Tokai Coffee Roasters,cafe,12.906721,77.5992833,coffee_shop,OSM
Saiko,restaurant,12.9062801,77.597683,japanese,OSM
Puneri Katta,cafe,12.9134212,77.6083447,indian,OSM
Ambur Hot Dum Biryani,fast_food,12.9840471,77.7084168,,OSM
KFC,fast_food,12.9403206,77.5253838,chicken,OSM
MBA Chatwaala,fast_food,12.9404349,77.5254297,,OSM
Shivsagar Restaurant,fast_food,12.9402277,77.5253419,south_indian;indian,OSM
Wow! Momo,fast_food,12.9404593,77.5253435,momo,OSM
Charminar,fast_food,12.9403644,77.5253986,indian,OSM
Squeez juice bar,fast_food,12.9401567,77.5252131,juice,OSM
Jai Maruti 99 Variety Dosa,restaurant,12.8782186,77.6381148,,OSM
Dwarka Bhavan,restaurant,12.8773579,77.6389209,,OSM
Basil Bistro,restaurant,12.9155123,77.6489119,,OSM
Miss Misal,restaurant,12.9153968,77.6491631,,OSM
Empark Restaurant,restaurant,12.9455956,77.5952641,indian;chinese;tibetan;regional;kebab;chicken,OSM
Arogya Ahaara,restaurant,12.9108057,77.5821293,,OSM
Bendakaluru Donne Briyani,restaurant,12.9067877,77.5858782,,OSM
Dosa Kuteera,restaurant,12.8889281,77.6259852,,OSM
Paradise Biryani,restaurant,12.9103011,77.5858865,,OSM
Cafe Coffee Day,cafe,12.9122347,77.5855628,coffee_shop,OSM
Eagle Bar & Restaurant,restaurant,12.9061552,77.5903307,,OSM
Aata Oota Maathu,restaurant,12.910476,77.5822027,,OSM
Third Wave Coffee,cafe,12.9061058,77.5876799,,OSM
1947,restaurant,12.9061033,77.5866031,,OSM
Casa Piccosa,restaurant,12.9060616,77.5855244,,OSM
NI YU,restaurant,12.9065673,77.5864076,asian,OSM
Benki Coffee,cafe,12.9103136,77.5875758,coffee_shop,OSM
Baba Punjabi,restaurant,12.9105758,77.5880187,,OSM
Indira Canteen,fast_food,12.9072425,77.5787712,south_indian,OSM
The Cane Joint,fast_food,12.9675719,77.5746436,juice,OSM
Bhavani Juice Center,fast_food,12.9697214,77.5757325,juice,OSM
Hotel Raghavendra Prasanna,restaurant,12.9690078,77.5750942,,OSM
Kadamba Veg,restaurant,12.9765433,77.5717628,,OSM
Third Wave Coffee,cafe,13.0704482,77.5909618,,OSM
Chaayos,cafe,13.0704391,77.5911308,tea,OSM
Perch,cafe,13.0709878,77.5908934,,OSM
Tim Hortons,cafe,13.0705632,77.5906654,coffee_shop,OSM
Starbucks,cafe,13.0710204,77.5907325,coffee_shop,OSM
Brahma Brews,restaurant,12.8932346,77.5864718,barbecue;burger;chinese;curry;deli;friture;indian,OSM
Nagas,fast_food,13.0709244,77.5912099,,OSM
Wow! Momo,fast_food,13.0709035,77.5912837,momo,OSM
Keventers,fast_food,13.0706821,77.5911798,,OSM
Shiv Sagar,fast_food,13.0708963,77.5913313,,OSM
Subway,fast_food,13.0707075,77.5911127,sandwich,OSM
Popeyes,fast_food,13.070411,77.5911362,chicken,OSM
Pizza Hut,restaurant,13.0704489,77.591047,pizza,OSM
Burger King,fast_food,13.0704704,77.5909793,burger,OSM
Chili's,restaurant,13.0704913,77.5908566,tex-mex,OSM
PizzaExpress,restaurant,13.0705612,77.5905608,pizza,OSM
Rajdhani,restaurant,13.0705828,77.5904703,,OSM
Nando's,restaurant,13.0705985,77.5903831,chicken;portuguese,OSM
Waffle World,fast_food,13.0706703,77.5903221,,OSM
Punjab Grill,restaurant,13.0708088,77.5903818,north_indian,OSM
You Mee,restaurant,13.0708316,77.5902115,,OSM
Jamie's Italian,restaurant,13.0709479,77.5899017,,OSM
Burger Seigneur,restaurant,13.0709074,77.5900231,burger,OSM
KFC,fast_food,13.0710328,77.5900586,chicken,OSM
Bhartiya Jalpan,restaurant,13.0710518,77.5899285,indian,OSM
Burma Burma,restaurant,13.0705638,77.5905307,,OSM
Cafe Allora,cafe,13.0704868,77.5909122,,OSM
Magnolia Bakery,cafe,13.071202,77.5904073,,OSM
Sindh Punjab,fast_food,12.9606217,77.7150048,,OSM
Midas Fresh,fast_food,12.9605938,77.7146898,,OSM
HSR Juice Point,fast_food,12.9090608,77.6494552,juice,OSM
The Momo Lab,fast_food,12.9123205,77.6517228,,OSM
Kolkata Famous Rolls,fast_food,12.9717655,77.7072893,,OSM
New Udupi Grand,fast_food,12.9170447,77.6299095,,OSM
Ni O Ven,restaurant,12.9162733,77.612705,,OSM
Star Biryani,restaurant,12.9163162,77.6113417,,OSM
Mojo Pizza,fast_food,12.9167467,77.5856694,pizza,OSM
Vishranti Bhavan,fast_food,12.9168357,77.5854597,,OSM
Muro,restaurant,12.9745598,77.6031318,thai;cantonese,OSM
Board 4 Bored,cafe,12.9404688,77.5713638,,OSM
Naidu Food Palace,fast_food,13.0081489,77.5558038,,OSM
SLV Tiffin Center,fast_food,13.0081346,77.555951,,OSM
Kadamba Classic Hotel,restaurant,12.9523737,77.5438444,,OSM
Indrani Hotel,restaurant,12.9828282,77.6346451,,OSM
Dua's Cafe,restaurant,12.9106359,77.6976886,,OSM
Masala Mandi,restaurant,12.9106885,77.6855632,regional;indian,OSM
Sri Guru Raghavendra Juice and Snacks,fast_food,12.9132676,77.6256181,,OSM
MR fast food,fast_food,12.9132727,77.6256232,,OSM
Pooja Special North Indian Chats,fast_food,12.9132602,77.6256156,,OSM
Ba Guru Thindi Madona,restaurant,12.9294996,77.5352415,,OSM
KFC,fast_food,12.8353468,77.6922314,chicken,OSM
Sri Matha Grand Veg,restaurant,12.8352764,77.6915487,,OSM
Domino's,fast_food,12.8351292,77.6944783,pizza,OSM
Spicy Revenge,restaurant,12.8352461,77.6939932,,OSM
Biggies Burger,fast_food,12.8349707,77.6936499,,OSM
Ambur Dhum Biriyani,food_court,12.8349187,77.6948374,,OSM
Sri Vinayaka Juice,fast_food,12.9197713,77.5809324,juice,OSM
Vaikunta pure veg,restaurant,12.8357863,77.6895118,,OSM
Cafe Hut,fast_food,12.9133852,77.6256151,,OSM
Garden House Cafe,cafe,12.9087228,77.6506028,,OSM
The Brussles Waffle,cafe,12.9087123,77.6505691,,OSM
Madurai Famous Jiggerthanda,cafe,12.836157,77.6873708,juice,OSM
Pro Teen Cafe,cafe,12.8353335,77.6923329,,OSM
Lime Light,cafe,12.9760718,77.60261,,OSM
Smoor,cafe,12.972872,77.6002751,,OSM
Rotti Mane,fast_food,12.9611723,77.5271508,north_karnataka,OSM
Tandoor Chai,cafe,12.9611876,77.5261787,,OSM
Udupi Cyber Centre,internet_cafe,12.9607301,77.527248,,OSM
Pizza Hut,fast_food,13.0274249,77.5935798,pizza,OSM
Udupi Garden,restaurant,13.0386087,77.5742563,chinese;indian,OSM
Imperio,restaurant,12.9117112,77.6497366,,OSM
Udupi Upahar,fast_food,12.88336,77.5664513,indian,OSM
Subway,fast_food,12.9352891,77.6085432,sandwich,OSM
MAHE Food Court,food_court,13.1275067,77.5891761,,OSM
Iris cafe HSR,cafe,12.9117456,77.6428015,,OSM
Arogya Aahara,restaurant,12.9168233,77.6380395,,OSM
Sri Krishna Mane Holige,fast_food,12.9165727,77.5969464,,OSM
Buddies Food Corner,fast_food,12.9162177,77.6153185,,OSM
Gochick,fast_food,12.9117676,77.6495645,,OSM
Chaayos,cafe,12.9123483,77.6516988,tea,OSM
Central Jail Restaurant,restaurant,12.9156318,77.651576,,OSM
Sadda Punjabi Cafe,restaurant,12.9155862,77.6515716,,OSM
Chai Fast,cafe,12.9271334,77.6332033,,OSM
Barista,cafe,12.9310729,77.6326552,coffee_shop,OSM
Domino's,fast_food,12.9311872,77.6326024,pizza,OSM
Starbucks,cafe,12.9323886,77.6314845,coffee_shop,OSM
Khana Junction,fast_food,12.9440443,77.6207612,,OSM
The Coorg Food Company,restaurant,12.9408888,77.6242864,,OSM
Sri Udupi Utsav,fast_food,12.9438577,77.6209994,,OSM
Panchami sagar,restaurant,13.121367,77.6175957,,OSM
Elaneeru(Tender coconut),fast_food,12.9394464,77.5838952,,OSM
Shanti Hotel,fast_food,12.9672311,77.6141651,,OSM
Shri Vishnu Park Veg,fast_food,12.9166989,77.6150867,,OSM
The Coffee Brewery,cafe,12.9169721,77.5977608,,OSM
Muthanna Military Hotel,fast_food,12.9164133,77.6166166,,OSM
Udupi Thindi,fast_food,12.9169468,77.5980837,,OSM
Lilliput Upahar,fast_food,12.9169667,77.5984499,,OSM
Hot Gridle,fast_food,12.9166415,77.5939487,,OSM
Hotel 9th Smile,fast_food,12.9166328,77.5952237,,OSM
The Red Box,fast_food,12.9166451,77.5954774,,OSM
Tea Time,cafe,12.9168623,77.602811,,OSM
chai sutta bar,restaurant,12.9346055,77.6168873,,OSM
Smoky Docky,restaurant,12.9347048,77.6167408,,OSM
Samosa Party,fast_food,12.9351034,77.611625,,OSM
Chaayos,cafe,12.9390758,77.6191481,tea,OSM
Tim Hortons,cafe,12.9394664,77.6193423,coffee_shop,OSM
Bonito Bistro,restaurant,12.939072,77.6180094,,OSM
Amritsari,restaurant,12.9390011,77.6179869,punjabi,OSM
Thar - Rajasthani Restaurant,restaurant,12.9381608,77.6177663,rajasthani,OSM
House Of Dakshina,fast_food,12.9121322,77.6493646,,OSM
Calm Down Cafe,restaurant,13.0681222,77.5791911,,OSM
The Humble Pie,cafe,12.9085228,77.6504774,,OSM
BBQ Mechanic,fast_food,12.9085181,77.6505464,,OSM
Sri Manjunatha Sugarcane,fast_food,12.9591319,77.7190036,juice,OSM
Andrea's Brasserie,restaurant,13.0709074,77.5907533,italian,OSM
Olive,fast_food,12.9575031,77.7093642,,OSM
Mom's Kitchen,cafe,12.9577887,77.7091478,,OSM
La Melano,restaurant,12.9549447,77.7003108,pizza,OSM
Teaday,cafe,12.9539425,77.717831,,OSM
Coffee & More,cafe,12.9085772,77.6499484,coffee_shop,OSM
Sattvam,restaurant,12.9937268,77.7008262,barbecue;indian,OSM
Shivanna Military Hotel,fast_food,13.0254179,77.5621408,,OSM
Sri Raghavendra Vaibhava,fast_food,13.0287243,77.5613902,,OSM
Annapoorna Refreshments and Sweets,fast_food,13.0770798,77.558288,,OSM
Udupi Tiffin Centre,restaurant,13.0950191,77.5775303,indian,OSM
7th Heaven,cafe,13.0945203,77.5808265,,OSM
Madeena Sumaya Hotel,restaurant,13.0953669,77.577956,,OSM
Mandya Military hotel,restaurant,13.0948257,77.5800923,,OSM
Bengaluru Central Cafe,cafe,13.099218,77.5851031,,OSM
Chai Adda,cafe,13.129469,77.5958193,,OSM
Cafe Coffee Day,cafe,12.9755682,77.60516,coffee_shop,OSM
Dishkeyaun,restaurant,12.9727544,77.6068494,indian,OSM
Sri Udupi Cafe,restaurant,12.860893,77.5293036,indian,OSM
Hotel Sri Venkateshwar Prasanna,restaurant,12.8610769,77.5294007,indian,OSM
Gowdthi's Kitchen,restaurant,12.8617543,77.5296774,indian,OSM
Naati Style Gowda's Hotel,restaurant,13.1051637,77.6006037,indian,OSM
Ebisu,restaurant,12.9728208,77.6066762,japanese,OSM
Falafel Jee,fast_food,12.9746001,77.6072262,,OSM
Alakapuri Veg Restaurant,restaurant,13.1036021,77.5998838,indian,OSM
Boba Cafe - A true bubble tea,cafe,12.9927608,77.5906166,,OSM
Shree Vinayaka Juice Center,cafe,12.9923755,77.5926567,,OSM
Hotel Mayura Sagar,restaurant,12.9704092,77.7126394,,OSM
Taj Hotel,restaurant,13.0003295,77.6173282,indian;biryani,OSM
Sheesh Kebab,restaurant,13.0003724,77.6167827,indian;kebab;persian,OSM
Chichabas Dawat,restaurant,13.0002804,77.6174439,,OSM
hunkal coffee,cafe,12.9930468,77.5900341,,OSM
Public Bar and Kitchen,restaurant,12.9299719,77.6859289,,OSM
Madeena Restaurant,restaurant,12.9685786,77.7479931,indian,OSM
Emperor,restaurant,12.9690352,77.7496646,indian,OSM
Tudum,restaurant,12.9865466,77.5950151,,OSM
Cafe Noir,restaurant,12.9865301,77.5951866,french;burger,OSM
Rosé Restaurant And Patisserie,cafe,13.0282636,77.5731795,,OSM
Turkeyemek,fast_food,13.0231966,77.6251359,turkish,OSM
New Mohan Restaurant & Bar,restaurant,12.9657039,77.5953613,,OSM
Samudra,restaurant,12.989032,77.5750062,,OSM
Tandoori Taal,restaurant,12.9858618,77.5877734,punjabi,OSM
Cane City,fast_food,12.9713906,77.6068172,juice,OSM
Unknown,food_court,12.9716152,77.7097137,,OSM
Hyderabad Biryani,restaurant,12.9963038,77.6947333,,OSM
Janani Upahar,restaurant,13.106024,77.5989136,indian,OSM
Nandini Cafe,restaurant,13.1060545,77.5989056,pizza;sandwich;indian;ice_cream,OSM
Queen's Restaurant,restaurant,12.9747312,77.6067208,punjabi,OSM
Babaji Bites,fast_food,12.9612402,77.6380064,,OSM
Anaia Cafe,cafe,12.9770467,77.6406776,,OSM
Rajanna Military Hotel,restaurant,12.9662399,77.5351318,,OSM
Udupi Vaibhava,fast_food,13.0638197,77.5591181,,OSM
Bannur Muttom Biryani Point,fast_food,13.068884,77.557403,,OSM
Sri Durga Veg,fast_food,13.0691052,77.556616,,OSM
Glen's Bakehouse,cafe,12.8883217,77.5630735,,OSM
Podi and Spice,restaurant,12.972617,77.6266243,,OSM
Doner Club,restaurant,13.0149527,77.6321133,turkish;mediterranean;arab,OSM
Sri Annapurneswari Restaurant,restaurant,12.9121692,77.6064581,indian,OSM
Tatvika Cafe,cafe,12.9268066,77.6332725,,OSM
Sri Ganesh Juice Junction,fast_food,12.9402757,77.6248468,juice,OSM
Sri Annapoorneshwari Hotel,fast_food,12.9560508,77.6208156,,OSM
Cafe Levista,cafe,12.9751478,77.6067188,coffee_shop,OSM
Koli Hut,fast_food,12.9564444,77.5307233,,OSM
Udupi Kitchen,fast_food,13.0103181,77.5592527,,OSM
Sri Yashaswini Tindi Mane,fast_food,13.1022867,77.595242,,OSM
Domino's,fast_food,12.9720503,77.7085578,pizza,OSM
Chai Gully,cafe,12.9707518,77.7077384,,OSM
Hot Chips,fast_food,12.9231359,77.6672743,,OSM
Caffe Macs,cafe,12.9821284,77.5962022,,OSM
Tea Treat,cafe,12.8426848,77.6752114,,OSM
Kudlada Kitchen,restaurant,12.9694532,77.6489867,,OSM
New Barratt Hotel,restaurant,12.92346,77.6497698,,OSM
Kung Pao Town,restaurant,12.9230421,77.6497684,chinese,OSM
Ambur Hot Dum Biryani,restaurant,12.9223989,77.6496522,,OSM
Yashu Juice And Snacks,fast_food,12.9222709,77.6496746,juice,OSM
Pratik Fast Food Center,fast_food,12.9214129,77.649698,,OSM
Anapoorneshwari Hotel,fast_food,12.9226451,77.6498118,,OSM
Sri Raghavendra Home Made Snacks,fast_food,12.922344,77.6498026,indian,OSM
HSR Juicy Cafe,cafe,12.9193616,77.6511843,,OSM
Amaravati,restaurant,12.9205921,77.6494971,,OSM
Sri Ganesh Fruit Juice Centre,fast_food,12.9196986,77.6493342,juice,OSM
Casa Fresco,restaurant,12.9206676,77.6504656,american;asian;breakfast;burger;chinese,OSM
Srinidhi Sagar,fast_food,12.9198847,77.6491762,,OSM
Koriken,fast_food,12.9152682,77.6491349,,OSM
The Vijayanagar Tiffins and Coffee,restaurant,12.9158807,77.649347,,OSM
HSR Donne Biryani,restaurant,12.9146948,77.6489015,,OSM
Indian Coffee House,restaurant,12.9092366,77.6446155,coffee_shop;indian,OSM
Poco A Poco,restaurant,12.9803766,77.7510212,,OSM
Pizza 4P's,restaurant,12.9700536,77.6361068,pizza,OSM
KOKO,restaurant,12.9603913,77.6479068,asian,OSM
Desī Masālā,restaurant,12.97995,77.5771154,indian;buffet,OSM
A.J.S Caterers,fast_food,12.9940358,77.5982606,,OSM
IDC Kitchen,restaurant,12.9776114,77.5778024,indian;coffee,OSM
Sai Grand,restaurant,12.9790306,77.5762924,indian,OSM
Leon Grill,fast_food,12.9804753,77.6410507,burger,OSM
Yuki,restaurant,12.9804302,77.6410373,asian,OSM
BeyondBurg Inc,fast_food,12.9859547,77.5878321,burger,OSM
Bharaṇi Kafe,restaurant,12.9788456,77.5794256,indian,OSM
Priyadarśini,restaurant,12.9775335,77.57581,indian,OSM
United Telugu Kitchens,restaurant,12.8878061,77.5624901,,OSM
Indira Canteen,fast_food,12.9365027,77.6070849,south_indian,OSM
Vinaya Sāgar,restaurant,12.9837692,77.6083351,indian,OSM
Bangalore Thindies,restaurant,12.981187,77.6042415,indian,OSM
JCL,restaurant,12.9833049,77.6099837,indian,OSM
Misu,restaurant,12.9704621,77.6427962,asian,OSM
The Kind,cafe,12.9202686,77.6847942,,OSM
Prequel,restaurant,12.9205222,77.6847821,,OSM
Punjab Grill,restaurant,12.9203248,77.6843208,north_indian,OSM
Lucky Chan,restaurant,12.9204307,77.6843235,,OSM
Chinita,restaurant,12.9205196,77.6843262,mexican,OSM
Kampot,restaurant,12.9206595,77.6845273,,OSM
Cafe Noir,restaurant,12.9206386,77.6849645,french,OSM
Chianti,restaurant,12.9206529,77.6846507,italian,OSM
Sauce Code,restaurant,12.9201458,77.6849189,,OSM
Adyar Ananda Bhavan,restaurant,12.9201628,77.6846279,,OSM
South Table,restaurant,12.9207222,77.6874778,,OSM
Daily Sushi,restaurant,12.9209327,77.6874818,asian,OSM
Popeyes,fast_food,12.9209483,77.6873463,chicken,OSM
Bhartiya Jalpan,restaurant,12.9207261,77.6873383,indian,OSM
Taco Bell,fast_food,12.9205261,77.6873383,tex-mex,OSM
Cafe Glocal,restaurant,12.920517,77.6874845,,OSM
Brik Oven,restaurant,12.9205327,77.6871881,pizza,OSM
Lavonne Cafe,cafe,12.9204176,77.6868528,,OSM
Blue Tokai Coffee Roasters,cafe,12.9204516,77.6860441,coffee_shop,OSM
Third Wave Coffee Roasters,cafe,12.9896317,77.728403,coffee_shop,OSM
McDonald's,fast_food,12.9897485,77.7277357,burger,OSM
Starbucks,cafe,12.9895972,77.7280808,coffee_shop,OSM
Lavonne,cafe,12.9897962,77.7276602,,OSM
Kongsi Tea Bar,cafe,12.9273559,77.5861504,bubble_tea,OSM
Bäcker & Charlie,cafe,12.9948602,77.6175033,,OSM
Nusa,restaurant,12.9257344,77.7358523,,OSM
Devaras Restaurant,restaurant,13.0031628,77.553654,south_indian,OSM
Blue Tokai,cafe,12.9672955,77.6367143,coffee_shop,OSM
Plan B,restaurant,13.0710194,77.5909062,,OSM
Cafe Noir,restaurant,13.070892,77.590808,french,OSM
Mon Cheri,restaurant,12.9780767,77.6376372,,OSM
Leons Grill,fast_food,13.098829,77.5846299,burger,OSM
Ouro,restaurant,12.9727753,77.606803,mexican,OSM
Pijja,restaurant,12.980087,77.6461181,,OSM
The Filter Coffee,restaurant,12.9626445,77.7166434,south_indian,OSM
The Milton St. Cafe,cafe,13.0016951,77.6236518,ice_cream;pizza;pasta,OSM
Nandi Grand,restaurant,13.0583944,77.7693208,,OSM
Calm Down Cafe,restaurant,13.0680231,77.5791747,,OSM
Cafe Khadya,restaurant,12.9107013,77.5991351,indian,OSM
three dots & a dash,restaurant,12.9107288,77.5993819,indian;italian,OSM
Sri Annapoorneshwari Veg,fast_food,13.003852,77.5539609,,OSM
bychance,restaurant,12.972836,77.6075385,,OSM
Moglu,restaurant,12.9752775,77.6017783,,OSM
Le Kéne,cafe,12.9154975,77.6445918,,OSM
Baithak The Kitchen,cafe,12.9604798,77.7194142,,OSM
Juice Land,fast_food,12.9605867,77.7181125,juice,OSM
Kinya Coffee,cafe,12.9052307,77.5954974,coffee_shop,OSM
Namma Adigas (Veg),restaurant,12.8825682,77.5466598,indian;regional;sandwich;tea,OSM
Anand Sweets,restaurant,12.8823832,77.5466504,,OSM
Sharief Bhai's,fast_food,12.9566646,77.7148148,,OSM
Cafe Coffee Day,cafe,13.0268329,77.6369701,coffee_shop,OSM
California Burrito,fast_food,13.0492051,77.5932616,,OSM
Ambur Hot Dum Biriyani,restaurant,12.9784895,77.6299631,indian,OSM
PizzaExpress,restaurant,12.970314,77.6391971,pizza,OSM
Samosa Party,fast_food,12.9701915,77.6386267,,OSM
Kerala Pavilion,restaurant,12.9723216,77.6415259,,OSM
Taiki,restaurant,12.976865,77.6406884,,OSM
Subway,fast_food,12.9191136,77.670829,sandwich,OSM
Gongura Grand,restaurant,12.9190532,77.6709872,,OSM
Celeb's,restaurant,12.9688174,77.7354254,,OSM
Grasshopper,restaurant,12.8643426,77.5892945,,OSM
UTBT - Under The Banyan Tree,fast_food,13.0577398,77.6439304,,OSM
Sai food junction,restaurant,12.9925676,77.5921137,,OSM
Step Right Up,fast_food,12.9925955,77.5916124,,OSM
Swathi Grand Veg,fast_food,12.9906437,77.5931902,,OSM
The food corner,restaurant,12.9928201,77.5902016,,OSM
Sri Brahmalingeshwara Juice And Condiments,fast_food,12.9783601,77.6313384,juice,OSM
Chai Point,cafe,12.9307348,77.633114,coffee_shop,OSM
Gabru Di Chaap,restaurant,12.9309544,77.6330697,,OSM
Al Taza,fast_food,12.9308262,77.6330783,kebab;burger;shawarma,OSM
Sri Ayodhya Veg,fast_food,12.9924639,77.5923251,,OSM
Mini Samrat Veg,restaurant,12.9929918,77.5955337,regional,OSM
Sri Horanadu Cafe,fast_food,13.0076067,77.5484877,,OSM
Dragon View,fast_food,13.057719,77.6438735,chinese,OSM
Grill Nights,fast_food,13.0578603,77.6440834,,OSM
Panoor Restaurant & Cafe,fast_food,13.0578343,77.6440984,,OSM
A1 Ambur Biryani,fast_food,13.0578309,77.6437923,,OSM
Bangalore's Spicy Bites,fast_food,13.0578831,77.6437839,,OSM
Panasam Food Court,fast_food,13.0581667,77.6437513,,OSM
SGS Non Veg,fast_food,13.0581549,77.6438032,,OSM
Rotana Cafe,restaurant,12.899593,77.6755634,kebab;shawarma,OSM
Indian Dum Biriyani,restaurant,12.8993376,77.6755636,biriyani,OSM
Ambur Dum Biriyani,restaurant,12.8998435,77.675559,,OSM
Chai Kada,cafe,12.8985354,77.6753954,,OSM
Pita Pocket Factory,restaurant,12.8989754,77.6761562,,OSM
Sreeraj Lassi Bar,fast_food,12.9833321,77.587783,juice,OSM
LifeTree Cafe,restaurant,12.9647773,77.5986103,indian;pizza,OSM
Chandrika Hotel,fast_food,12.9897366,77.5930452,,OSM
Tea Time,cafe,12.9891525,77.5937198,,OSM
Kanteen,restaurant,12.9795114,77.5748405,,OSM
Chicken County,restaurant,12.9779603,77.5752566,,OSM
Sri Kenchamba,restaurant,12.9783689,77.5760446,,OSM
Hotel Sagar,restaurant,12.9777076,77.5753452,,OSM
Amulya Veg Restaurant,restaurant,12.9766767,77.5761455,,OSM
Domino's,fast_food,12.9759237,77.5760702,pizza,OSM
Ashok Ahaar,restaurant,12.9758159,77.5757621,,OSM
Sri Maruthi Gowdas Military Hotel,restaurant,12.9771207,77.5761475,,OSM
Salt Lake,restaurant,12.9059999,77.6126561,,OSM
Mylapore Cafe,cafe,12.9180306,77.6381771,,OSM
Royal Tandoor,restaurant,12.9367572,77.6276099,,OSM
Starbucks,cafe,12.9588501,77.7161351,coffee_shop,OSM
Zamam's Darbaar,restaurant,12.9776129,77.6273546,,OSM
Royal Biriyani,restaurant,12.9901802,77.5721599,,OSM
Party Hall Restaurant,restaurant,12.9903609,77.5719554,,OSM
SLV Canteen,fast_food,13.0224798,77.5527726,,OSM
Gowdru Mane Baduta,restaurant,13.0221502,77.5534251,,OSM
Punjabi Tadka,restaurant,13.022188,77.5537812,,OSM
New Mangalore Hotel,restaurant,13.0222422,77.5538305,,OSM
Ganesh Juice,fast_food,12.9929771,77.5905392,juice,OSM
Vinayaka Tiffin Center,fast_food,12.9925805,77.5745703,,OSM
The Kingdom,fast_food,12.9807471,77.5766813,,OSM
Sri Vishnu Grand,restaurant,12.8756646,77.6707057,,OSM
Udupi Juice Junction,fast_food,12.8755609,77.6705991,juice,OSM
Sri Krishna Foodline,restaurant,12.9753427,77.6255211,,OSM
Juicy Creamz,fast_food,12.9753224,77.6255177,juice,OSM
Kaati King,restaurant,12.9760589,77.6248726,chinese,OSM
Samutara Restaurant,restaurant,12.9771934,77.6270227,,OSM
New Taj,restaurant,12.9772272,77.6270474,,OSM
Tashann Multicuisine Restaurant,restaurant,12.98872,77.689524,indian,OSM
Nagavara Social,restaurant,13.0419372,77.6196541,,OSM
Manasi Roof Top Restaurant,restaurant,12.9563372,77.6958445,indian,OSM
Desi Masala,restaurant,12.9597923,77.7160524,,OSM
Sri Vinayaka Hot Chips,fast_food,12.9785518,77.6294482,fish_and_chips,OSM
Bihari Chicken Wala,fast_food,12.9544561,77.7209752,,OSM
Maa Gayatri Roti Tadaka,fast_food,12.9517494,77.7219696,,OSM
Spice Villa Restaurant,restaurant,12.8609419,77.7793542,indian,OSM
Grill Smith,cafe,12.9608055,77.715968,,OSM
Tibetan Mother's Kitchen,restaurant,12.9348122,77.612678,tibetan,OSM
Absolute Barbecues,restaurant,12.9188259,77.6701594,,OSM
JP Nagara Social,restaurant,12.9061758,77.5805046,american,OSM
Thelagram,restaurant,12.905666,77.6012072,,OSM
IDC Kitchen,restaurant,12.9057693,77.6012005,regional,OSM
Daily Bakehouse,cafe,12.9313963,77.6234718,,OSM
Just Loaf,restaurant,12.9313462,77.6234605,american;breakfast;burger;coffee_shop,OSM
Fiero Pizza,restaurant,12.9375779,77.6191715,pizza,OSM
The Belstreet,cafe,13.0300772,77.5705291,coffee_shop;pizza;sandwich;burger,OSM
Bong Connection,restaurant,13.0301991,77.562353,indian;chicken,OSM
The Darshini,fast_food,12.9892413,77.5739801,regional,OSM
Ishaara,restaurant,13.0709551,77.5905318,,OSM
Karigari,restaurant,13.0711653,77.5904409,,OSM
Plaka,restaurant,13.0711299,77.5905713,,OSM
Cafe Reset,cafe,12.9376205,77.6243795,,OSM
Jamie Oliver Kitchen,restaurant,12.9702907,77.6393544,,OSM
The Spice Studio,restaurant,12.9664148,77.7141709,indian,OSM
Thalassery Restaurant,restaurant,12.9073172,77.5639625,,OSM
Namm Kannada,cafe,12.9080228,77.5639733,,OSM
Maa Vindhu Bhojanam,restaurant,12.973613,77.7154411,,OSM
Cafe 19,cafe,12.9736162,77.7150663,,OSM
Indira Canteen,fast_food,12.9034744,77.5626424,south_indian,OSM
Ice Burg,fast_food,12.9737103,77.7148651,juice,OSM
Third Wave Coffee Roasters,cafe,12.8917881,77.583915,,OSM
Evo World Veg Cuisine,restaurant,12.9262135,77.5778452,,OSM
Indira Canteen,fast_food,12.9058079,77.5582074,south_indian,OSM
Sri Krishna Aramane,fast_food,12.9059954,77.5584233,regional,OSM
Sabji Corner,fast_food,12.906785,77.5597188,,OSM
Davangere Mirchi,fast_food,12.9045091,77.5617103,,OSM
Idly 24,fast_food,12.9069615,77.5620697,regional,OSM
Stop N Joy,fast_food,12.9069955,77.5627497,,OSM
Eat N Drink,fast_food,12.9067497,77.5633478,,OSM
Donne Biryani Corner,fast_food,12.9067255,77.5634068,,OSM
Jagli Thindi,fast_food,12.9060177,77.5630052,regional,OSM
SLV Refreshment,fast_food,12.9052359,77.5626122,regional,OSM
Domino's Pizza,fast_food,13.0291671,77.7600262,pizza,OSM
Burger King,fast_food,13.0984485,77.573512,burger,OSM
Bastian,restaurant,12.9697995,77.6000632,,OSM
Daily Sushi,restaurant,13.0418236,77.6194368,,OSM
Bombay Curry House,restaurant,13.0418536,77.6196474,,OSM
Radio Bar,restaurant,12.9206281,77.6860481,,OSM
Mr. Philly's American Cheeseburgers,restaurant,12.9506397,77.6999903,burger,OSM
The Fisherman's Wharf,restaurant,13.0795514,77.59238,,OSM
Udupi Grand,restaurant,12.9470569,77.7181742,,OSM
F Square Cafe,cafe,12.9513581,77.7174326,,OSM
Teaday,cafe,12.953912,77.7182615,,OSM
Unknown,cafe,13.121056,77.6121104,,OSM
Unknown,cafe,13.0013403,77.6235811,,OSM
Unknown,fast_food,13.0014231,77.6236111,momos,OSM
The Thali House,restaurant,12.966127,77.7334534,,OSM
Chowki,restaurant,12.9688836,77.7354394,,OSM
Chaklivan,cafe,12.9653469,77.7197166,,OSM
Bangarpet Chats,fast_food,12.965339,77.7196603,,OSM
Zamorins,restaurant,12.9653044,77.7192995,,OSM
Sri Ganesha Fruit Juice Centre,fast_food,12.9656096,77.7187449,juice,OSM
Lassi & Juice World,fast_food,12.9670099,77.7187114,juice,OSM
SK Food Center,fast_food,12.967123,77.7187148,,OSM
Beijing Bites,fast_food,12.9676679,77.716677,chinese,OSM
The Juice,fast_food,12.9677542,77.7186444,juice,OSM
The Modak,restaurant,12.9217918,77.6653251,,OSM
Subway,fast_food,12.92458,77.6731134,sandwich,OSM
Nagarjuna,restaurant,12.9245134,77.672771,,OSM
Third Wave Coffee Roasters,cafe,12.909966,77.6378373,coffee_shop,OSM
Om Ganesh Fruit Juice Centre,fast_food,12.9996997,77.6158458,juice,OSM
Dharmik Veg,restaurant,12.9993695,77.6160179,,OSM
Dow Tow,fast_food,12.9999237,77.6160969,,OSM
Raidan Restuarant,restaurant,12.9974892,77.6143806,regional,OSM
Sharief Bhai,restaurant,12.9969083,77.6139947,indian,OSM
Subway,fast_food,12.9971938,77.6146067,sandwich,OSM
Om Ganesh Fruit Juice Centre,fast_food,12.9993193,77.6157833,juice,OSM
Iftar Restaurant,restaurant,12.9992932,77.6157895,,OSM
Oh! Perch,restaurant,12.9976512,77.6148873,,OSM
Aroma Of Asia,fast_food,12.9961086,77.6133755,,OSM
Cafe Idly,fast_food,12.9985144,77.6177881,,OSM
Cane Town,fast_food,13.0006032,77.6173736,juice,OSM
Arabian Mataan,restaurant,13.0005676,77.6177086,,OSM
Bismillah Biryani Point,fast_food,12.9998214,77.6183263,,OSM
Thakur Food Point,fast_food,12.9992128,77.6180914,,OSM
Vishnu's,fast_food,12.9991979,77.6181065,,OSM
Namma Dosa,restaurant,12.9986449,77.6179603,,OSM
New Delicacy,restaurant,12.9985669,77.6179429,,OSM
Goli Vada Pav,fast_food,13.1301266,77.586966,indian,OSM
Maggi Station,fast_food,13.1283341,77.5879964,,OSM
NMIT Canteen,fast_food,13.1273816,77.5878558,,OSM
Gopizza,fast_food,13.0588573,77.5876258,,OSM
Chaayos,cafe,13.0595575,77.5875065,tea,OSM
Starbucks,cafe,13.0601781,77.5876486,coffee_shop,OSM
Mulabagilu Dosa Point,fast_food,13.0583321,77.5859595,,OSM
Eleven Bakehouse,cafe,13.0115415,77.5553607,,OSM
KFC,fast_food,12.8769799,77.6105668,chicken,OSM
Sri Udupi Swaad,restaurant,12.9708631,77.7070089,,OSM
Sunrise Cafe,cafe,12.9524277,77.5153725,,OSM
Mess A,food_court,12.9536556,77.5160491,,OSM
Paakashala Heritage,restaurant,12.9038928,77.5307716,north_indian;south_indian;chinese,OSM
Cool Land,fast_food,12.9573855,77.7155825,juice,OSM
Chaayos,cafe,12.9113077,77.6382804,tea,OSM
Wagh Bakri Tea Lounge,cafe,12.9113468,77.6382558,,OSM
Mani's Dum Biryani,restaurant,12.9147527,77.6384114,,OSM
Udupi Aaradhya,restaurant,12.9996529,77.6766093,regional,OSM
Sindhoora Gardenia,restaurant,12.9996515,77.6765418,,OSM
Tea Time,cafe,12.9966271,77.5680009,,OSM
Five Star,fast_food,12.9966325,77.5680591,,OSM
Sathya's Food Joint,fast_food,13.0081572,77.5712887,,OSM
Kati Roll And Momos,fast_food,13.0066698,77.5692947,,OSM
Crazy Bites,cafe,13.007032,77.5692771,,OSM
Sri Rajrajeshwari Iyer Mess,restaurant,13.0066759,77.5692942,,OSM
Haldiram's,fast_food,13.003564,77.571349,indian,OSM
Sarvam Upahara,restaurant,13.0024329,77.5711746,indian,OSM
Udupi Gardens,restaurant,12.9977364,77.5715142,,OSM
Krishna Vaibhava,restaurant,12.967247,77.5356517,indian,OSM
Susswadu,restaurant,12.9231919,77.6712011,,OSM
Chimi's,restaurant,12.9217411,77.6452006,,OSM
Mandya Cafe,cafe,12.9595766,77.535977,,OSM
Bramhalingeshwara Canteen,fast_food,12.9573882,77.5336721,,OSM
Malgudi Amrutha Chaha,cafe,12.8816697,77.5506451,coffee_shop;noodle;sandwich;regional,OSM
Santhosh Punjabi Dhaba,fast_food,13.1067029,77.5766556,,OSM
Indira Canteen,fast_food,13.100544,77.5766444,regional,OSM
Tuk Tuk Thai,restaurant,12.9333446,77.6223642,thai,OSM
Sri Krishna Vaibhava,fast_food,13.0532531,77.6460092,,OSM
Juicy N Spicy,fast_food,12.9567531,77.533353,juice,OSM
Sozo Skyline,restaurant,12.9746977,77.5970538,asian,OSM
Lucky Chan,restaurant,12.8876535,77.5626484,sushi,OSM
KFC,fast_food,12.9705917,77.6472701,chicken,OSM
Chamundi Tiffins,fast_food,13.0841518,77.5600968,,OSM
Majaa Thindi,fast_food,13.0788455,77.5588573,,OSM
Bites & Beverages,fast_food,13.0265515,77.5617056,,OSM
Indira Canteen,fast_food,13.0644884,77.5592791,,OSM
KFC,fast_food,13.0692664,77.5561334,chicken,OSM
Dolcé Café,cafe,13.126186,77.5914442,,OSM
Biryani Paradise,fast_food,13.0982708,77.5966166,,OSM
IKEA Restaurant,restaurant,13.0488907,77.5004202,,OSM
Ishtaa,restaurant,12.9289467,77.5814326,regional,OSM
idylll,restaurant,12.9705013,77.6447301,,OSM
Amma & Appa Idli Stall,fast_food,12.9761483,77.6393509,regional,OSM
Sri Udupi Park Cafe,restaurant,12.9557242,77.6979149,,OSM
Nandha Palace,restaurant,13.0596175,77.5926342,andhra,OSM
Royal Chef Biriyani RCB,restaurant,13.0592363,77.5913196,,OSM
Bhubaneswari Hotel,restaurant,13.0590635,77.5928484,,OSM
Hotel Lasara,restaurant,13.0595771,77.5926555,,OSM
The Punjabi Rasoi - Authentic Punjabi Khana,restaurant,13.0576217,77.5893868,,OSM
Cubbonpete Donne Biriyani,restaurant,13.0589986,77.5914909,,OSM
Hotel Jagannath,restaurant,13.0593638,77.5928984,,OSM
Kadal Machili,restaurant,13.0593628,77.5927727,,OSM
New Punjabi Pure Veg Restaurant,restaurant,13.058578,77.5915142,,OSM
Udupi Veg,restaurant,13.0588947,77.5929577,regional,OSM
Hotel Raanga,restaurant,13.0589242,77.5924612,regional,OSM
Ambur Dum Biryani,restaurant,13.0587704,77.5914148,,OSM
Shri Manjunatha Upahara,restaurant,13.0573975,77.5909347,indian,OSM
Ajji Hotel,restaurant,13.0590516,77.5927236,,OSM
Balaji Gowdru Hotel,restaurant,13.0574417,77.5904539,indian;regional,OSM
Udupi Aatithya,restaurant,13.0601933,77.5873812,indian,OSM
Hello Indore,restaurant,13.0595123,77.5929942,,OSM
Disha Hyderabad Irani Tea,cafe,13.0590116,77.5929348,,OSM
Go Naturals Fresh Cane Juice,fast_food,13.0593006,77.5931791,juice,OSM
Pitambara Restaurant,restaurant,13.0590645,77.5925304,,OSM
Shaambhavi,restaurant,13.0592673,77.5924667,,OSM
Kritunga Restaurant And Take Awa,restaurant,13.0593147,77.5931056,,OSM
Mangalore Military Hotel,restaurant,13.0575915,77.5894655,,OSM
Beijing Bites,restaurant,13.0604981,77.5875519,chinese,OSM
fika sip savor,cafe,13.0602384,77.5878403,,OSM
BubLee,cafe,13.0600394,77.5876573,,OSM
Bucket Biryani,fast_food,12.9670641,77.6089265,,OSM
Sri Laksmi Upahara,restaurant,12.891759,77.6059942,,OSM
Brahmin Tiffins and Coffee,restaurant,12.8918045,77.6064435,,OSM
Sharief Bhai's,restaurant,12.9191947,77.6686389,,OSM
Nomad Pizza,fast_food,12.9187149,77.6700787,pizza,OSM
The Living Room,cafe,12.9737711,77.6092416,,OSM
Shiv Sagar,restaurant,12.9744579,77.6095119,indian;international;pizza;sandwich,OSM
Galatta,restaurant,12.915076,77.6491414,ice_cream,OSM
Indira Canteen,fast_food,13.0083001,77.5548745,,OSM
Mäki Pâtisserie,cafe,12.9667996,77.6373194,,OSM
Eating Love,restaurant,12.9193602,77.5838613,pizza,OSM
Roastea,cafe,12.9357945,77.6280548,,OSM
Ouzo by Fire,restaurant,12.9771689,77.6406725,,OSM
Ithaca,cafe,12.9659664,77.5987275,,OSM
Ganapa Thatte Idli,fast_food,12.9977266,77.5496662,,OSM
KFC,fast_food,12.9947937,77.6154296,chicken,OSM
North Star,cafe,12.9117555,77.6389783,,OSM
Kesari,restaurant,12.9118007,77.639029,,OSM
Ayodhya Sagar,fast_food,12.9991289,77.5783048,,OSM
Sendhoor Coffee,restaurant,12.9106707,77.6326678,,OSM
Nammura Banasiga,restaurant,12.9179361,77.6378442,,OSM
Ramans cafe,restaurant,13.0208994,77.6287709,,OSM
Chulha Chauka Da Dhaba,restaurant,13.0121339,77.5541881,,OSM
California Burrito,restaurant,13.0118452,77.5550008,mexican,OSM
Konkan Express,restaurant,13.0221896,77.5509196,,OSM
Dakshin Delicacy,restaurant,13.0318753,77.5337721,,OSM
Domino's,fast_food,13.0454991,77.5056476,pizza,OSM
Asha Tiffins,restaurant,12.9515867,77.7155866,,OSM
Juice And Chats,fast_food,12.9287968,77.5817234,juice,OSM
Zed The Baker,restaurant,12.9698746,77.638388,,OSM
Domino's,fast_food,12.9725727,77.6205365,pizza,OSM
IDC,fast_food,12.9725636,77.6207712,,OSM
natuf,cafe,12.9691458,77.6361275,,OSM
Darjeeling Hot Momos,fast_food,12.8607509,77.5426303,,OSM
Starbucks,cafe,13.0266801,77.5448613,coffee_shop,OSM
Daysie,restaurant,12.9331882,77.5167967,,OSM
God's own cafe,restaurant,12.9371283,77.6143212,,OSM
Sanchez,restaurant,13.0416067,77.6196259,mexican,OSM
Sublime House of Tea,cafe,12.9857937,77.5877686,,OSM
Zed The Baker,cafe,12.9857221,77.5879276,,OSM
Starbucks,cafe,12.9859481,77.5879172,coffee_shop,OSM
Indira Canteen,fast_food,12.990767,77.5992592,south_indian,OSM
Indira Canteen,fast_food,13.0387741,77.6144426,south_indian,OSM
Mahe Global Kitchen,restaurant,12.9336933,77.622146,,OSM
Kathmandu Momos,fast_food,12.8978992,77.5859308,,OSM
The Caffeine Baar,cafe,12.9163712,77.5928203,coffee_shop,OSM
Herbs & Spices,restaurant,12.9622752,77.7488416,indian,OSM
Naidu's Naati Cafe,fast_food,12.9927697,77.591688,regional,OSM
Brahma Sri Sai Tea & Juice center,fast_food,13.0934781,77.5894029,juice,OSM
64 Chai Bar,cafe,13.0935394,77.5894775,,OSM
Ayutthaya cuisines of India,restaurant,12.9326835,77.6137535,,OSM
Kannu Ki Chai,cafe,12.9328303,77.6139704,,OSM
23rd Street Pizza,restaurant,12.9680561,77.6071899,pizza,OSM
The Secret Garden,restaurant,12.9775379,77.6968009,,OSM
Starbucks,cafe,13.019331,77.6430305,coffee_shop,OSM
Chai Point,cafe,12.970242,77.6999922,coffee_shop,OSM
The Ramanatheswaram Cafe,restaurant,12.9518751,77.7002187,,OSM
Sri Ganjana Fruit Juice Centre,fast_food,12.9655638,77.714197,juice,OSM
Nataraj Chole Bhature,fast_food,12.9656615,77.7138986,,OSM
Bunnies Burgers Cafe,cafe,12.9606348,77.7140928,,OSM
Cyber Joint,internet_cafe,12.9605747,77.7145265,,OSM
Patil Katta,cafe,12.9612928,77.7135052,,OSM
Thindi Mane,fast_food,12.9643149,77.7177551,,OSM
Thyme - Wood Fired Pizzeria,restaurant,12.9626893,77.7132234,pizza,OSM
Sendhoor Coffee,cafe,12.9644198,77.7155567,coffee_shop,OSM
NBN Military Hotel,fast_food,12.9657777,77.7138722,,OSM
MG Donne Biryani,fast_food,12.9661735,77.7141322,,OSM
The Swastik Cafe,fast_food,12.9674896,77.7142837,,OSM
Shawarma House,fast_food,12.967488,77.7143126,,OSM
Irani Chai,cafe,12.9674862,77.7143414,,OSM
Mr Rolls,fast_food,12.9674859,77.7143632,,OSM
Amma's Italian Pizza,fast_food,12.9674812,77.7143858,,OSM
Sri Ganesh Fruit Juice Center,fast_food,12.9674007,77.7146094,juice,OSM
The Palleti's Spice Villa,fast_food,12.966311,77.7145728,,OSM
Mr. Shawarma & Miss Grills,fast_food,12.9662669,77.714526,,OSM
Ira Cafe,cafe,12.966213,77.7145165,,OSM
Lassi & Juice World,fast_food,12.9659119,77.7145175,juice,OSM
Teaday,cafe,12.9658149,77.7145317,,OSM
Thalassery Cafe,restaurant,12.961768,77.7168971,,OSM
The Noodle Theory,restaurant,12.9633833,77.7097519,noodle;chinese,OSM
Kebarbiq,restaurant,12.9624578,77.7166665,barbecue,OSM
Soya Chaap Restaurant,restaurant,12.8846746,77.5912603,indian,OSM
Absolute Barbecues,restaurant,12.9164193,77.6047377,indian;italian,OSM
Secrets Of Bengaluru,cafe,12.9092956,77.5275152,,OSM
Ramji Chaiwale,cafe,12.9674667,77.5999201,,OSM
Sanjay Punjabi Dhaba,restaurant,13.0577588,77.595066,,OSM
RRR Royal Gardenia,restaurant,13.0578649,77.5949142,,OSM
Bellandur Social,restaurant,12.9377734,77.6946701,american,OSM
Bluebrick Cafe,cafe,13.09534,77.5887241,,OSM
Swathi Vaibhav,restaurant,13.0936159,77.5827842,indian,OSM
Kopitiam Lah,cafe,12.9698254,77.6380772,malaysian,OSM
Vanamo,restaurant,12.9732039,77.6414403,,OSM
Sri Shakthi Condiments,cafe,12.9550804,77.5655815,,OSM
Roma Italian Deli,restaurant,12.9340508,77.6196507,italian,OSM
Agarwal Sweets,fast_food,12.8790575,77.7626997,,OSM
Mezzaluna,restaurant,12.9779654,77.6357116,,OSM
Bhartiya Jalpan,restaurant,12.9816919,77.6095569,indian,OSM
Coffee Stories,cafe,12.8870224,77.5819791,,OSM
La Gioia,restaurant,12.9697917,77.6383974,italian,OSM
Hotel Aaradhya Donne Biryani,fast_food,12.9753834,77.6036791,,OSM
Gopizza,fast_food,12.9755458,77.6052875,pizza,OSM
Indira Canteen,fast_food,12.8951668,77.5990453,regional,OSM
Tea Lounge Cafe,cafe,12.967035,77.6089891,,OSM
Cafe Zubaan,restaurant,12.9408051,77.6241773,arab,OSM
An Te Ra,restaurant,12.9471553,77.6991682,,OSM
Samosa Singh,fast_food,12.9809025,77.5634072,,OSM
Gopizza,fast_food,12.9807947,77.5634108,pizza,OSM
Dialogues Cafe,cafe,12.9325502,77.6318589,,OSM
Helloo Dilli,cafe,12.931798,77.632117,,OSM
Thai Basil,restaurant,12.9313995,77.6329049,thai,OSM
Soda Factory,restaurant,12.9580734,77.4875539,,OSM
Paper & Pie,cafe,12.9207133,77.6871884,,OSM
Muthashy's Restaurant,restaurant,12.9207693,77.6132181,,OSM
Burma Burma,restaurant,13.0109686,77.5554054,regional,OSM
Acharyas Amruth Tea And Coffee,fast_food,13.0062304,77.574335,,OSM
SSP Eating Point,fast_food,12.9433924,77.5936903,regional,OSM
Malleshwaram Dose Corner,fast_food,13.0071032,77.5708553,regional,OSM
Hustle,cafe,12.9090973,77.6425409,,OSM
Si Nonna's,restaurant,12.9062386,77.5788939,pizza,OSM
Sri Udupi Grand Veg,fast_food,12.9611555,77.5996538,indian,OSM
The Bangalore Cafe,cafe,12.9615765,77.5946056,,OSM
In Wok,restaurant,12.9654191,77.6027516,,OSM
Suay,cafe,12.906053,77.5890997,,OSM
Take A Break,cafe,12.906036,77.5889428,,OSM
Street Storyss,restaurant,12.9727001,77.6069156,,OSM
Zarf,restaurant,12.9890519,77.7301303,,OSM
Subway,fast_food,12.9607836,77.6003789,sandwich,OSM
Domino's,fast_food,12.9607413,77.6004627,pizza,OSM
Deliciae,cafe,12.966625,77.6483403,,OSM
New Meenakshi Coffee Bar,fast_food,12.9978859,77.5523038,,OSM
New Shetty Lunch Home,fast_food,12.9981375,77.5519794,,OSM
Cake Kafe,cafe,13.0011822,77.629166,,OSM
Belgian Waffle Factory,cafe,12.9951282,77.6143536,,OSM
Udupi Grand Veg,fast_food,12.9973646,77.6100249,,OSM
Palace Cafe,fast_food,12.9988703,77.5813139,,OSM
Roti Kulcha aur Naan,restaurant,12.919647,77.6506868,indian,OSM
Upahar Kerala Mess,restaurant,12.9259496,77.6778517,indian,OSM
Neon Market,cafe,12.9727674,77.6397586,,OSM
Nom Nom,restaurant,12.920914,77.6871755,asian,OSM
St. Joseph's University Food Court,food_court,12.9617175,77.5960641,,OSM
Kiki's Resto,restaurant,13.1027911,77.5535516,,OSM
Onesta,restaurant,12.9333297,77.6310562,pizza,OSM
Cafe OTW On The Way,cafe,12.9295347,77.6308153,,OSM
Kaffe 399,cafe,12.9295262,77.6319228,,OSM
Belgian Waffle,cafe,12.9305861,77.6331696,waffle,OSM
Hotel MLV Grand,restaurant,13.0681719,77.5303835,,OSM
Los Cavos,restaurant,12.9699586,77.6410247,nikkei;japanese;peruvian,OSM
Bapu Ki Kutia,restaurant,12.9071831,77.7465452,,OSM
India Chai,cafe,12.9734731,77.6073186,,OSM
Ghee Roast Company,restaurant,12.9754132,77.6023491,,OSM
Kazan Japanese Ramen,restaurant,12.9758297,77.6020658,ramen,OSM
Third Wave Coffee,cafe,12.9717772,77.5958246,,OSM
The Kind,cafe,12.9702072,77.6448025,,OSM
Navathanyam,restaurant,12.966624,77.6369819,regional,OSM
Krispy Kreme,fast_food,12.9699483,77.6400836,donut,OSM
Bologna,restaurant,12.9718678,77.6409801,italian,OSM
Oziano,fast_food,12.9662519,77.6372802,bengali,OSM
Tanjore Tiffins,fast_food,12.9665858,77.6369456,regional,OSM
Tinytalian,restaurant,12.9128766,77.6536551,italian,OSM
Olive Street Food Cafe,restaurant,12.9127014,77.6531643,,OSM
Roastea,cafe,13.0247795,77.639721,,OSM
The Peck,cafe,12.9408358,77.6202589,,OSM
Urban Dyne,restaurant,12.91247,77.7129024,,OSM
PI - Lounge Bar,restaurant,12.9263468,77.6828992,,OSM
Botany Brew and Kitchen,restaurant,12.9746519,77.5970726,,OSM
Blue Tokai Coffee Roasters,cafe,13.014757,77.5559168,coffee_shop,OSM
Bangalore Thindies,fast_food,12.9820378,77.5994651,indian,OSM
Kailash Parbat,restaurant,12.9858573,77.7081566,indian,OSM
Ravindra Kalakshetra Canteen,fast_food,12.9626393,77.5857113,,OSM
Mani's Dum Biryani,fast_food,12.9566478,77.7098961,,OSM
Rolls on Wheels,fast_food,12.9851053,77.5963765,,OSM
Urs Prashanth Hotel,fast_food,12.9880816,77.5938244,,OSM
Dunkin',fast_food,12.9882064,77.5937828,donut;coffee_shop,OSM
Biggies Burgers,fast_food,12.9882688,77.5937731,burger,OSM
Nahdi Mandi,restaurant,12.920774,77.6201642,,OSM
Bootstrapped Cafe,cafe,12.9730151,77.6155463,,OSM
Malnad Spicy,restaurant,12.9573524,77.7008566,,OSM
Cooking Mum,restaurant,12.9211418,77.6871693,,OSM
The Bench,restaurant,12.9623762,77.7165261,,OSM
Runway 27,restaurant,12.9501965,77.6899474,,OSM
Tovo,restaurant,12.9806604,77.6410844,,OSM
CR Tavern Bar & Kitchen,restaurant,12.9576909,77.6415798,,OSM
Ajji House by Subko,cafe,12.9584959,77.5927545,coffee_shop,OSM
The Pizza Bakery,restaurant,13.0275983,77.5748627,pizza,OSM
Paris Panini,fast_food,13.0276129,77.5747367,,OSM
Muraamba,restaurant,12.9633754,77.7096873,indian;regional,OSM
Pachu’s Rolls,fast_food,12.9746729,77.605845,kebab,OSM
The Filter Coffee,restaurant,12.9337842,77.6224798,south_indian,OSM
Muru Muru,cafe,12.9821836,77.6378462,coffee_shop,OSM
Izanagi,restaurant,12.9811678,77.6404826,japanese,OSM
Samskruthi Sathkara,restaurant,12.9030499,77.5859107,,OSM
Tejas Sweets,fast_food,12.9433335,77.5973926,,OSM
Dindigul Ponram,restaurant,12.9393477,77.6192653,regional;indian,OSM
Vijaylakshmi Cyber Cafe,internet_cafe,12.9434181,77.5982473,,OSM
Murugan Tiffin Center,fast_food,12.9459529,77.5951966,,OSM
Dum Durrust,restaurant,12.9725933,77.7009999,indian,OSM
Kuttanad Restaurant,restaurant,12.9370365,77.6196493,keralite,OSM
Saaras Café,restaurant,12.9364604,77.6166936,,OSM
Varaha Cafe,restaurant,12.9674645,77.6066197,north_indian;south_indian;chinese,OSM
Sandhya Veg,restaurant,12.9489708,77.5979648,,OSM
North Rasoi,restaurant,12.9949316,77.6970521,,OSM
Restaurant Chef Pillai,restaurant,12.9949545,77.6972062,,OSM
Veg Gate,restaurant,12.8349562,77.513982,indian,OSM
Swad authentic kerala restaurant,restaurant,13.0708682,77.5781591,,OSM
Namma SLN,fast_food,12.9385273,77.5819787,south_indian,OSM
Gully Coffee Roasters,cafe,12.9331657,77.6139128,coffee_shop;international,OSM
Shokudo Select,restaurant,13.0128114,77.6483893,asian,OSM
Kalki Cafe,fast_food,12.965168,77.7181262,,OSM
Hotel Thirthahalli,restaurant,12.9181213,77.6447317,regional,OSM
Dexter's,restaurant,12.9219357,77.651361,,OSM
Kolkata Hot Roll,fast_food,12.9421213,77.747222,,OSM
Cuppa Redifined,cafe,12.9119751,77.6323279,,OSM
Swaada - The Melting Point,fast_food,12.940738,77.5427812,,OSM
Namma Ashram Cafe,cafe,12.9600342,77.7325657,,OSM
Brunch Project,cafe,12.9333097,77.6270074,,OSM
Brewing Untold Stories,cafe,12.9370597,77.5731459,coffee_shop,OSM
Huvu Cafe,cafe,12.9695009,77.6478334,coffee_shop,OSM
Brewing Untold Stories,cafe,12.9198961,77.5898065,coffee_shop,OSM
Brewing Untold Stories,cafe,12.9071301,77.6130988,coffee_shop,OSM
Sasive,restaurant,12.864281,77.5632472,,OSM
Anmay,restaurant,12.9152759,77.6515543,,OSM
Underdoggs,restaurant,13.0605884,77.5925727,,OSM
Krishna Leela Grand,restaurant,13.1223644,77.6306507,indian,OSM
Pizza Hut,restaurant,13.1213851,77.6141248,pizza,OSM
Pizza Hut,restaurant,12.9568336,77.7408114,pizza,OSM
New Udupi Upahar,restaurant,12.956801,77.7419198,indian,OSM
Asha Tiffins,restaurant,12.9118609,77.6326125,,OSM
Tea House,cafe,12.9107426,77.6326455,,OSM
Unknown,fast_food,12.9104742,77.6324377,,OSM
Kailash Parbat,restaurant,12.9103743,77.6323509,,OSM
SKP Donne Biriyani,restaurant,12.9105383,77.6327368,,OSM
Dine Spot,restaurant,13.1213515,77.617323,,OSM
Thamaq,restaurant,13.1218601,77.6226174,,OSM
Donne Biryani Corner,restaurant,13.12233,77.6296681,,OSM
Biggies Burger,fast_food,13.1220914,77.6309162,,OSM
Mr biriyani,cafe,12.9563199,77.71481,,OSM
Bean Song,cafe,13.1261778,77.5665048,,OSM
The French Treaty,restaurant,13.1265265,77.5662151,,OSM
Aioli Bar + Kitchen,restaurant,13.1269973,77.566311,mediterranean,OSM
Ninan Steak house and Burgers,restaurant,12.9164837,77.6022732,,OSM
Kadai,restaurant,13.0963903,77.5840727,regional,OSM
Amagat Garden Cafe,cafe,12.9840162,77.6174052,,OSM
Kavi Super Cooldrinks,fast_food,12.93786,77.7472805,juice,OSM
Fardeen Biriyani And Kabab Center,restaurant,12.9395868,77.7475557,biriyani;kebab,OSM
Sri Manjunatha Tiffen Center,cafe,13.1028502,77.5998503,,OSM
Donne Biriyani Mess,cafe,13.1026496,77.5997746,,OSM
Unknown,fast_food,13.0995488,77.5990454,biriyani,OSM
Supreme Gardenia,restaurant,13.0989976,77.5988086,,OSM
The Idli Foundry,cafe,13.0809047,77.5928822,,OSM
Hot Chips,fast_food,13.1030493,77.5980622,,OSM
Simple Tiffins,cafe,13.1032783,77.5986381,,OSM
Cubbonpete Tiffin Rooms,fast_food,12.9458621,77.5686701,,OSM
Mitra Cafe,restaurant,12.93678,77.6249117,indian,OSM
Tealogy,cafe,12.8806782,77.6525736,tea;indian,OSM
Domino's,fast_food,12.8787343,77.6537102,pizza,OSM
Beverich Hotspot,cafe,12.8791967,77.6534888,coffee_shop;burger;sandwich;ice_cream;ramen;noodle;pasta;tea,OSM
Udupi Sri Krishna Grand,restaurant,13.1351236,77.6680091,,OSM
BMJH Cafe,cafe,12.9908221,77.5958341,,OSM
Priyadarshini Veg,restaurant,12.8605492,77.7797755,,OSM
Panchami Garden,restaurant,13.1218806,77.623023,,OSM
China Town,restaurant,12.9158761,77.6326504,,OSM
Biriyani Zone,restaurant,12.9116751,77.6350367,,OSM
Samosa Point,restaurant,12.9103731,77.6328115,,OSM
Cevi,restaurant,12.9168855,77.6450023,indian,OSM
The  Coffee Brewery,cafe,12.9118307,77.6423017,,OSM
Indira Canteen,fast_food,12.9505253,77.598265,south_indian,OSM
Ocean Cake,fast_food,12.9568587,77.7411055,,OSM
Unknown,restaurant,12.9393619,77.6094321,chinese,OSM
Domino's,fast_food,12.9436081,77.6078644,pizza,OSM
Sutta Brake,cafe,12.9160425,77.6122943,,OSM
Gyani Da Punjabi Dhaba,restaurant,12.9161858,77.6122795,indian,OSM
Cremeux,cafe,12.9135804,77.6043652,,OSM
The Koi,restaurant,12.9137236,77.6051894,asian,OSM
GoPizza,restaurant,12.9756219,77.6052086,pizza,OSM
Aligargh House,restaurant,12.908452,77.6352471,,OSM
Udupi Pakaruchi,restaurant,12.9383829,77.7442823,indian;udupi;north_indian;south_indian;coffee_shop;juice;ice_cream,OSM
Lots Of Litti,restaurant,12.9555958,77.7198894,,OSM
Nandhana Palace,restaurant,13.0978009,77.5845162,regional,OSM
Sakura Matcha Bar,cafe,12.9664693,77.6126813,,OSM
11grams Coffee Roasters,cafe,12.971271,77.608012,,OSM
Aangan,restaurant,13.1145947,77.5778291,,OSM
Sunshine Cafe,cafe,12.9258462,77.6184377,,OSM
Somras Bar and Kitchen,restaurant,12.9121681,77.6495312,,OSM
Koshe Kosha,restaurant,12.978104,77.6379997,bengali,OSM
Soofi Mandi,restaurant,12.8630573,77.5910135,,OSM
Neravi,restaurant,13.0177761,77.5917014,,OSM
Bombay Brasserie,restaurant,13.0420326,77.6194409,regional,OSM
Maffei Kitchen,restaurant,12.9864317,77.5952943,mediterranean,OSM
Seven Seas Seafood Restaurant,restaurant,12.9928925,77.7530873,seafood,OSM
Darshan Bar & Restaurant,restaurant,13.05513,77.534738,,OSM
Yara Cafe,restaurant,12.9421337,77.6219393,,OSM
Ambur Hot Dum Biriyani,restaurant,13.1020791,77.5770067,,OSM
Chai Victory,cafe,13.1049635,77.5931418,,OSM
Mashallah Biryani Hotel,restaurant,13.1050815,77.5928726,,OSM
Smart Cafe,cafe,13.1043417,77.595093,,OSM
Ganesh Tea Stall,cafe,13.1056592,77.5923809,,OSM
Unknown,cafe,13.1086111,77.5920466,,OSM
Tawakal Tea Corner,internet_cafe,13.0149829,77.6173932,,OSM
Sri Rameshwara Cafe,restaurant,13.0518455,77.6312217,,OSM
Pizza Hut,restaurant,13.0519137,77.6312054,pizza,OSM
Bismillah Hotel,restaurant,13.0025681,77.6120094,,OSM
Om Ganesh Fruit And Juice Center,fast_food,13.1039619,77.6145301,juice,OSM
Shree Cafe,restaurant,12.9152207,77.6650205,,OSM
"The Yard, Whitefield",restaurant,12.9776677,77.7072956,indian;asian;continental;bar_food;grill;fusion,OSM
Chai Adda,cafe,13.1348324,77.5795426,tea;coffee_shop,OSM
Domino's,fast_food,12.9355353,77.6082518,pizza,OSM
Cafe Amudham,restaurant,12.9337934,77.6197867,,OSM
The Filter Coffee,restaurant,12.9336313,77.6226322,,OSM
MM Nati Mane,restaurant,12.909786,77.6325956,,OSM
Guerilla Diner,restaurant,12.9717604,77.6275714,burger;mexican,OSM
Panetteria Bengaluru,cafe,12.9792277,77.6366448,,OSM
Kerbside Bistro,cafe,13.0077805,77.5779394,,OSM
Thalassery Cafe,cafe,13.0373232,77.5655573,,OSM
Unknown,fast_food,13.0419418,77.5701673,,OSM
Chai Theory,cafe,13.0336695,77.5686948,,OSM
Nenapu,cafe,12.9060713,77.5943602,,OSM
Good Flippin' Burgers,fast_food,12.9118648,77.6389566,burger,OSM
Good Flippin' Burgers,fast_food,12.9347344,77.6112226,burger,OSM
Good Flippin' Burgers,fast_food,12.9940111,77.6993264,burger,OSM
Good Flippin' Burgers,fast_food,12.974324,77.6072032,burger,OSM
Good Flippin' Burgers,fast_food,12.9783601,77.6362764,burger,OSM
Good Flippin' Burgers,fast_food,13.0182255,77.6363763,burger,OSM
Good Flippin' Burgers,fast_food,13.070718,77.5899795,burger,OSM
Bismilla Biriyani,restaurant,12.9106722,77.6294978,,OSM
Kabab Magic,fast_food,12.930259,77.57615,,OSM
Gayatri Coffee Kendra,fast_food,12.9295858,77.5764075,,OSM
Katte Kulture,cafe,12.9258756,77.5894258,coffee_shop,OSM
Tribe Roots,restaurant,12.9772724,77.6314306,chinese,OSM
Cafe Petriqor,cafe,12.9066822,77.5851367,coffee_shop,OSM
Gaia,restaurant,12.906049,77.586435,regional,OSM
Crackle Kitchen,restaurant,12.9802567,77.6404701,,OSM
Koreyaki,restaurant,12.970248,77.6361439,korean,OSM
The Batala House,fast_food,12.9422977,77.7472161,,OSM
Kumar Karam Dosa,fast_food,12.9509819,77.7034443,,OSM
Sabari Cafe,fast_food,12.96905,77.6483249,,OSM
Rbp Greens garden bar and restaurant,restaurant,12.9053383,77.6105791,,OSM
Starbucks,cafe,12.9403258,77.5247379,coffee_shop,OSM
Starbucks,cafe,12.9403258,77.5247379,coffee_shop,OSM
Starbucks,cafe,12.9403258,77.5247379,coffee_shop,OSM
The Veg & Veg,restaurant,12.9705696,77.645413,south_indian,OSM
The Brown Table,cafe,13.0145068,77.5743315,,OSM
Sri Krishna Bhavan,restaurant,12.9721073,77.6528331,indian;regional,OSM
Chaat,fast_food,12.9700219,77.6505553,,OSM
Biryani Bhojana,restaurant,12.9684107,77.6501156,,OSM
Cafe Amudham,cafe,12.9683648,77.6500847,,OSM
Chickpete Donne Biryani Mane,fast_food,12.9681876,77.6519359,,OSM
New Udupi Grand,fast_food,12.9681088,77.6524272,,OSM
Sri Laxmi Darshini,restaurant,12.9721997,77.6520018,,OSM
Sri Lakshmi Darshini Vaibhav Veg,restaurant,12.9724575,77.651995,indian,OSM
Shree Ganesha Fruit Juice Centre,fast_food,12.9722865,77.652953,,OSM
Cafe Muziris,cafe,12.9777988,77.6395581,,OSM
Maverick and Farmer Coffee,cafe,12.9873412,77.5934346,coffee_shop,OSM
Smoor,cafe,13.0077426,77.5798357,,OSM
The Lake Theory,cafe,13.0925019,77.5864596,,OSM
Sri Bhageshwar Dhaba,restaurant,12.9285177,77.741304,indian;regional;north_indian,OSM
Sunnys,restaurant,12.9221941,77.5850375,,OSM
Sawari North Indian Kitchen,restaurant,13.0713032,77.6518044,,OSM
Jolly Johnny's Bar,restaurant,12.9400829,77.6255134,,OSM
Cafe Jassie's,cafe,12.9307897,77.5434861,,OSM
Serious Slice,restaurant,12.9330366,77.5166559,pizza,OSM
Fast Coffee,cafe,12.9350501,77.6250594,coffee_shop,OSM
Element 3,restaurant,12.9561993,77.7325751,,OSM
Murugan Cafe,restaurant,12.9764897,77.6269565,,OSM
Velvet Bakes,cafe,12.9996817,77.6000976,,OSM
Drip and Drop Coffee,cafe,12.906136,77.5905005,coffee_shop;cafe;breakfast;tea,OSM
Mara Coffee & Roasters,cafe,12.9079027,77.6475236,coffee_shop,OSM
Socialize,cafe,12.9926112,77.5391934,,OSM
Ovenly Bliss,cafe,12.9864387,77.594938,,OSM
SpiceKlub - Jayanagar,restaurant,12.9396048,77.5853855,indian;modern_indian,OSM
Quattro Ristorante,restaurant,12.9396082,77.5853674,italian;mexican,OSM
Quattro Bistro,cafe,13.007551,77.5793716,coffee_shop;italian;mexican,OSM
Sri Udupi Food Hub,restaurant,13.0982886,77.5694643,indian;chinese;juice;coffee_shop;regional;curry,OSM
Sky Garden,restaurant,12.9938867,77.7033425,,OSM
Park View,restaurant,12.9728389,77.6168178,indian,OSM
aubree,cafe,13.0045713,77.5787232,,OSM
California Burrito,restaurant,13.0051836,77.5788632,mexican,OSM
Blue Tokai Coffee Roasters,cafe,13.0069207,77.5789754,coffee_shop,OSM
Green Onion,restaurant,12.9734282,77.6093454,chinese,OSM
Street Storyss,restaurant,12.8872468,77.5623226,regional;indian,OSM
24/7,restaurant,12.9923685,77.5820643,,OSM
OKO,restaurant,12.9922169,77.5819811,asian,OSM
Baluchi,restaurant,12.9925122,77.5821367,indian,OSM
The Green Path,restaurant,12.990458,77.5719725,,OSM
Hermitage,restaurant,13.008566,77.563258,,OSM
Si Nonna's,restaurant,12.9324485,77.7456181,pizza,OSM
Si Nonna's,restaurant,12.9365501,77.6150659,pizza,OSM
Si Nonna's,restaurant,12.9733047,77.6019212,pizza,OSM
Babai Hotel,restaurant,12.977065,77.7249482,,OSM
Unknown,restaurant,12.9828948,77.5493318,,OSM
Indira Canteen,fast_food,12.9785148,77.5491667,,OSM
Kuppu's Kafe,cafe,12.9607659,77.5335532,,OSM
KFC,fast_food,12.9696611,77.536628,chicken,OSM
Dear Foods,fast_food,12.9752429,77.536694,,OSM
Sri Ganesha Fruit Juice Centre,fast_food,12.9756844,77.5364878,juice,OSM
Burger King,fast_food,12.9680768,77.5360116,burger,OSM
Sri Krishna Vaibhav,restaurant,12.9671694,77.5355723,,OSM
Chikoos,fast_food,13.0096377,77.5594494,juice,OSM
TYD,restaurant,13.054452,77.6462415,,OSM
Brewsom Coffee,cafe,13.0211537,77.6519077,,OSM
The Taste of Bengal,fast_food,13.0413862,77.6216592,,OSM
Kakatiya Foods,fast_food,13.0413867,77.6217785,,OSM
Central Flavors,restaurant,13.028729,77.6320864,,OSM
Subway,fast_food,13.0298092,77.6341452,sandwich,OSM
Coffee Mechanics,cafe,13.0340054,77.6383349,,OSM
Andhra Spice,restaurant,13.0475766,77.6444763,,OSM
Ambur Hot Dum Biryani,fast_food,13.0479657,77.6452691,,OSM
Lumina Foods,fast_food,13.0582011,77.6435954,,OSM
Sri Udupi Vaibhava,fast_food,13.0598775,77.6425707,,OSM
The White Room Coffee & Kitchen,cafe,12.9751544,77.6031683,,OSM
Lakehouse Cafe,cafe,13.0624577,77.6103951,,OSM
Kaippunyam Kerala Restaurant,restaurant,12.9707481,77.6066446,,OSM
KFC,fast_food,12.9521165,77.4980883,chicken,OSM
Domino's,fast_food,12.9511792,77.4943916,pizza,OSM
Domino's,fast_food,12.9273127,77.6689872,pizza,OSM
Big Guys: Wings & More,fast_food,12.9271437,77.6691386,burger;wings;chicken,OSM
Sando Club,restaurant,12.9716468,77.6126475,sandwich,OSM
Blue Tokai Coffee Roasters,cafe,12.971744,77.5943973,coffee_shop,OSM
Theobroma,cafe,13.0416197,77.6194652,,OSM
Nasi and Mee,restaurant,13.0420275,77.6196581,asian,OSM
Pasta Street,restaurant,12.907107,77.6945977,pasta,OSM
Pasta Street,restaurant,12.9071543,77.5988211,pasta,OSM
Pasta Street,restaurant,12.9881693,77.7301047,pasta,OSM
Pasta Street,restaurant,12.9671434,77.6416627,pasta,OSM
Pasta Street,restaurant,13.063603,77.5912381,pasta,OSM
Sanchez,restaurant,12.9717337,77.5963457,,OSM
Badmaash,restaurant,12.9721153,77.5963095,,OSM
Ambala Cantt- Cloud Kitchen,restaurant,12.9186803,77.5482356,indian;punjabi;north_indian,OSM
Bangalore Dosa,restaurant,12.977003,77.7267208,,OSM
Samosa Party,fast_food,12.9674098,77.7147635,,OSM
Vijayalakshmi,restaurant,12.9451436,77.5680133,,OSM
Haveli,restaurant,13.0954106,77.5834856,,OSM
Dave & Buster's,restaurant,12.9453987,77.6196691,american,OSM
Indira Canteen,fast_food,13.0016412,77.601576,south_indian,OSM
Net Junction,internet_cafe,13.0092422,77.5772807,,OSM
The Bon Coffee,cafe,13.1036395,77.5753829,coffee_shop,OSM
Tree Tops,restaurant,12.9746984,77.5995302,,OSM
Mumbai Canteen,restaurant,12.9008407,77.6405262,,OSM
Desi Tea Master,cafe,12.9008242,77.6399197,,OSM
Magnolia Bakery,cafe,12.9734621,77.6019267,,OSM
Fish fry day,restaurant,12.9122602,77.6335967,,OSM
Godavari Cafe,restaurant,12.9156865,77.6325101,,OSM
Yewale,cafe,12.9086726,77.646939,,OSM
Champaran Dhaba,restaurant,12.9121081,77.6244415,,OSM
The Madras Mess,restaurant,12.906594,77.6492113,,OSM
Kerala Cafe,fast_food,12.9735012,77.6079798,,OSM
Brigade Dine Cafe,fast_food,12.9734934,77.6078611,,OSM
Brigade Tea Centre,fast_food,12.9735293,77.6076324,,OSM
Hug in a Mug,cafe,12.8755618,77.532839,,OSM
Food Spring,restaurant,12.926303,77.5821451,chinese;thai;jain,OSM
Cafe Coffee Day,cafe,12.9259657,77.5839752,coffee_shop,OSM
Empark Restaurant,restaurant,12.9412309,77.5932246,,OSM
Starbucks,cafe,12.9246046,77.5839177,coffee_shop,OSM
Ice Cream Wonderland And Pizzeria,restaurant,12.925784,77.5839491,,OSM
Chaayos,cafe,12.9248546,77.5839196,tea,OSM
Dakshin Express,restaurant,13.0069665,77.5789097,regional;coffee_shop;indian,OSM
Krishna Cafe,cafe,12.9231939,77.5851987,,OSM
Atty's Express Cafe,cafe,12.9753903,77.602846,,OSM
Unknown,cafe,12.9746898,77.6057539,bubble_tea,OSM
Biryani Blues,fast_food,12.9746771,77.6058099,,OSM
Levista Gourmet Studio,cafe,12.9747702,77.6064154,,OSM
Annapurna Mess,restaurant,13.0586162,77.5915583,,OSM
The Fat Chef,restaurant,12.9545315,77.7234526,pizza;pasta;steak_house;burger,OSM
Yumm Keralam,restaurant,13.0602016,77.6531562,,OSM
Zatar,restaurant,13.0485755,77.6457305,,OSM
Indira Canteen,fast_food,12.9843323,77.6054625,south_indian,OSM
Aroma Cafe,fast_food,12.9694137,77.7480221,,OSM
Sardarji's Kitchen,fast_food,12.9694276,77.7477172,,OSM
NMIT Siri,fast_food,13.1283436,77.5881109,,OSM
Sanvi Star Canteen,fast_food,13.026469,77.5645494,,OSM
Vayu Vihar Aerospace Canteen,fast_food,13.026563,77.5625579,,OSM
Unknown,fast_food,12.9778851,77.571259,,OSM
Unknown,fast_food,12.9784,77.5718417,,OSM
Unknown,fast_food,12.9785535,77.5724063,,OSM
Unknown,fast_food,12.9781027,77.5732076,,OSM
Unknown,fast_food,12.9782504,77.5726819,,OSM
Unknown,fast_food,12.978217,77.5720167,,OSM
Unknown,fast_food,12.9778877,77.5725304,,OSM
Kadamba Veg,restaurant,12.9138844,77.4870121,,OSM
The Big Barn,restaurant,12.8759706,77.5296955,,OSM
Beijing Bites,fast_food,12.9657365,77.6015719,chinese,OSM
Ferrara,restaurant,12.9727112,77.6069632,pizza,OSM
Stories 2.0,restaurant,12.9159877,77.6326621,,OSM
Kritunga The Palegar's Cuisine,restaurant,12.9334666,77.6208718,,OSM
Be Luru,restaurant,12.9975563,77.584202,,OSM
Ethic Attic Cafe,cafe,12.9670968,77.6481231,,OSM
Karma & Kurry,restaurant,13.138715,77.569592,,OSM
Karma & Kurry,restaurant,12.9700204,77.6093289,,OSM
Taffy's Rooftop Pub and Kitchen,restaurant,12.9972963,77.5472693,,OSM
Miso Hungry,restaurant,12.9584375,77.7155081,,OSM
Matcha Cafe,cafe,12.9583367,77.7154806,,OSM
Domino's,fast_food,13.0538641,77.5074615,pizza,OSM
Brik Oven,restaurant,12.9799611,77.6465523,pizza,OSM
Kwality Fresh Juice Bar,fast_food,12.9711734,77.6068338,juice,OSM
Mojo Pizza,fast_food,12.9905992,77.5745019,,OSM
The Hyderabad Chefs,restaurant,12.9866607,77.5742892,,OSM
KoMaama,restaurant,12.9711123,77.6068203,korean,OSM
Indian Coffee House,restaurant,12.9338133,77.6158653,coffee_shop;indian,OSM
Italia,restaurant,12.974056,77.6195173,,OSM
The Falcon Cafe,cafe,12.9712959,77.6143835,,OSM
Ami Tea Stall,cafe,13.0266999,77.5392993,,OSM
Cajsa,restaurant,12.9669505,77.5958884,,OSM
The Daily Bean,cafe,13.0692797,77.648339,,OSM
1947,restaurant,13.0695906,77.6513176,,OSM
McDonald's,fast_food,13.069699,77.6518299,burger,OSM
Domino's,fast_food,13.0696363,77.6518312,pizza,OSM
Leon's Burgers & Wings,fast_food,13.0711177,77.6519807,,OSM
Kapoor's Cafe,restaurant,13.0711158,77.6520753,,OSM
KFC,fast_food,13.071219,77.652078,chicken,OSM
Pizza Hut,restaurant,13.0712216,77.6519754,pizza,OSM
Vada Pav,fast_food,12.9892506,77.7267323,,OSM
Vada Pav,fast_food,12.9892506,77.7267323,,OSM
Rajwadi,restaurant,12.9643677,77.7150123,,OSM
Sharma Family Dhaba,restaurant,13.0481604,77.5077186,,OSM
The Lit Caffe,cafe,13.0153582,77.646874,,OSM
Canteen,fast_food,12.9776263,77.5878847,,OSM
Dhanraj,restaurant,12.9094241,77.6387596,,OSM
Helen's Place,restaurant,12.950865,77.7000867,,OSM
Cafe Amudham,cafe,12.9590688,77.7162436,,OSM
Ola Farzi Cafe,cafe,12.9313727,77.6160967,,OSM
Thalassery Restaurant,restaurant,12.841888,77.6452851,,OSM
Truffles,restaurant,13.0282975,77.5731188,american,OSM
PartTwo,restaurant,12.970907,77.5975481,,OSM
Uttara Karnatakada Gama Gama,restaurant,12.9380412,77.5692291,,OSM
Meghana Foods,restaurant,12.8791766,77.646483,indian,OSM
Kebapci,restaurant,12.9361615,77.6224708,turkish,OSM
Kebapci,restaurant,12.8875145,77.562739,turkish,OSM
Brindavan Grand,cafe,12.9424364,77.7475507,,OSM
New Kudla,restaurant,12.9725668,77.6208704,,OSM
Advaitha Donne Biryani,restaurant,12.9512115,77.7155874,biryani;indian,OSM
Subbu Tiffin Center,fast_food,13.1046627,77.5692675,,OSM
Swaad Ki Dolchi,restaurant,13.0980873,77.5676819,,OSM
Domino's,fast_food,12.9435827,77.7515382,pizza,OSM
Udupi Upahar,restaurant,12.9402115,77.7616366,,OSM
Clean Slate Cafe,cafe,13.0043996,77.570632,,OSM
Silaa - The Garden Cafe,cafe,13.0043931,77.5709921,,OSM
Mandarthi Durga Parameshwari,fast_food,12.965757,77.5904035,,OSM
Iris Cafe and Kitchen,cafe,12.9057047,77.5831816,,OSM
Babai Tiffins,restaurant,12.8607531,77.7764981,,OSM
Siddhi Vada Pav,fast_food,12.8621818,77.7717578,,OSM
Trot - The Republic of Taste,fast_food,12.9104282,77.5910714,,OSM
Alienkind,fast_food,12.9636433,77.6412982,,OSM
Sri Basaveshwara Khanavali,restaurant,12.9378527,77.7473753,indian,OSM
MMA Kababs & Rolls,restaurant,12.9373162,77.748436,,OSM
adda,fast_food,12.937097,77.7490583,juice,OSM
Samosa Party,restaurant,12.9370108,77.7497353,indian;chaat,OSM
Pind Baluch,restaurant,12.9145731,77.6767411,,OSM
Chill N Waffle,restaurant,12.9113947,77.615695,,OSM
Corn Insta,fast_food,12.9112174,77.6156439,,OSM
Irani Chai Biscuit,cafe,12.9114044,77.6156456,,OSM
Third Wave Coffee Roasters,cafe,12.932065,77.7457059,coffee_shop,OSM
Kef,fast_food,12.9721274,77.6077643,shawarma,OSM
Veneta Cucine,restaurant,12.9988132,77.5839495,,OSM
Baklavachi,fast_food,12.9961032,77.6127286,,OSM
The Churros Corner,fast_food,12.9955295,77.6141489,,OSM
Peppa Zzing,fast_food,12.9958249,77.6164556,burger,OSM
The Kadubu Canteen,restaurant,12.8895956,77.5817507,south_indian,OSM
Halwai Junction,restaurant,13.0983668,77.5733927,,OSM
Meloghrano,restaurant,12.9289114,77.5670627,,OSM
Kitchen Ministry,restaurant,12.9708215,77.6409964,,OSM
Tarangini Multi-Cuisine Outdoor,restaurant,12.9721009,77.7494234,,OSM
Habba Kadal Kashmiri Restaurant,restaurant,12.9721976,77.7494321,,OSM
High Brew,restaurant,12.8995808,77.5944346,,OSM
Sree Godavari Ruchulu,restaurant,13.0225479,77.6375417,,OSM
Liquids Bar and Kitchen,restaurant,13.0302202,77.5704154,,OSM
New Hallimane Dhaba,restaurant,13.0963161,77.4857542,,OSM
Shukra Dine,restaurant,13.1090044,77.5802122,,OSM
ON DE Roof,restaurant,13.1090867,77.5802082,,OSM
The South Place,restaurant,12.9886879,77.7330631,,OSM
Trippy Goat Cafe,cafe,12.9201239,77.6851535,,OSM
Kritunga The Palegar's Cuisine,restaurant,12.8922383,77.5985354,,OSM
YOYO! Fresh Tea Bar,cafe,12.972464,77.6203034,bubble_tea,OSM
Chai Point,cafe,13.0222643,77.6383156,coffee_shop,OSM
The Dome Cafe,cafe,13.022525,77.6374982,,OSM
The King of Taste,restaurant,13.0223666,77.6380289,,OSM
Zamindar,restaurant,13.0223907,77.6379343,,OSM
The Rustic Roots,cafe,13.0227138,77.6379354,,OSM
Burger King,fast_food,13.0229627,77.6374453,burger,OSM
Chickpet Donne Biryani House,fast_food,13.0229725,77.6368725,,OSM
Mahanagaram,restaurant,13.0188985,77.6429518,,OSM
The Mansion,restaurant,12.8714758,77.576331,,OSM
Hipp-E Panda,cafe,13.0556069,77.6449111,,OSM
Beyond Bean Cafe,cafe,12.9727491,77.6075407,,OSM
ilumi,restaurant,12.9802784,77.6404705,asian,OSM
Friendz Flavour Kitchen,restaurant,12.9353545,77.6295503,,OSM
CMR Collage cafeteria,fast_food,13.0063802,77.6504432,,OSM
Andhra Mess,restaurant,12.9377424,77.7472045,,OSM
Unknown,restaurant,13.1189881,77.6599973,,OSM
V Coffee Cafe,fast_food,12.9565571,77.5291479,indian;regional,OSM
Thatha Tea,fast_food,13.1037603,77.571631,,OSM
Taste of Tibet,fast_food,12.9735078,77.6068776,tibetan,OSM
Onesta,restaurant,13.0984513,77.5848689,pizza,OSM
Basaveshwar Khanavali,restaurant,12.9728678,77.6094161,indian;regional,OSM
Third wave coffee shop,cafe,12.9267856,77.5612233,,OSM
Pulimunchi Restaurant,restaurant,13.0056661,77.5806713,,OSM
Five Star Chicken,fast_food,12.9087906,77.5340771,chicken,OSM
Pancharangi Cafe,cafe,12.9180994,77.6306025,,OSM
LICK - Lavonne Ice Cream Kitchen,restaurant,12.9676839,77.6367985,,OSM
Aditi's Flavor Hub,restaurant,12.9376998,77.7478309,chinese;north_indian;tandoor,OSM
Udupi Garden,restaurant,12.9190531,77.5970575,indian;chinese;coffee_shop;regional;noodle,OSM
Rajathagiri Palace,restaurant,12.8742656,77.540834,,OSM
The Coffee Brewery,cafe,13.0145341,77.649062,,OSM
11:11 Reserve,cafe,13.0147317,77.6491985,,OSM
Baileys Cafe and Restaurant,restaurant,13.0146538,77.6491446,,OSM
Aaha Thindi,restaurant,12.9847521,77.5970662,chinese;south_indian,OSM
Taj Biryani Paradise,fast_food,12.9948384,77.5552933,,OSM
Pizza Hut,restaurant,12.9955319,77.5546673,pizza,OSM
Karnataka Biryani Point,fast_food,13.0194302,77.5563272,,OSM
Priyadarshini Veg,fast_food,13.022946,77.5566881,,OSM
Sangam Bar & Restaurant,restaurant,13.0289168,77.559199,,OSM
Chandan Bar & Restaurant,restaurant,13.0307751,77.5597481,,OSM
Pizza Hut,restaurant,13.0332305,77.5581139,pizza,OSM
Ambur Hot Dum Biryani,fast_food,13.0339182,77.5577027,,OSM
Sri Mahalasa Grand,fast_food,13.0496128,77.5535048,,OSM
Malgudi's Donne Biryani,fast_food,13.0301341,77.5594504,,OSM
Trupti Bar & Restaurant,restaurant,13.0254939,77.5575302,,OSM
Dakshin Cafe,restaurant,12.9071,77.6003438,regional;indian,OSM
Laddu Boy,restaurant,12.9178963,77.5969663,regional;coffee_shop;indian,OSM
The Boba King,fast_food,12.9732063,77.6068045,bubble_tea,OSM
The Bloom,cafe,12.9261107,77.5898357,coffee_shop,OSM
Dakshin Thindi,fast_food,12.9196919,77.5834863,,OSM
Hatti Kaapi,fast_food,12.9802813,77.6050445,,OSM
KGN Biriyani Point,fast_food,12.9896019,77.5993579,,OSM
Al Madiinah Biryani Store,fast_food,12.9892976,77.5992852,,OSM
Bangalore Thindies,fast_food,12.9887509,77.5990782,,OSM
Shahi Kabab Roll Centre,fast_food,12.9878162,77.5987746,,OSM
Santosh Pan Paradise and Fresh Juices,fast_food,12.9874974,77.5986568,,OSM
Sri Basaveshwara Sugar Cane,fast_food,12.9259207,77.6698329,juice,OSM
Sri Krishna Bhog,restaurant,12.9272971,77.6692401,,OSM
Olio,fast_food,12.9273552,77.6692361,pizza,OSM
Shahi Paneer,restaurant,12.927435,77.6692361,,OSM
The Thai Chef Restaurant,fast_food,13.0219716,77.6399584,,OSM
Gopizza,fast_food,13.0223009,77.6395172,,OSM
Subway,fast_food,13.0222447,77.638384,sandwich,OSM
Khambu Momo's,fast_food,13.0225165,77.6383665,,OSM
Indira Canteen,fast_food,12.9580248,77.5272879,south_indian,OSM
block two coffee,cafe,12.9401608,77.5839468,coffee_shop,OSM
Sri Seshamahal Restaurant,fast_food,12.9757374,77.6022934,,OSM
Tasty Food,fast_food,12.9757433,77.602379,,OSM
Santosh Chats,fast_food,12.9757755,77.6023797,,OSM
Udupi Gokarna,restaurant,12.9562713,77.7284743,indian,OSM
Five Star Chicken,fast_food,12.9561751,77.7291725,chicken,OSM
Swad,restaurant,12.9560619,77.7259342,,OSM
Sri Kanteshwara Hotel,restaurant,12.95627,77.7308463,indian,OSM
Sai Ram Hot Chips,fast_food,12.9571991,77.738507,,OSM
Sri Viniyaka Mess,cafe,12.9571606,77.7387642,,OSM
Aramane Donne Biryani,fast_food,12.907737,77.6281119,,OSM
KFC,fast_food,12.9255045,77.7370968,chicken,OSM
The Café 23,cafe,12.9561434,77.7320423,,OSM
KFC,fast_food,12.9568072,77.7363519,chicken,OSM
Ila Bengaluru,restaurant,13.0215052,77.640534,,OSM
Sri Ganesh Fruit Juice Center,fast_food,12.9567667,77.7425694,juice,OSM
Viniyaka Hot Chips,fast_food,12.9568671,77.7392132,,OSM
MCC,restaurant,12.9568341,77.740717,,OSM
The Raghavendra Cafe,restaurant,12.9576679,77.5283537,indian;regional,OSM
RMV CANTEEN,cafe,13.0323908,77.5771592,,OSM
Huddle Coffee Co.,cafe,13.0401281,77.6343169,coffee_shop,OSM
Nellore Mess,cafe,12.9566131,77.7440565,,OSM
Anjappar Chettinad Restaurant,restaurant,12.9143329,77.6372519,south_indian,OSM
Sri Prasanna Kailash Juice Shop,fast_food,12.9396434,77.7473372,juice,OSM
Fresh Crush,fast_food,12.9401178,77.7468332,juice,OSM
Udupi Upahar Veg,restaurant,12.9568026,77.7423896,,OSM
Xero Degrees,fast_food,12.9665388,77.7141281,,OSM
Unknown,restaurant,12.9665184,77.7141852,chinese,OSM
Sri Udupi Food Hub,fast_food,12.9186556,77.5780101,,OSM
Blue Tokai,cafe,13.0247149,77.6400121,coffee_shop,OSM
IDC Kitchen,fast_food,13.0236402,77.6396392,,OSM
Got Tea,cafe,13.0235435,77.6399329,,OSM
Plan B,restaurant,13.022932,77.6398592,,OSM
Koreyaki,restaurant,13.0224355,77.6395306,,OSM
Biggies Burger,fast_food,12.9221472,77.7366096,burger,OSM
KFC,fast_food,12.874822,77.7661681,chicken,OSM
Pizza Hut,restaurant,12.8747865,77.7662222,pizza,OSM
Domino's,fast_food,12.8604125,77.7772872,pizza,OSM
The Lassi Shop,cafe,12.8607228,77.7770733,sandwich;burger;pizza;ice_cream;juice;falooda;lassi,OSM
The Empire Hpuse,cafe,12.8607725,77.7770815,,OSM
Starbucks,cafe,12.9824009,77.6108551,coffee_shop,OSM
Lala Place,fast_food,13.0610762,77.6420633,korean,OSM
kl. 58 Cafe,cafe,13.0696526,77.5553534,,OSM
Shobana Chats,fast_food,13.0683108,77.5600867,,OSM
Toastid Co,restaurant,12.966328,77.6371955,,OSM
Subway,fast_food,13.0695633,77.5561449,sandwich,OSM
Iyengar's Tatte Idli Vada,cafe,13.0695592,77.5560754,,OSM
Sri Sai Hot Chips,fast_food,13.067194,77.5539632,,OSM
Karavali Restaurant,restaurant,12.922395,77.6339794,,OSM
7th Cross,restaurant,12.9218604,77.6337115,,OSM
Hotel Kiran,cafe,13.0683485,77.5544945,,OSM
KA 44 Juice Center,fast_food,13.0694674,77.5550707,juice,OSM
KA 44 Chats Center,fast_food,13.0694938,77.5550399,,OSM
Delights,cafe,13.0694917,77.5550848,,OSM
Kolkata Hot Rolls,fast_food,13.0696606,77.5551499,,OSM
Cafe Azzure,cafe,13.0236036,77.6352605,coffee_shop,OSM
Store Coffee,cafe,13.0238741,77.6362241,coffee_shop,OSM
Sri Bhramalingeshwara Tiffin Center,cafe,13.0719161,77.5564029,,OSM
SLV Chats,fast_food,13.0719935,77.5561904,chaat,OSM
Bangarpet Chats,fast_food,13.0690527,77.5578298,chaat,OSM
Uncle Chicken,fast_food,13.0704343,77.5553668,chicken,OSM
Zaatar,restaurant,12.9953369,77.6668819,,OSM
Citrus Cafe,restaurant,12.9872864,77.6168337,,OSM
Shift Rooftop Bar & Kitchen,restaurant,12.9469174,77.6992165,,OSM
Bella Ciao,restaurant,13.0963657,77.5288171,,OSM
Chai Point,cafe,12.9264285,77.5848661,coffee_shop,OSM
Sri Durga Tiffin,fast_food,13.0846426,77.559319,,OSM
Sri Basaveshwara Khanavali,fast_food,13.08368,77.5601426,,OSM
RR Dum Biriyani,cafe,12.9380357,77.7464481,,OSM
The Banaras Cafe,cafe,12.9286007,77.7397026,,OSM
Eat Raja,fast_food,13.0047381,77.5713234,,OSM
Squeez Juice Bar,fast_food,13.0118443,77.5552205,,OSM
Uncle Peter's Pancakes,fast_food,13.0118426,77.5551085,pancake,OSM
Franks,fast_food,13.0118434,77.5551823,hot_dog,OSM
Magnolia Bakery,cafe,13.0108881,77.5549465,,OSM
Chelvies Coffee Roastery,cafe,12.967796,77.6528464,,OSM
Fifty50,restaurant,12.9204941,77.6846205,,OSM
Serious Slice,restaurant,12.9885226,77.5940846,pizza,OSM
Bengaluru Cafe,fast_food,13.0067282,77.5710739,,OSM
Fervor,restaurant,13.0235762,77.6396372,,OSM
The Indian Eatery,restaurant,13.0190566,77.6515321,,OSM
Dhanalakshmi Tiffin Room,fast_food,12.9760006,77.6022895,,OSM
Open Door Coffee Co,cafe,13.0579231,77.6504167,,OSM
Cottage Loaf,cafe,13.054946,77.6537465,,OSM
Casa Napoli,restaurant,13.055743,77.6537355,italian,OSM
Udupi Nalapaka,restaurant,12.9314991,77.6861058,,OSM
Dalchini,restaurant,12.9315351,77.6859333,,OSM
Ramsetu,cafe,12.8690463,77.7664319,,OSM
Chai Resto,cafe,12.8613427,77.7757319,,OSM
Beijing Bites,fast_food,12.8750937,77.7666921,chinese,OSM
Subway,fast_food,12.8750955,77.7666217,sandwich,OSM
Koreyaah,restaurant,12.8747545,77.7664252,korean,OSM
Biggies Burger,fast_food,12.8747348,77.7665176,burger,OSM
Wall Of Waffles,fast_food,12.8747558,77.7665878,,OSM
Mani's Sum Biriyani,cafe,12.8747495,77.7666909,,OSM
Meltos,cafe,12.8747878,77.7666653,,OSM
Food Kasoot,cafe,12.8747166,77.7665391,,OSM
Mooch Mared,cafe,12.8747143,77.7664317,,OSM
Chai Point,cafe,12.8747854,77.766295,coffee_shop,OSM
Samosa Party,fast_food,12.8750784,77.7666602,,OSM
Shree Lakshmi Ganesha Cafe,fast_food,12.9720985,77.6155516,,OSM
The Punjab House,restaurant,13.0834891,77.4843629,,OSM
Paragon Quick Bites,fast_food,12.9751002,77.6025315,,OSM
The Chatpata Affair,fast_food,12.9753191,77.6025463,,OSM
Appam & Co. by Paragon,fast_food,12.975523,77.6023679,,OSM
Chalukya Samrat,restaurant,12.988547,77.5772027,,OSM
Kerala Pavilion,restaurant,12.9722075,77.6184168,,OSM
Desi Cuisine,cafe,12.9682577,77.749489,,OSM
Lemon Krust,cafe,12.9683746,77.7494848,,OSM
Mr. Philly's American Cheeseburgers,restaurant,12.9969004,77.6110877,burger,OSM
Sanky's Burger House,restaurant,13.016659,77.629651,burger,OSM
The High Joint,restaurant,12.9261467,77.6332737,burger,OSM
Simon Burgers,restaurant,13.0182719,77.6355845,burger,OSM
Smoke House Deli,restaurant,12.9099034,77.6857211,italian;burger,OSM
Jethro's,fast_food,13.0294122,77.6355935,burger,OSM
Original Burger Co.,fast_food,12.9337424,77.6186976,burger,OSM
Original Burger Co.,fast_food,12.9567925,77.7319108,burger,OSM
Original Burger Co.,fast_food,13.0216922,77.6400017,burger,OSM
Boss Burger,fast_food,12.9098354,77.685877,burger,OSM
Boss Burger,fast_food,12.9352844,77.6137299,burger,OSM
Boss Burger,fast_food,12.9893109,77.7284525,burger,OSM
Boss Burger,fast_food,12.9706283,77.647613,burger,OSM
Boss Burger,fast_food,12.971363,77.5983477,burger,OSM
Boss Burger,fast_food,13.0369782,77.5658376,burger,OSM
Nashville Fried Chicken,fast_food,12.8406628,77.6533457,burger,OSM
Nashville Fried Chicken,fast_food,12.929302,77.6948462,burger,OSM
Nashville Fried Chicken,fast_food,12.9653164,77.638073,burger,OSM
Nashville Fried Chicken,fast_food,12.9761667,77.6404999,burger,OSM
Big Guys: Wings & More,fast_food,12.8417011,77.6767428,burger;wings;chicken,OSM
Big Guys: Wings & More,fast_food,12.9013282,77.6757897,burger;wings;chicken,OSM
Big Guys: Wings & More,fast_food,12.9256478,77.6250965,burger;wings;chicken,OSM
Big Guys: Wings & More,fast_food,12.9608144,77.5119092,burger;wings;chicken,OSM
Big Guys: Wings & More,fast_food,13.021995,77.6399347,burger;wings;chicken,OSM
Big Guys: Wings & More,fast_food,13.0550698,77.6005716,burger;wings;chicken,OSM
Easy Bites by Empire,fast_food,12.8406576,77.6535383,burger,OSM
Easy Bites by Empire,fast_food,12.9271408,77.5479307,burger,OSM
Easy Bites by Empire,fast_food,12.9020393,77.5856761,burger,OSM
Easy Bites by Empire,fast_food,12.9347823,77.6158283,burger,OSM
Easy Bites by Empire,fast_food,12.9152164,77.635537,burger,OSM
Easy Bites by Empire,fast_food,12.9091794,77.6877574,burger,OSM
Easy Bites by Empire,fast_food,12.9895243,77.7149876,burger,OSM
Easy Bites by Empire,fast_food,12.9673079,77.6089561,burger,OSM
Easy Bites by Empire,fast_food,12.974724,77.6071951,burger,OSM
Easy Bites by Empire,fast_food,12.9996589,77.6161495,burger,OSM
Easy Bites by Empire,fast_food,13.0169602,77.5914291,burger,OSM
Easy Bites by Empire,fast_food,12.9753859,77.6027656,burger,OSM
Good Flippin' Burgers,fast_food,12.8401993,77.6533292,burger,OSM
Good Flippin' Burgers,fast_food,12.8934013,77.5862037,burger,OSM
Good Flippin' Burgers,fast_food,12.9344461,77.611403,burger,OSM
Good Flippin' Burgers,fast_food,12.9206451,77.6847474,burger,OSM
Good Flippin' Burgers,fast_food,12.9560768,77.7215733,burger,OSM
Good Flippin' Burgers,fast_food,13.0220312,77.6384962,burger,OSM
Good Flippin' Burgers,fast_food,13.0387034,77.5644089,burger,OSM
ARLOS,restaurant,12.9571107,77.7145245,american;burger,OSM
Snacks Corner,fast_food,12.970492,77.6065633,juice,OSM
Cafe Noir,restaurant,12.997768,77.6961552,french;burger,OSM
Cafe Noir,restaurant,13.0117166,77.5554144,french;burger,OSM
Zepto Cafe,cafe,12.9165301,77.6714059,,OSM
Madeena Fast Food,fast_food,12.9383901,77.7469296,,OSM
New Ambur Hot Biriyani,restaurant,12.9268509,77.6789349,,OSM
Udupi Brahmins Kitchen,restaurant,12.9579424,77.533767,regional,OSM
FS Kati Roll Junction,fast_food,12.983665,77.7520297,roll,OSM
Wow! Momo,fast_food,12.8614576,77.6609162,momo,OSM
Udupi Express,restaurant,13.0289671,77.5714346,regional;indian,OSM
Calcutta Victoria Chat House,fast_food,13.0010582,77.6618418,,OSM
Pooja Dosa Camp,fast_food,13.0010509,77.6620713,,OSM
Costa,cafe,12.9445779,77.6949987,coffee_shop,OSM
The Filter Coffee,fast_food,12.9446301,77.6949799,south_indian,OSM
California Burrito,restaurant,12.9444694,77.694929,mexican,OSM
Boba Bhai,fast_food,12.9444772,77.6950282,bubble_tea,OSM
The Real Pizza Company,restaurant,12.944468,77.6950778,pizza,OSM
Biggies Burgers,fast_food,12.944336,77.694819,burger,OSM
Krispy Kreme,fast_food,12.9444824,77.6948203,donut,OSM
Copper Chimney,restaurant,12.9445124,77.6950135,,OSM
Kizakaya,fast_food,12.9443021,77.6947841,japanese,OSM
Haldiram's,fast_food,12.9444563,77.6947828,indian,OSM
Meghana Foods,restaurant,12.9264207,77.5846605,,OSM
Pachu’s Rolls,fast_food,12.9744713,77.6075409,kebab,OSM
Dakshin Thindi,restaurant,12.9396495,77.5853022,,OSM
Third Wave Coffee Roasters,cafe,12.9859554,77.5509443,coffee_shop,OSM
Screws and Brews,cafe,13.0007892,77.5527658,,OSM
Dunkin',fast_food,12.9598092,77.7473442,donut;coffee_shop,OSM
Tea Cafe,cafe,13.0931177,77.5846984,,OSM
Sri Ganesh,restaurant,13.0023503,77.6611974,regional;indian,OSM
Krispy Kreme,fast_food,12.9268984,77.5864711,donut,OSM
Third Wave Coffee Roasters,cafe,12.9209967,77.5835395,coffee_shop,OSM
Subway,fast_food,12.9212294,77.5835301,sandwich,OSM
Smoor,cafe,12.9213666,77.5838533,,OSM
Uncle Peter's Pancakes,restaurant,12.920632,77.5835341,,OSM
Chikmagalur Estate Coffee,cafe,12.9252227,77.58467,,OSM
Kaapi Corner,cafe,12.9254083,77.5836059,,OSM
Karavali Kitchen,fast_food,12.9297191,77.5767555,,OSM
RR Dum Biriyani,fast_food,12.9390846,77.7406502,,OSM
Indira Canteen Ward 131,fast_food,12.9499098,77.5219642,south_indian,OSM
Shahi Tandoor,fast_food,12.9546874,77.5821725,,OSM
Mithai Ghar,fast_food,12.9548787,77.5819959,,OSM
Paul,restaurant,13.011695,77.5553974,french,OSM
Si Nonna's,restaurant,12.9854431,77.7489022,pizza,OSM
Si Nonna's,restaurant,12.9805101,77.6410277,pizza,OSM
Benji Coffee,cafe,13.0009541,77.5696999,coffee_shop,OSM
Kuuraku,restaurant,12.9894253,77.7277667,japanese,OSM
Amintiri,cafe,12.9117328,77.6444626,,OSM
Smash Guys,restaurant,12.9703064,77.6390491,burger,OSM
Fuku Coffee Commune,cafe,13.021972,77.6378266,coffee_shop,OSM
Mainland China,restaurant,13.0255229,77.6391637,,OSM
Taco Bell,fast_food,13.0234006,77.6370441,tex-mex,OSM
Kaliyodam The Restaurant,restaurant,13.0704713,77.651709,indian,OSM
Go Pizza,fast_food,12.9369817,77.7028951,pizza,OSM
Pizza Hut,restaurant,12.9381641,77.6991403,pizza,OSM
Lassi Cream,fast_food,12.9956247,77.6082206,juice,OSM
Alienkind,fast_food,12.9158891,77.6491802,,OSM
Hachi by Tenya,restaurant,12.982368,77.7087588,japanese,OSM
Om Sri Biryani Point,restaurant,12.9269376,77.5737205,indian;fish;regional;kebab;chicken;noodle;curry;local,OSM
Krok Burgers,restaurant,12.9728006,77.6067987,burger,OSM
Sri Guntu Ruchulu,restaurant,12.9546922,77.700256,andhra,OSM
Street Chai,cafe,12.9731349,77.7505326,coffee_shop;tea,OSM
Unknown,fast_food,13.019736,77.6475142,,OSM
Cafe Zero,restaurant,13.1005968,77.5698876,,OSM
Udupi Vibhava,restaurant,12.9656707,77.7491354,,OSM
Pachu’s Rolls,fast_food,12.9734924,77.6078365,kebab,OSM
The Stage Cafe,cafe,13.0275443,77.5770193,coffee_shop,OSM
Domino's,fast_food,12.9591418,77.7196702,pizza,OSM
Unknown,restaurant,13.0676759,77.5927458,chinese;indian,OSM
Lassi Corner,fast_food,12.9428271,77.7471759,juice;coffee_shop;bubble_tea;burger;pasta;ice_cream;momo;roll;sandwich,OSM
Ambur Hot Dum Biriyani,restaurant,12.9420744,77.7472195,,OSM
Sri Ashok Hotel,restaurant,12.9371702,77.7487965,,OSM
Subway,fast_food,12.936225,77.7447978,sandwich,OSM
Udupi Grand,restaurant,12.928802,77.7394116,,OSM
Domino's,fast_food,12.9286393,77.7392563,pizza,OSM
Lassi Centre,fast_food,13.0021742,77.6598831,juice,OSM
Puneri Amrutalaya,cafe,12.9182664,77.631985,,OSM
Mitahi Mahal,restaurant,12.988073,77.7338527,,OSM
Sri Udupi Food Hub,restaurant,12.9838519,77.7514636,indian,OSM
Swirl,fast_food,12.9836831,77.7519769,,OSM
Chai Makhani,cafe,12.9836774,77.7520031,tea,OSM
SLV Hotel A1 Hot Dum-Biriyani,restaurant,12.9396843,77.7473374,,OSM
Cafe Amudham,cafe,12.9219531,77.665313,indian,OSM
Pizza Galleria,fast_food,12.9222235,77.665221,pizza,OSM
Happy Endings,cafe,12.9273175,77.6690879,,OSM
A2B,restaurant,12.9274757,77.6717511,,OSM
Chaayos,cafe,12.9273544,77.6705606,tea,OSM
Piro,cafe,12.9088782,77.6461122,,OSM
Paratha Plaza,fast_food,12.9088196,77.6467976,,OSM
The Snug Cuppa,cafe,12.9081116,77.6486571,,OSM
Chaiwai,fast_food,12.960262,77.7200497,juice,OSM
Sinchana Food Court,restaurant,12.9787167,77.7112515,,OSM
The Chef,cafe,12.9792441,77.7125699,,OSM
Chai Venue,fast_food,12.9791045,77.7125282,juice,OSM
Sannidhi Grand,restaurant,13.009385,77.538382,,OSM
Malgudi Parampare Cafe,cafe,12.8599685,77.5423745,,OSM
Authentic Bengaluru Cafe,cafe,12.8600663,77.5424132,,OSM
Paarus Kitchen,restaurant,12.8600681,77.5424865,,OSM
Cuisinova,restaurant,12.8599702,77.5424744,,OSM
Dash of Delish,fast_food,12.8600671,77.5424548,,OSM
Downtown Diner,restaurant,12.9730015,77.6086779,american,OSM
Delhi Restaurant,restaurant,12.9871889,77.7389659,,OSM
Lassi Corner,fast_food,12.9711899,77.7503329,,OSM
Bhangarpet Snacks Point,fast_food,12.9710885,77.7503176,chaat,OSM
Unknown,fast_food,12.9710748,77.7503726,juice,OSM
Mothi Dauran,fast_food,12.9697484,77.750104,chaat,OSM
Kerala Home Kitchen,restaurant,12.9692162,77.7501638,kerala;indian;regional;south_indian,OSM
Luscious,restaurant,12.9692513,77.6003167,,OSM
Kohinoor,restaurant,12.9692682,77.6001826,,OSM
4/1 Kitchen,restaurant,12.9692944,77.6000431,,OSM
Sendhoor Coffee,restaurant,13.0047453,77.6599498,indian;regional,OSM
Tronic Rolls,fast_food,12.9711634,77.6343582,,OSM
TruBrew Cafe,cafe,12.9693345,77.6358435,,OSM
The Estate Deli,cafe,12.9694713,77.6358339,,OSM
Cafe 363 x Neu Leaves,cafe,12.9663035,77.5090733,,OSM
Starbucks,cafe,12.9660814,77.5093295,coffee_shop,OSM
AIT Canteen,fast_food,12.9645993,77.5052176,,OSM
Sri Vasavi Cafe,restaurant,12.8756037,77.5688495,,OSM
Bhangarpet Chats,fast_food,12.9401556,77.7468434,,OSM
Darjeeling Dotma Fast Food,fast_food,12.9682653,77.749887,momos,OSM
Mathas Coffee,cafe,12.9428023,77.5854728,,OSM
Indira Canteen,fast_food,12.9434469,77.5830527,south_indian,OSM
Umesh Dosa Point,fast_food,12.9394849,77.5839119,,OSM
Chaayos,cafe,12.9322974,77.7456583,tea,OSM
Happins,fast_food,12.9753446,77.7459687,,OSM
Telugu Aromas,restaurant,12.9830582,77.7471656,,OSM
La Pino's,fast_food,12.9830726,77.7471375,pizza,OSM
Katana,restaurant,12.9688089,77.6359519,japanese,OSM
Louis Burger,restaurant,12.965292,77.6380121,,OSM
Brott,cafe,12.9648993,77.6392134,,OSM
Whisk And Thyme,restaurant,12.9853165,77.7493239,,OSM
Udupi Gokula,restaurant,12.929764,77.6851805,,OSM
Suto Cafe,cafe,12.839419,77.6473888,,OSM
Cafe Amudham,cafe,12.9403289,77.5798713,,OSM
Udupi Gokula,restaurant,13.004333,77.7173767,,OSM
Subway,fast_food,13.0045856,77.7175488,sandwich,OSM
Pizza Hut,restaurant,13.0045897,77.7176126,pizza,OSM
The Coffee Brewery,cafe,13.004567,77.7176657,coffee_shop,OSM
Manyata,restaurant,13.0196646,77.6550064,,OSM
SLV Hotel,restaurant,12.9402511,77.7475086,,OSM
The Rogue Elephant Cafe,cafe,12.9833134,77.611239,,OSM
Kalmane Koffees,cafe,12.9921228,77.5703135,,OSM
Kalmane Koffees,cafe,12.9701145,77.6093423,,OSM
EtoH Rooftop Restaurant,restaurant,12.8360295,77.6650625,,OSM
Vida Brazilian Cafe,cafe,13.0292834,77.6328787,,OSM
Jolly Johnny's Bar,restaurant,12.9673961,77.7148172,,OSM
Moai,restaurant,12.9249841,77.5839479,,OSM
Curry Central,restaurant,13.0274933,77.5773905,,OSM
The Coffee Theatre,cafe,12.9702451,77.6393656,,OSM
Silver Spicy Hut,restaurant,13.1031736,77.6595426,,OSM
Venn,restaurant,13.0220219,77.6399329,,OSM
Pepper n' Pods,restaurant,12.8418927,77.647706,,OSM
The Sherugars Kitchen,restaurant,13.0988397,77.5852722,,OSM
Zenforest,cafe,13.0571759,77.5887121,coffee_shop,OSM
Tango,restaurant,12.9726668,77.6999433,,OSM
Garci,restaurant,12.9282787,77.576614,,OSM
Svarasa,restaurant,12.9864023,77.5953117,indian,OSM
154 Breakfast Club,restaurant,12.9112491,77.5133944,,OSM
Mad Doh Sourdough Pizzeria,restaurant,12.9848898,77.7506397,pizza,OSM
The Junk Free Cafe,cafe,12.9918797,77.7026349,,OSM
Dolphins Bar and Kitchen 1977,restaurant,13.0927605,77.5937399,,OSM
Coffee Brewery,cafe,12.9226136,77.5601654,coffee_shop,OSM
Sharief Bhai,fast_food,13.0629163,77.6492482,,OSM
Kalpaney,restaurant,12.906053,77.5897421,,OSM
Beyondburg Inc.,restaurant,12.971535,77.6008451,burger,OSM
Blue Tokai Coffee Roasters,cafe,12.9851759,77.7497399,coffee_shop,OSM
Si Nonna's,restaurant,13.0233978,77.6431482,pizza,OSM
Si Nonna's,restaurant,13.0276135,77.5717753,pizza,OSM
Si Nonna's,restaurant,12.9368179,77.6148469,pizza,OSM
Si Nonna's,restaurant,12.9155838,77.6324992,pizza,OSM
Brik Oven,restaurant,12.9136422,77.644891,pizza,OSM
Riko,restaurant,12.9716906,77.5960708,peruvian,OSM
Yan Yan,restaurant,12.9672746,77.6018938,chinese,OSM
Harvest Salad Co,fast_food,12.8440684,77.679462,,OSM
Maiz Mexican Kitchen,fast_food,12.8440135,77.6793587,mexican,OSM
Harvest Salad Co,fast_food,13.0501668,77.5974025,,OSM
Maiz Mexican Kitchen,fast_food,13.0502165,77.5974052,mexican,OSM
Maiz Mexican Kitchen,fast_food,13.0298014,77.634702,mexican,OSM
Maiz Mexican Kitchen,fast_food,12.970613,77.6446885,mexican,OSM
Maiz Mexican Kitchen,fast_food,12.9373878,77.7025907,mexican,OSM
Maiz Mexican Kitchen,fast_food,12.9059798,77.6440608,mexican,OSM
Maiz Mexican Kitchen,fast_food,12.9262697,77.5609271,mexican,OSM
Harvest Salad Co,fast_food,12.9263233,77.5609392,,OSM
Harvest Salad Co,fast_food,12.9060203,77.6440568,,OSM
Harvest Salad Co,fast_food,12.9374597,77.7026162,,OSM
Harvest Salad Cafe,fast_food,12.9706111,77.6447314,,OSM
Harvest Salad Co,fast_food,13.0298262,77.6347261,,OSM
Harvest Salad Cafe,fast_food,12.9849929,77.7503729,,OSM
Maiz Mexican Kitchen,fast_food,12.9850883,77.7500591,mexican,OSM
ASF - Ancient Stone Flames,restaurant,12.9512351,77.6993442,barbecue,OSM
ASF - Ancient Stone Flames,restaurant,13.0255067,77.6392248,barbecue,OSM
Isobel Coffee House,cafe,12.9685475,77.5964624,,OSM
Piro,cafe,12.9091354,77.6463649,coffee_shop,OSM
The Food Factory,restaurant,13.079106,77.5924753,,OSM
The Fisherman's Wharf,restaurant,13.0788957,77.5924578,,OSM
The Indian Saga,restaurant,13.0286575,77.7078921,,OSM
Tommy's,restaurant,12.9589691,77.6613128,,OSM
La Grace,cafe,12.9346469,77.6139987,coffee_shop,OSM
Burma Burma,restaurant,12.9201458,77.6848546,burmese,OSM
Tuk Tuk Thai,restaurant,12.906051,77.5825477,,OSM
Si Nonna's Pizza,fast_food,12.9845946,77.7512785,pizza,OSM
Desi Masala,fast_food,12.9281585,77.5838211,indian,OSM
Family Kitchen,restaurant,12.9844171,77.7497141,,OSM
Pepe's Pizza,fast_food,12.9844548,77.7495405,pizza,OSM
Mani's Dum Biriyani,restaurant,12.9844717,77.7495433,,OSM
The Heaven Mandi,restaurant,12.9847043,77.748794,,OSM
House Of Desserts,restaurant,12.984719,77.7488832,,OSM
Smoky Dock,restaurant,12.9847782,77.7488158,,OSM
Donne Biriyani Palace,restaurant,12.9846806,77.748896,,OSM
Laffah,restaurant,12.9846111,77.7491282,,OSM
Family Kitchen,cafe,12.9844954,77.7496757,,OSM
Star Biriyani,restaurant,12.9845057,77.7493875,,OSM
The Green Door Coffee House,cafe,12.983093,77.5967084,,OSM
The Green Door Coffee House,cafe,12.9572298,77.5943978,,OSM
Udupi Gokula,restaurant,13.0239115,77.6944408,,OSM
Brew La Paix,cafe,13.0226898,77.6393218,,OSM
Belly Laugh Bistro,cafe,13.1226429,77.6016739,,OSM
Baan Phad Thai,restaurant,12.9698478,77.6377114,thai,OSM
Mr Bakes Cafe,cafe,12.9716615,77.7055735,,OSM
Teaday,cafe,12.9713945,77.7063241,,OSM
Dolci,cafe,13.0337518,77.5689442,,OSM
Taco Bell,fast_food,13.0320546,77.5698106,tex-mex,OSM
Pizza Brew House,fast_food,13.0299092,77.5705804,,OSM
BurgerMan,restaurant,13.0298987,77.5709049,,OSM
The Belgian Waffle,fast_food,13.0292971,77.5708131,,OSM
Daak 64,restaurant,13.1264703,77.5663827,,OSM
Nidhaana,cafe,13.1267818,77.5665289,,OSM
Pizza Hut,restaurant,13.0086507,77.7588002,pizza,OSM
Olive Cafe,cafe,12.9333407,77.6149591,,OSM
Bhatti N Beyond,fast_food,12.9641368,77.7143922,,OSM
Chai Point,cafe,12.9641723,77.7124942,coffee_shop,OSM
Hyderabad Irani Hub,fast_food,12.9418706,77.7472586,chaat,OSM
Subway,fast_food,13.0277326,77.5716918,sandwich,OSM
Sri Balaji Bhavan,restaurant,12.8393679,77.6507683,,OSM
Glen's Bakehouse,cafe,13.0747566,77.6517814,,OSM
Bathinda Junction,restaurant,12.9690741,77.6481302,,OSM
Varthur Kebab Center,fast_food,12.9418547,77.7472581,chicken;kebab,OSM
Starbucks,cafe,12.9569784,77.7319307,coffee_shop,OSM
Starbucks,cafe,12.936848,77.6890633,coffee_shop,OSM
Starbucks,cafe,12.9162412,77.5925774,coffee_shop,OSM
Starbucks,cafe,12.8915803,77.5974736,coffee_shop,OSM
Starbucks,cafe,12.9075889,77.6012716,coffee_shop,OSM
Starbucks,cafe,12.8880139,77.5631493,coffee_shop,OSM
Starbucks,cafe,12.978323,77.644993,coffee_shop,OSM
Starbucks,cafe,12.9279907,77.6918155,coffee_shop,OSM
Chai Point,cafe,13.0153771,77.7021292,coffee_shop,OSM
Starbucks,cafe,13.0152255,77.7018342,coffee_shop,OSM
Starbucks,cafe,13.0207254,77.593135,coffee_shop,OSM
Starbucks,cafe,12.9698603,77.6098791,coffee_shop,OSM
Starbucks,cafe,12.9913578,77.5711154,coffee_shop,OSM
Aroma Restaurant,restaurant,12.9252983,77.6745172,,OSM
Malabar Kitchen,restaurant,12.9259883,77.6759119,,OSM
Kolkata Daily Food Restaurant,fast_food,12.9210217,77.6652526,,OSM
Leon's Burgers & Wings,restaurant,12.9242936,77.6737685,burger,OSM
Burger King,fast_food,12.925896,77.6757537,burger,OSM
Tribal Brew Coffee,cafe,12.974669,77.6058786,coffee_shop,OSM
Coffee Naa Tea Naa,cafe,12.9216656,77.5808654,,OSM
Advaita,restaurant,12.9508138,77.7156575,,OSM
Kalinga,fast_food,12.9507765,77.7154034,,OSM
happen blr,cafe,12.9119746,77.609868,coffee_shop,OSM
Aarell Cafe,cafe,12.9204248,77.5896784,,OSM
The Anjanadri Cafe,cafe,12.9196735,77.6110805,,OSM
Thata Tea,cafe,12.9196668,77.6111457,,OSM
Shiva's Mess,restaurant,12.9196623,77.6113209,,OSM
Sri Gajana Fruit Juice Center,fast_food,12.919654,77.6114829,juice,OSM
Ambur Hot Sum Biryani,restaurant,12.9196523,77.6115636,,OSM
Udupi Sagar,restaurant,12.9196021,77.6130587,,OSM
Sanju's Kitchen,restaurant,12.919519,77.6142831,,OSM
JK Lasso And Juice Center,fast_food,12.9180198,77.6143295,juice,OSM
Si Nonna's,restaurant,13.083084,77.6436651,pizza,OSM
Via Milano,restaurant,12.9008254,77.7111061,italian,OSM
Kokoro,fast_food,12.9754863,77.6020001,japanese,OSM
Kamati Vanta,restaurant,13.0931115,77.5845917,regional,OSM
Mr. Professor,fast_food,12.9528921,77.7180152,indian,OSM
Chai 365,fast_food,12.953493,77.7180598,juice,OSM
Cafe Kempu,cafe,13.0579781,77.6476899,,OSM
Theo Cafe,cafe,13.0543354,77.6450764,,OSM
Cafe de Verde,cafe,12.940859,77.6234175,,OSM
Cafe Coffee Day,cafe,13.059645,77.5877546,coffee_shop,OSM
Thirtha,restaurant,12.9866522,77.5950672,,OSM
Hunaan,restaurant,12.9695571,77.6358305,,OSM
Mudde Saar,restaurant,12.9675813,77.6544647,south_indian,OSM
Pinocchio,restaurant,12.9730168,77.606288,italian,OSM
The Bombay Chapter 003,restaurant,12.9056206,77.6014402,,OSM
Extra Chutney,restaurant,12.979026,77.5776266,south_indian,OSM
Mai Mai,restaurant,12.970615,77.6468457,asian,OSM
Krust Cafe,cafe,12.9283909,77.6361652,,OSM
Bao To Me,restaurant,12.9288004,77.6353345,asian,OSM
Blanc The Coffee Place,cafe,12.985053,77.5791058,coffee_shop,OSM
Coffee Mechanics,cafe,12.9356585,77.698271,coffee_shop,OSM
1882 Restaurant,restaurant,12.9692205,77.7169679,global,OSM
Jaypore Delights,restaurant,12.9128486,77.739575,indian;north_indian;pizza;regional;chaat;noodle;local;jaipuri;rajasthani,OSM
Holide mane,fast_food,12.9447229,77.560222,regional;indian,OSM
Murugan tea stall,cafe,13.0838114,77.5601832,tea,OSM
Juliana's,restaurant,12.9799077,77.6070181,,OSM
Sri Rama Veg,fast_food,13.0088366,77.5634201,south_indian,OSM
Punjabi Adda,restaurant,13.0055959,77.6598682,,OSM
Rumi,restaurant,13.0056949,77.6598137,,OSM
Malabar Cafe,cafe,12.9308506,77.6065375,coffee_shop;tea;indian,OSM
Milano Pizza,fast_food,12.9763737,77.6412043,pizza,OSM
Shree Panjurli Cafe,fast_food,12.9784496,77.6380609,south_indian,OSM
Milano Pizza,fast_food,12.9623684,77.7328259,pizza,OSM
Milano Pizza,fast_food,12.9227182,77.5839297,pizza,OSM
Moba,fast_food,13.0392955,77.6415936,korean,OSM
Mast Marathi,restaurant,12.9114081,77.6443062,indian;marathi,OSM
The LightHouse Restaurant,restaurant,13.0280492,77.5721604,indian,OSM
Burger King,fast_food,13.0711158,77.6519016,burger,OSM
Rasa Sangam,restaurant,13.0713888,77.651801,,OSM
Empire,restaurant,13.05799,77.6483832,indian,OSM
Momoguys,fast_food,13.0549895,77.6464031,,OSM
Navodaya Military Hotel,restaurant,12.929944,77.5687446,indian;chinese;brunch;diner,OSM
Cafe Baha,cafe,12.8736761,77.6112921,,OSM
Coffee Chemistry,cafe,12.9233931,77.5734142,coffee_shop,OSM
Meghana Biryani,restaurant,12.9780951,77.6379044,,OSM
Papa John's,fast_food,12.8409171,77.6559469,pizza,OSM
Starbucks,cafe,12.8407358,77.6558786,coffee_shop,OSM
McDonald's,fast_food,12.8488383,77.6575738,burger,OSM
KFC,fast_food,12.9266268,77.547741,burger;chicken;sandwich,OSM
Casa Fresco,cafe,12.9826019,77.6403629,,OSM
Aligarh House,restaurant,12.964643,77.7173111,indian,OSM
Theerath,restaurant,12.9556172,77.7148511,,OSM
Third Wave Coffee,cafe,12.9320549,77.685201,,OSM
Nalapaka Express,restaurant,12.9316969,77.6848482,indian;regional;south_indian;north_indian;chaat;juice;sandwich;coffee_shop,OSM
Andhra Biryanis,restaurant,12.9716903,77.7117419,regional,OSM
Circa 11,restaurant,12.97041,77.6403283,,OSM
Hatti Kaapi,cafe,12.9866604,77.7079537,,OSM
Burger & Strawberries,fast_food,12.97539,77.6025227,,OSM
Shree Udupi Sagar,fast_food,13.0979018,77.5627738,,OSM
Tirumala Dreams,restaurant,13.0979149,77.5626759,,OSM
Marseli Cafe & Patisserie,cafe,12.9162344,77.6492743,,OSM
Babu Vada Pav,fast_food,12.8979821,77.5859322,indian,OSM
Tea & cigarette stall,cafe,12.8715697,77.5696132,,OSM
Tea Shop,cafe,13.0124799,77.6526379,coffee_shop;tea,OSM
Chai Days,cafe,12.9309735,77.579566,,OSM
Marroni Bistro,cafe,12.8751982,77.5428077,,OSM
Lassi Shop,cafe,12.938528,77.5803599,,OSM
MM Foods,restaurant,12.9234508,77.4997987,,OSM
Hotel Dream Land Family Restaurant,restaurant,12.9248386,77.4985064,,OSM
Mojo Pizza,restaurant,12.9246933,77.4982973,,OSM
Udupi Grand,restaurant,13.1091446,77.602978,,OSM
Flames Restaurant,restaurant,12.9492191,77.5962052,,OSM
Mayuri,restaurant,12.9128491,77.585578,indian;andhra;chinese;chicken;regional,OSM
Ambur Biryani,fast_food,12.9445378,77.5972756,biryani,OSM
Haldiram's,fast_food,12.97749,77.5700777,indian,OSM
Infant Cafe,cafe,12.9988048,77.640553,,OSM
Kolkata Bengali Hotel,fast_food,12.9988471,77.6405886,,OSM
United Telugu Kitchen,restaurant,13.0227125,77.762353,indian,OSM
Kimchi & Co,restaurant,13.0252395,77.7625434,korean,OSM
Original Burger Company,fast_food,13.0249677,77.7624241,burger,OSM
Temple Tales,restaurant,13.0252238,77.7624173,indian,OSM
Nonna Pizza Romana,fast_food,13.0251963,77.7621934,pizza,OSM
Badmash,restaurant,13.0251206,77.7622055,,OSM
Barnhouse,restaurant,13.0248801,77.7621464,,OSM
Ruha Cafe,fast_food,12.9443046,77.5960438,,OSM
Chin Lung,restaurant,12.976245,77.5787283,indian;italian;chinese,OSM
New Down Town Cafe,cafe,13.1034197,77.5716282,,OSM
Iris Cafe,cafe,12.9231064,77.5852789,coffee_shop,OSM
Nombre,cafe,12.9112282,77.5992921,coffee_shop,OSM
Royal China,restaurant,12.9721676,77.5964811,cantonese,OSM
Bamey's Gastro Bar,restaurant,12.933894,77.6198284,nepali,OSM
Jewel Sizzle,restaurant,12.9010005,77.5857148,,OSM
Blue Tokai,cafe,12.912761,77.6448505,coffee_shop,OSM
The Pizza Bakery,fast_food,12.9121235,77.6471927,pizza,OSM
Mannheim,cafe,12.9121736,77.6471643,,OSM
Make Di Hatti,restaurant,12.9121363,77.6496658,,OSM
Orzuv,restaurant,12.9542063,77.717574,kashmiri,OSM
Edge Cafe,cafe,12.935039,77.5859186,,OSM
Juicy Bites,fast_food,12.9352272,77.5857294,juice,OSM
Domino's,fast_food,12.9370863,77.5852823,pizza,OSM
Unknown,cafe,12.9412358,77.747013,tea,OSM
Panda Chai,fast_food,12.9516658,77.7163268,juice,OSM
Maalgudi,restaurant,12.8698312,77.733601,,OSM
Zion Food Corner,restaurant,12.9671849,77.5925648,,OSM
Coffee Central,cafe,12.9867135,77.735713,,OSM
Deccan Paradise,restaurant,12.9868488,77.7367295,indian,OSM
Sichuan,restaurant,12.9869918,77.7368999,chinese,OSM
California Burrito,restaurant,12.9870886,77.7368972,mexican,OSM
Subway,fast_food,12.9871552,77.7368908,sandwich,OSM
Andhra Ruchulu,restaurant,12.933225,77.5833782,,OSM
Nandhini Delux,restaurant,12.9716494,77.6008982,indian;andhra;chinese,OSM
Demitasse Coffee,cafe,12.9583064,77.7190594,coffee_shop,OSM
The Prosper's Cafe,cafe,12.9497906,77.7456609,,OSM
Udupi Upahara,restaurant,12.880859,77.5459954,,OSM
Papa John's,fast_food,12.9711208,77.6475102,pizza,OSM
Papa John's,fast_food,12.9195863,77.6683241,pizza,OSM
Mountain Bee kombucha Hive,cafe,12.9812592,77.6362473,kombucha,OSM
The Faith Cafe,cafe,12.9124394,77.6419506,,OSM
Frozen Bottle,fast_food,12.9124724,77.6384218,juice,OSM
The Filter Coffee,restaurant,13.0050569,77.5783253,,OSM
California Burrito,restaurant,13.0050491,77.5787196,mexican,OSM
The Lassi Corner,fast_food,13.0074096,77.5784178,juice,OSM
The Indies Cafe,restaurant,13.0044381,77.5786929,,OSM
1966,cafe,12.9523171,77.7154382,indian;marathi,OSM
Tea Party,restaurant,13.0014835,77.6616171,,OSM
Paakashala,restaurant,12.9300874,77.5149732,,OSM
Blossom Bean Cafe,cafe,12.9280883,77.5180799,,OSM
Nammura Hotel,restaurant,12.8665965,77.5348406,indian;regional;sandwich;coffee_shop;chinese;noodle;breakfast;pasta;tea;soup;pastry,OSM
Unknown,restaurant,12.9429723,77.5963693,,OSM
Onesta,fast_food,12.9299662,77.5149339,pizza,OSM
The Madras Cafe,fast_food,12.9304381,77.5151002,,OSM
The Green Village Restaurant,restaurant,12.8825205,77.5165647,,OSM
Karishma Valley Restaurant,restaurant,12.8847822,77.5164708,,OSM
Season 18 Lounge and Kitchen,restaurant,12.8882126,77.516275,,OSM
MBR Grand,restaurant,12.888414,77.5162697,,OSM
Range,restaurant,12.8794534,77.5166962,,OSM
Domino's,fast_food,12.9341765,77.6164512,pizza,OSM
Belgian Waffle,food_court,12.9341448,77.6164544,,OSM
Kebab Mahal,restaurant,12.8837389,77.5483971,,OSM
Maverick and Farmer Coffee,cafe,12.9753941,77.6024211,coffee_shop,OSM
Rosmarino,restaurant,12.9608524,77.6437363,pizza,OSM
Cherry Bean Coffee,cafe,12.9060589,77.5945085,,OSM
Bonheur Cafe,cafe,12.9029077,77.5947434,,OSM
Onesta,cafe,12.9300434,77.5149538,,OSM
Turtle Matcha,restaurant,12.9755494,77.6357652,asian;bagel;breakfast;cake;coffee_shop,OSM
Sri Krishna Grand,restaurant,12.9713848,77.6067146,,OSM
Hari Super Sandwich,fast_food,12.9706341,77.6066324,,OSM
Fresh & Live,fast_food,12.9705852,77.6066187,juice,OSM
Olive Cafe,fast_food,12.9702594,77.6064983,,OSM
Sirisha Fast Food,fast_food,12.9702352,77.6064886,,OSM
Zaika,fast_food,12.9706757,77.6066472,,OSM
Brahmin's Cafe,fast_food,12.9703805,77.6065327,,OSM
Nura,restaurant,12.9768506,77.7265063,,OSM
Biryani biryani,restaurant,12.98227,77.6393458,,OSM
1966 - The Mumbai Cafe,restaurant,12.9822844,77.6395739,,OSM
Thatha Tea,fast_food,12.9820427,77.6395746,,OSM
Namma Hallimane,restaurant,12.9822657,77.6391993,,OSM
Al Baik Biryani,restaurant,12.9821915,77.6391924,,OSM
Moonstone,restaurant,12.9453221,77.577083,,OSM
Big Bean Cafe,cafe,12.9201388,77.5780657,,OSM
Vintage Adda,restaurant,12.9736987,77.6066277,,OSM
Snuzzles,cafe,12.9269106,77.5842972,,OSM
Matsya,restaurant,13.0586141,77.5927775,,OSM
Mad Doh Sourdough Pizzeria,restaurant,12.9075231,77.5119377,pizza,OSM
Knots & Crosses,fast_food,12.9564341,77.636748,,OSM
Tribes Coffee,cafe,12.908973,77.6434796,coffee_shop,OSM
Nati Republic,restaurant,13.0346551,77.5678409,,OSM
Kreid Ko,fast_food,12.8980466,77.585608,,OSM
Shinto,cafe,12.9663636,77.6377317,,OSM
Still Coffee,cafe,12.9613387,77.6456585,coffee_shop,OSM
Zarqash,restaurant,12.9675481,77.6017226,,OSM
By The Blue,restaurant,12.9292646,77.6278468,,OSM
Purpose Match and Coffee House,cafe,12.968775,77.6026099,,OSM
Madras Kitchen and The Bar,restaurant,12.9722581,77.5951553,,OSM
Alfresco,restaurant,13.0843057,77.6431187,,OSM
Loya,restaurant,12.9850109,77.5847599,,OSM
Indian Durbar,restaurant,12.9753916,77.6205926,,OSM
Lohri,restaurant,12.9724609,77.6201477,punjabi,OSM
Acai Theory,cafe,12.9662859,77.6416965,,OSM
Vesparo,restaurant,12.9664937,77.6417166,,OSM
Vesparo,restaurant,12.966529,77.641722,,OSM
Momos And Stuff,fast_food,12.9572645,77.6594333,,OSM
Cocat Cafe,fast_food,12.9728117,77.6171498,,OSM
Little Break,fast_food,12.9728149,77.6171369,sandwich,OSM
The Cane Joint,fast_food,12.9728232,77.6170871,juice,OSM
Coffee Nivas,cafe,12.9700537,77.7069027,coffee_shop,OSM
Hyderabad Special Irani Chai,cafe,12.9714038,77.7068869,bubble_tea,OSM
Ahaa Cafe,fast_food,12.9714264,77.7069066,,OSM
Shree Ganesha Fruit Juice Shop,fast_food,12.9118323,77.6064625,juice,OSM
Sri Udupi Vaibhava,restaurant,13.0024232,77.6613912,regional,OSM
REVA Food Court,food_court,13.1156754,77.6359987,,OSM
Brindavana Cafe,cafe,13.0959108,77.5789409,,OSM
Salt,restaurant,12.9564872,77.7317032,indian,OSM
Hey Habibi,fast_food,12.9758853,77.6055174,,OSM
Unknown,restaurant,12.9940673,77.7321553,,OSM
NH Cafe,cafe,12.9560746,77.7167824,,OSM
"Oyster, Bar & Kitchen",restaurant,12.9119044,77.6379048,,OSM
Wild Rabbit,cafe,12.9591817,77.7193501,pasta;pizza;burger,OSM
MTR,restaurant,13.0832382,77.643777,,OSM
Alankaaram,restaurant,12.9506612,77.5919149,,OSM
Nagarjuna,restaurant,12.9143672,77.6774049,indian;andhra,OSM
Burger Singh,fast_food,12.9138234,77.6784048,,OSM
ATIL - Domlur,restaurant,12.956223,77.6366045,regional,OSM
Third Wave Coffee Roasters,cafe,12.942863,77.6921234,coffee_shop,OSM
Domino's,fast_food,12.9427297,77.6948056,pizza,OSM
Dunkin',fast_food,12.942301,77.6946741,donut;coffee_shop,OSM
Wow! Momo,fast_food,12.9423428,77.6947814,momo,OSM
McDonald's,fast_food,12.9424029,77.694878,burger,OSM
The Red Lantern,restaurant,13.0021062,77.6615763,chinese,OSM
Barista,cafe,12.955767,77.7124552,coffee_shop,OSM
Devaraj Fruits Center,fast_food,12.9529998,77.5722162,juice,OSM
Leon's Burger and Grills,fast_food,12.926119,77.7286821,,OSM
Absolute Shawarma,fast_food,12.9261599,77.7264985,,OSM
TGIN - Thank God It's Nutrious,fast_food,12.9261233,77.7266166,,OSM
Ishaan's Biryani,fast_food,12.9261337,77.7267024,,OSM
Kung Pow Kitchen,fast_food,12.92622,77.7267426,,OSM
Bhavika's Fruity Delights,fast_food,13.0687118,77.5546922,juice;chaat;pizza;burger;sandwich;sweet,OSM
Mango Greens,restaurant,13.0687867,77.6925964,,OSM
Juice & Bowls,fast_food,12.9529424,77.571317,juice,OSM
Loca Moca,cafe,12.9949462,77.6174919,coffee_shop,OSM
Bruno,cafe,12.9749065,77.6194507,,OSM
Amaravathi Palace,restaurant,12.9078426,77.5993414,indian,OSM
Sri Udipi Food Hub,restaurant,12.9254499,77.5969588,indian,OSM
Wrapafella,fast_food,12.9788201,77.6406053,,OSM
Sandowitch,fast_food,12.9788866,77.6406463,sandwich,OSM
Sharetea,cafe,12.9787697,77.6405641,bubble_tea,OSM
Dhaba Sqare,restaurant,12.9575463,77.7155692,indian,OSM
Koriken,fast_food,12.9758082,77.6021249,korean,OSM
Haldirams,fast_food,12.9602884,77.7161854,,OSM
Quarter Peter,restaurant,12.9696748,77.6410845,,OSM
Sangam Mess,fast_food,13.0193181,77.6376977,kerala,OSM
Yazu,restaurant,12.9733163,77.6017053,asian,OSM
TEKA,cafe,12.9798358,77.6384426,coffee_shop,OSM
Silaa The Garden Cafe,cafe,12.9125001,77.6393698,,OSM
Brewtroots Cafe,cafe,12.9118881,77.6392853,,OSM
Kaori by Chiran,cafe,12.9812171,77.6404308,,OSM
Kreme Kultura,cafe,13.0154219,77.6334862,coffee_shop,OSM
Chakum Chukum,restaurant,12.9058091,77.64458,,OSM
A2B,restaurant,12.9244351,77.6885399,,OSM
Pizza Hut Delivery,fast_food,12.9147253,77.6383643,pizza,OSM
Taiki,restaurant,12.9148654,77.6384313,japanese;korean;asian,OSM
Ondu Plate,fast_food,12.9626965,77.637232,,OSM
Phurr,restaurant,12.9705797,77.6458365,,OSM
Imperial Restaurant,restaurant,12.9912581,77.5936787,,OSM
Dunkin',fast_food,12.9881243,77.5939577,donut;coffee_shop,OSM
Pinds of Punjab,restaurant,12.9730557,77.7104911,,OSM
Tea Break,fast_food,12.9739266,77.7106923,,OSM
Chai Point,cafe,12.974371,77.7123982,coffee_shop,OSM
Third Wave Coffee Roasters,cafe,12.9731764,77.7105508,coffee_shop,OSM
Ayodhya Desi Rasoi,fast_food,12.9715925,77.7098528,,OSM
Maiz Mexican Kitchen,fast_food,12.9717389,77.7099171,mexican,OSM
Pari,restaurant,13.0117576,77.5521818,,OSM
Teresita,restaurant,12.9699602,77.6392255,,OSM
Foo,restaurant,13.011363,77.5554058,asian,OSM
Plente,restaurant,12.9710489,77.6475289,,OSM
Sable Cafe,cafe,12.9794442,77.6466519,,OSM
Smash Guys,restaurant,12.9201458,77.6850235,burger,OSM
The Burgery In,restaurant,12.9681018,77.6510775,burger,OSM
Khusboo Hotel,restaurant,12.9362059,77.7505796,,OSM
Unknown,restaurant,12.8599776,77.5424451,,OSM
Kudla,restaurant,12.9662614,77.5949219,seafood,OSM
Meta Food Corner,fast_food,12.9965148,77.5426506,,OSM
CMC Cafe,cafe,12.9765775,77.6270058,,OSM
Grumpy Girl Coffee,cafe,12.9749188,77.6362639,,OSM
Sakura Matcha Bar,cafe,12.9088904,77.594996,,OSM
Cha Hong Kong Eating House,fast_food,12.9754975,77.6019362,,OSM
Burger King,fast_food,12.9930628,77.6621635,burger,OSM
Diha,cafe,12.9061301,77.5971061,,OSM
Annapoorani,restaurant,12.9159788,77.6510171,,OSM
Araku,cafe,12.9706847,77.6106744,coffee_shop,OSM
Samosa Vada Stall,fast_food,12.9893024,77.714427,,OSM
Starbucks,cafe,12.9962952,77.6952327,coffee_shop,OSM
IKOI,restaurant,12.9036192,77.5859915,japanese,OSM
Ishaara,restaurant,12.9966912,77.6967126,,OSM
Ishaara,restaurant,12.9752675,77.6019756,,OSM
Chalukya Samrat,restaurant,12.9285597,77.581973,,OSM
Indira Canteen,fast_food,12.9204507,77.6382918,south_indian,OSM
Dominos,fast_food,13.0589017,77.7430759,,OSM
Subway,fast_food,13.0589592,77.7430451,,OSM
Anand Sweets,fast_food,13.0598332,77.7425368,,OSM
Sri Raghavendra Darshini,fast_food,13.1243852,77.7436828,,OSM
Biryani Zone,restaurant,13.0450062,77.7606364,,OSM
BrewAir Haus,cafe,13.0455092,77.7606578,,OSM
Sri Isha cafe,restaurant,12.8379199,77.6453736,indian,OSM
Paper & Pie,cafe,13.0603315,77.5925318,coffee_shop,OSM
1522,restaurant,13.0604757,77.5925547,,OSM
Third Wave Coffee Roasters,cafe,12.9945368,77.5397294,coffee_shop,OSM
Blue Tokai Coffee Roasters,cafe,12.9623612,77.7014722,coffee_shop,OSM
Blue Tokai,cafe,13.0261753,77.5458107,coffee_shop,OSM
Naughtee Cafe,cafe,12.9033317,77.5173602,,OSM
Nishy's Neer Dosa,restaurant,12.9088246,77.632668,,OSM
Got Tea,cafe,13.0149065,77.5559094,,OSM
Daily Bakehouse,cafe,12.988467,77.5936266,,OSM
Cafe Amudham,restaurant,12.9695016,77.6477886,,OSM
Third Wave Coffee Roasters,cafe,13.0108596,77.5553075,coffee_shop,OSM
Bhartiya Jalpan,restaurant,12.9322363,77.7456691,indian,OSM
Burger King,fast_food,12.9323599,77.7454817,burger,OSM
MTR 1924,restaurant,12.9721859,77.6009205,,OSM
Tacobell,fast_food,12.8423912,77.6770734,,OSM
Hoymomo,fast_food,12.8422905,77.6771157,,OSM
Schezuan Dragon,restaurant,12.9400588,77.5643695,asian,OSM
Hanumanthanagar Biriyani Junction,restaurant,12.9401949,77.5643718,,OSM
City Walk,restaurant,12.9743628,77.6072976,,OSM
Hotel The Curzon Court,restaurant,12.9744205,77.6078621,,OSM
OM Shakthi Hotel,restaurant,12.9683382,77.704882,,OSM
Om Shakthi Hotel,restaurant,12.9684181,77.7048823,,OSM
Andhra Chillies,restaurant,12.9519735,77.7001841,,OSM
Anjappar,restaurant,12.9798613,77.7270942,,OSM
Cafe Levista,cafe,12.9813348,77.7275463,,OSM
Trippy Goat,cafe,12.9728027,77.6148095,,OSM
Metro Cafe,cafe,12.9073997,77.5733618,coffee_shop,OSM
Meghana Foods,restaurant,12.9187785,77.6702136,,OSM
Food Shack,fast_food,12.8606531,77.665057,,OSM
Barbeque Nation,restaurant,13.0303926,77.5420082,barbecue,OSM
Belgian Waffles,fast_food,12.9600516,77.6449423,dessert,OSM
Toms,restaurant,12.9670179,77.6063648,,OSM
Cafe Amudham,restaurant,13.0282328,77.5934519,,OSM
Udupi Express,restaurant,13.0250118,77.5875048,regional,OSM
Nisarga Grand,restaurant,13.0266598,77.5876107,,OSM
Biryani Loop,restaurant,13.026699,77.5874087,,OSM
Domino's,fast_food,13.0259281,77.5932942,pizza,OSM
Fit Cafe,cafe,13.1028399,77.5734121,,OSM
Swatis kitchen,restaurant,13.0248018,77.6995195,biryani;all_types,OSM
The Smoke Meister,restaurant,13.0551627,77.6429732,,OSM
Skanda Cafe,restaurant,13.0838329,77.6365975,,OSM
Pandiyanaadu Virundhu,restaurant,13.0839844,77.6361725,indian;regional,OSM
Calcutta Street,restaurant,13.0839841,77.6361579,,OSM
Koshe Kosha,restaurant,12.958836,77.7163204,,OSM
First Coffee,cafe,12.9218625,77.5849753,,OSM
Fast Coffee,cafe,12.9227412,77.5846644,,OSM
Aahara Bhavan,restaurant,12.964746,77.7174422,,OSM
The Land Of Coffee,fast_food,12.9645073,77.7160451,coffee_shop,OSM
Zamindar Biryani Durbar,restaurant,12.9649501,77.7177505,,OSM
Subway,fast_food,12.9289669,77.6349722,,OSM
Bagelstein,cafe,12.9356186,77.6252806,,OSM
Bagelstein,cafe,12.9491009,77.6436704,,OSM
Costa,cafe,13.0090229,77.5812208,coffee_shop,OSM
Bimbiz Resto Cafe,cafe,13.083557,77.63845,coffee_shop;indian;regional;sandwich;asian,OSM
Dome Cafe,cafe,12.9121669,77.6357893,,OSM
Toscano,restaurant,13.0834921,77.6438825,italian,OSM
Biryani Blues,fast_food,12.9187767,77.670071,,OSM
Mumbai Pav Co,fast_food,12.9110338,77.6842642,,OSM
Acharya Cafe,restaurant,12.9257467,77.573709,indian,OSM
Natural Juice Point,fast_food,12.9298884,77.6383095,juice,OSM
Desi Chef,restaurant,13.0831713,77.6347171,,OSM
Hole in the Wall,cafe,12.9675841,77.6479361,breakfast;crepe;sandwich;savory_pancakes,OSM
Grill N Chill,restaurant,12.9295575,77.6308906,,OSM
Qulcha,cafe,12.9591915,77.7184486,indian,OSM
Nothing Before Coffee,cafe,12.9615933,77.7163006,,OSM
Mr. Andhra Meals,restaurant,12.9713114,77.7067073,,OSM
Mr. Andhra Meals,restaurant,12.9714785,77.7066002,,OSM
The Grill Garden,fast_food,13.0005544,77.6176294,kebab,OSM
Riyan's Tea Joint,cafe,13.0005558,77.6175765,,OSM
Gani's Team,fast_food,13.0005949,77.6173368,kebab,OSM
Boba Bhai,cafe,13.0830264,77.6437732,bubble_tea,OSM
Paradise,restaurant,12.9600263,77.6449347,,OSM
Covai Cafe,cafe,12.9842346,77.7337626,,OSM
Grazie The Cafe,cafe,12.9626241,77.6436053,,OSM
Uncle Peter Pancakes,cafe,12.9617266,77.6435467,pancake,OSM
Champaran Handiwale,restaurant,12.9345862,77.6257702,indian,OSM
Chai Point,cafe,12.9844179,77.7037454,coffee_shop,OSM
Third Wave Coffee Roasters,cafe,12.9875909,77.7040297,coffee_shop,OSM
Babai Tiffins,restaurant,12.9182479,77.6447299,,OSM
Blue Tokai Coffee Roasters,cafe,12.9633192,77.7095837,coffee_shop,OSM
Blue Tokai Coffe Roasters,cafe,12.9823696,77.7120386,coffee_shop,OSM
Bytes And Blend,fast_food,12.9558292,77.7129453,,OSM
Madurai Idly Shop,fast_food,12.919737,77.6675348,,OSM
Adhira & Appa,restaurant,12.9195713,77.6682583,,OSM
Tim Hortons,cafe,12.9120206,77.647761,coffee_shop,OSM
Beijing Bites,restaurant,12.9780723,77.6388101,chinese,OSM
Starbucks,cafe,12.9709649,77.7094634,coffee_shop,OSM
Boba Bhai,cafe,12.9731117,77.7105281,bubble_tea,OSM
Leon's,fast_food,12.9729717,77.5111878,burger,OSM
Jaga,restaurant,12.9731092,77.5109925,,OSM
Sri Vinayaka Juice Centre,fast_food,12.9740403,77.5099412,juice,OSM
Dark Cafe,cafe,12.9742825,77.5093422,,OSM
Rowwdy Cafe,cafe,12.9739954,77.50948,,OSM
Rexon Fish Boat,restaurant,12.9746623,77.5127976,indian,OSM
Yuki,restaurant,12.9126127,77.679919,japanese,OSM
TMC - The Mysore Cafe,restaurant,12.9573813,77.7152296,,OSM
Matcha Café,cafe,12.9582986,77.7155302,,OSM
Ambur Hot Dum Biriyani,restaurant,12.9790982,77.6954712,indian,OSM
Flavoria,fast_food,12.9537691,77.7152697,,OSM
Arabian Shawarma,fast_food,12.9537231,77.7151401,shawarma,OSM
Raha You,cafe,12.9238366,77.5876117,smoothie_bowls;cold_pressed_juices;chia_pudding;toasts,OSM
Telugu Vilas,restaurant,12.9570409,77.7154423,,OSM
Shree Gokul Naivedyam,restaurant,12.9834677,77.7530404,,OSM
Ratna Sagar Vistar,restaurant,12.9834918,77.7529802,,OSM
The Filter Coffee,fast_food,12.9754174,77.6022936,regional,OSM
Pizza No Cap,restaurant,12.9753559,77.6168242,pizza,OSM
Thatha Tea,cafe,13.0216115,77.6475238,,OSM
Indira Canteen,fast_food,12.996688,77.6761749,south_indian,OSM
Adyar Ananda Bhavan,restaurant,13.0019566,77.7129792,,OSM
Bakeyard: The Garden,cafe,12.9178,77.7345833,,OSM
Peppy Punjabis,restaurant,12.951074,77.7148037,indian;north_indian,OSM
Absolute Barbeque,restaurant,13.0920181,77.5936932,barbecue,OSM
Nāvu,restaurant,12.9732614,77.6148529,,OSM
Brooks And Bonds,restaurant,12.9340541,77.6232958,,OSM
Yuki,restaurant,12.9341072,77.6232967,japanese,OSM
Amuktyamalyada,restaurant,12.9575455,77.7157058,,OSM
Sri Vishnu Park,restaurant,13.0800819,77.5591233,,OSM
Chatori Katori,fast_food,12.958793,77.7213922,,OSM
Juice Joint,fast_food,12.9792635,77.7124092,juice,OSM
The Rajputana,restaurant,12.9642977,77.7149896,,OSM
Sandwich2Poha,cafe,12.9646081,77.7148543,,OSM
KFC,fast_food,12.9647808,77.715764,chicken,OSM
California Burrito,restaurant,12.9648427,77.7156206,mexican,OSM
Fridah,restaurant,12.9876588,77.7097126,,OSM
Burger King,fast_food,12.9163432,77.6106413,,OSM
Dindigul Biryani,fast_food,13.0114358,77.6799211,biriyani,OSM
Sendhoor Coffee,cafe,13.0114288,77.6799489,,OSM
Homiga,restaurant,12.9730512,77.6061516,korean,OSM
Castle Multicuisine Restaurant,restaurant,12.9227202,77.6144323,,OSM
Tiny Sushi,fast_food,12.9665989,77.6359156,sushi,OSM
Punjabi Nukkad Pure Veg,restaurant,12.89797,77.6583941,indian,OSM
Phukas,restaurant,12.9577366,77.7086485,,OSM
Cafe Nuvio,cafe,13.0488198,77.6457641,,OSM
Shimray,restaurant,12.9486947,77.6272873,,OSM
Janapriya Family Restaurant & Dhaba,restaurant,13.0543103,77.4806348,,OSM
Délifrance,restaurant,12.9587679,77.7156816,french,OSM
Third Wave Coffee Roasters,cafe,13.0041718,77.6602519,coffee_shop,OSM
Ambur Star Sum Biryani,restaurant,12.9947849,77.6980823,,OSM
Nati Kitchen,restaurant,12.9946147,77.6986687,,OSM
Vadaji,fast_food,12.9945798,77.6987411,,OSM
Thatha Tea,cafe,12.9945163,77.6989488,,OSM
Paakashala,restaurant,12.9198117,77.5757987,,OSM
Food,restaurant,13.0716793,77.6574685,,OSM
The Bay Food Court,food_court,12.926353,77.6805034,,OSM
Unknown,restaurant,12.9775672,77.7131084,,OSM
MM foods,fast_food,12.9233396,77.4996896,,OSM
Namma M T R,fast_food,12.9284418,77.5734025,,OSM
Purvi Multi-cuisine,restaurant,13.019398,77.7073728,,OSM
Vagdevi School Canteen,fast_food,12.944766,77.7099523,,OSM
Tamarind,restaurant,13.0127015,77.6475739,,OSM
Open Canopy,cafe,12.9793732,77.7148716,,OSM
Open Canopy,cafe,12.9792452,77.7149548,,OSM
Open Canopy,cafe,12.979266,77.7148475,,OSM
Shiv Sagar Express,restaurant,13.0280798,77.572201,,OSM
Terminal Food Court,food_court,12.8493122,77.6672497,,OSM
Cafeteria,cafe,12.9315321,77.6053257,,OSM
Canteen,food_court,12.9022437,77.5194137,,OSM
Sangam,fast_food,13.0059246,77.5789837,,OSM
Biryani Zone,restaurant,12.9523885,77.7003179,,OSM
Unknown,restaurant,13.0767927,77.5784431,,OSM
EC 2/3 Canteen,restaurant,12.8367578,77.6590488,,OSM
California Burrito,restaurant,12.9060986,77.5903941,mexican,OSM
SJP2 Center Court,restaurant,12.9146521,77.6842257,indian,OSM
SJP2 Canteen,restaurant,12.915127,77.6834462,indian,OSM
SJP1 Canteen,restaurant,12.9140384,77.6861894,indian,OSM
Lotus Food Court,food_court,12.8485396,77.6669229,regional,OSM
Lotus Food Court,food_court,12.8482708,77.6668939,regional,OSM
Lotus Food Court,food_court,12.847992,77.666871,regional,OSM
Punjabi restaurant,restaurant,12.8446668,77.6656445,indian,OSM
Bhagini Bellandur restaurant,restaurant,12.9253514,77.6759422,,OSM
Cafe Coffee Day,cafe,13.0317557,77.559631,coffee_shop,OSM
Kanthi Sweets,restaurant,13.0316113,77.5593212,regional,OSM
Rose Garden Bar & Restaurant,restaurant,12.9994947,77.6246862,,OSM
Yogi-sthaan (Yoga House),cafe,12.9810383,77.6384098,indian,OSM
College Canteen B,cafe,13.1328247,77.5696187,,OSM
College Canteen A,cafe,13.1328761,77.5697659,,OSM
Glen's Bakehouse,cafe,12.9791823,77.6405803,pancake;breakfast;ice_cream;cake;coffee_shop,OSM
Gokul Kuteera Restaurant,restaurant,12.978429,77.635725,,OSM
Imli,restaurant,12.9798335,77.6395891,,OSM
Sunnys,restaurant,12.9718635,77.5985557,international,OSM
Kabab Zone,food_court,12.9070807,77.6063246,,OSM
South Thindis,fast_food,12.938534,77.5756549,regional,OSM
Magic Spice,restaurant,12.9258833,77.6768999,,OSM
Five Star Chicken,fast_food,12.9739385,77.6359439,chicken,OSM
Parika,restaurant,12.9117877,77.6396796,seafood,OSM
Unknown,food_court,12.9989232,77.6252365,,OSM
Mess B,food_court,12.9518907,77.5145626,,OSM
Domino's,fast_food,12.9403448,77.6252876,pizza,OSM
Palate Restaurant,restaurant,12.9579223,77.5185445,,OSM
Godavari Konaseema Ruchulu,restaurant,13.0930673,77.5849882,regional,OSM
Unknown,fast_food,13.0899693,77.5830596,,OSM
Trupti Tindi,restaurant,13.0691169,77.5808726,south_indian,OSM
Kerala Mess,restaurant,13.0278009,77.6310139,Kerala,OSM
Jive Pub,restaurant,12.9732975,77.6360872,regional,OSM
Unknown,restaurant,13.0360513,77.5905954,,OSM
HKBK Hostel Mess,restaurant,13.0350694,77.6198957,,OSM
"Brahmin's Fast Food, Juice and Chats",restaurant,13.0279158,77.5719737,south_indian,OSM
Telugu Villas,restaurant,12.9567712,77.7154186,,OSM
Kapoor's Cafe,restaurant,12.956196,77.7199638,punjabi,OSM
Taran Sagar Restaurant,restaurant,13.0194971,77.539281,,OSM
Adyar Ananda Bhavan,restaurant,13.0198187,77.7097234,,OSM
Udupi Upahar,restaurant,12.9251991,77.6337342,regional,OSM
Krishna Grand Restaurant,restaurant,12.9213283,77.5710801,South_indian;North_Indian,OSM
Gillys 104 Bar,restaurant,12.9332863,77.6147148,,OSM
Jagli Thindi,restaurant,12.8918594,77.5909678,indian;udupi,OSM
Paakashala,restaurant,12.896796,77.5703127,,OSM
The Hole In The Wall Cafe,cafe,12.9347614,77.6254885,american,OSM
MTR,restaurant,12.9163519,77.6445734,,OSM
Shanti Sagar,restaurant,12.9537466,77.5673376,indian;south_indian,OSM
Nagarjuna,restaurant,12.9338342,77.6211473,Andhra,OSM
Hotel delight,restaurant,12.9307596,77.6030109,,OSM
juice magic,cafe,12.9295624,77.6031531,regional;teax-mex,OSM
Savoury - Sea Shell Restaurant,cafe,12.9310555,77.600919,international,OSM
Mandarthi Bhavan,fast_food,12.9076006,77.5471656,south_indian;chats;north_indian,OSM
South Kitchen,restaurant,12.9380404,77.5686782,regional,OSM
Fidelis Food Court,restaurant,12.934563,77.6935579,,OSM
Sōmēśvaram,restaurant,12.9771074,77.5792163,indian,OSM
Cafe Kiara,cafe,13.0837049,77.4851239,,OSM
Foody's Cafe,restaurant,13.0835717,77.4847812,,OSM
The Tea Company,cafe,13.0832171,77.4847772,,OSM
Board 4 Bored,cafe,12.9137835,77.5209062,sandwich;chinese;italian;indian;mexican,OSM
Go Pizza,fast_food,12.9129585,77.6516544,pizza,OSM
Donne Biryani House,restaurant,12.9261764,77.6779165,,OSM
Chai House,cafe,12.9127182,77.6536643,coffee_shop;tea;sandwich;indian,OSM
Hari Super Sandwich,fast_food,12.9100473,77.5500181,,OSM
Unknown,restaurant,12.9319643,77.5026152,,OSM
Juice Junction,restaurant,12.905902,77.5952149,juice;sandwich;rolls,OSM
Bhramins Thate Idly Shop,restaurant,13.0079616,77.5639934,indian;regional;south_indian,OSM
Cafe Down The Alley,cafe,12.9353345,77.5329892,italian,OSM
Smoke,restaurant,13.0278568,77.5732416,indian,OSM
Taaza Tindi,restaurant,12.9226076,77.5932038,south_Indian,OSM
Kumara Bhavana,restaurant,12.9378721,77.5674301,,OSM
Mughal Paradise Restaurant,restaurant,12.9646903,77.7150884,,OSM
NIAS Guest House Cafe,cafe,13.0290439,77.5635122,,OSM
Konark Kanteerava,restaurant,12.9700671,77.5920245,north_indian;chinese,OSM
the Rasaganga,restaurant,12.9265734,77.6784282,South_Indian,OSM
Cafe Grill,fast_food,12.9686274,77.6487542,indian,OSM
Nesara,restaurant,13.016633,77.5649402,indian,OSM
Daily Bread,cafe,12.9358287,77.6906223,coffee_shop,OSM
Unknown,restaurant,12.978429,77.635725,,OSM
Krishna Sagar Veg Restaurant,restaurant,12.9804902,77.6464008,,OSM
Riviera Food Court,food_court,12.9521084,77.64336,,OSM
The Fisherman's Wharf,restaurant,12.9144646,77.6664217,regional;goan,OSM
JNCASR Dining,food_court,13.0694495,77.6128966,,OSM
Cafeteria,cafe,12.9814792,77.6967005,,OSM
Third Wave Coffee,cafe,12.9714678,77.5978865,coffee_shop,OSM
Central Bar District,restaurant,12.9591659,77.6546941,,OSM
Annapoorna Hostel Student's Mess,fast_food,13.1296002,77.5872108,,OSM
Breads & Banter,cafe,12.964763,77.7154971,,OSM
Coffee Break,cafe,12.9236668,77.5762484,coffee_shop,OSM
Big Mingos,fast_food,12.9223901,77.4996843,,OSM
Chung Wah,restaurant,13.0054129,77.6596136,chinese,OSM
Cafeteria,cafe,13.0581112,77.6434269,,OSM
Chai 3:16,cafe,13.0572994,77.6454379,,OSM
The Rameshwaram Cafe,fast_food,12.9707819,77.7126186,south_indian,OSM
Unknown,restaurant,12.9826757,77.7379987,,OSM
MM Foods,fast_food,12.9237929,77.5004981,,OSM
Namaste,restaurant,12.9117927,77.6398194,indian,OSM
Bhartiya Jalpan,restaurant,12.9144167,77.676978,indian,OSM
Kebaab Waala,restaurant,12.9182511,77.6712959,kabaab,OSM
Chai World,cafe,12.9132197,77.6797959,,OSM
Annapurna Bakery and Sweets,cafe,13.0723166,77.5244275,chinese;regional,OSM
Brindavan College Canteen,cafe,13.1237984,77.6202242,rice,OSM
Anand Sweets,restaurant,12.9166618,77.6732112,sweets;indian,OSM
Nanda's,restaurant,12.9163971,77.6731116,,OSM
Sendhoor Coffee,restaurant,12.969287,77.6489488,south_indian;dosa;coffee,OSM
The Milkshake Theory,fast_food,12.9118717,77.6823938,,OSM
Unknown,fast_food,12.8912777,77.7511992,western;chinese;indian,OSM
Adyar Ananda Bhavan,restaurant,12.9168827,77.609506,regional,OSM
"The Bay, Ecoworld",food_court,12.9204249,77.6844639,,OSM
Al-Daaz,restaurant,12.9208222,77.6514212,arab,OSM
Canteen Area,food_court,12.971739,77.6284244,,OSM
South Thindies (Food Point),food_court,12.9340838,77.5358619,,OSM
Canteen,food_court,12.871497,77.6627463,,OSM
Mess C and Mess D,food_court,13.0162548,77.563441,,OSM
Ajwaa restaurant,restaurant,12.879313,77.6367654,,OSM
Bay,food_court,12.9213797,77.6811818,,OSM
Kuttu's Cafe,cafe,13.0850089,77.4866264,,OSM
Acharya Cafe,cafe,13.084842,77.4822727,,OSM
Cafe Coffee Day,cafe,13.0731507,77.5028748,coffee_shop,OSM
Donne Biriyani,restaurant,13.0540453,77.5074759,,OSM
Gayathri Grand,restaurant,13.0661209,77.5040642,,OSM
Rajkumar Fish Stall,fast_food,13.0184847,77.5398081,fish_and_chips,OSM
Indira Canteen,fast_food,13.0588898,77.5081641,south_indian,OSM
Bagmane Onyx,food_court,12.986003,77.6942075,,OSM
Indira Canteen,fast_food,13.0403763,77.5892972,south_indian,OSM
kitches@ JP Nagar,restaurant,12.8933586,77.586082,,OSM
Indira Canteen,fast_food,13.0114608,77.5504152,south_indian,OSM
The Royale Senate,restaurant,13.0364932,77.5896365,,OSM
Unknown,restaurant,13.0363198,77.590595,,OSM
Indira Canteen,fast_food,12.9117293,77.6061936,south_indian,OSM
Indira Canteen,fast_food,12.9247437,77.6173648,south_indian,OSM
Chetan Dhaba,restaurant,12.9230141,77.4959523,regional;north_indian,OSM
Saaman,restaurant,13.0993215,77.5877976,indian,OSM
Sarangi,restaurant,13.0661209,77.5040642,regional;andhra,OSM
Sanctuary,cafe,12.9990478,77.6242516,,OSM
Kalingas,restaurant,12.9072404,77.6108895,indian;regional,OSM
Street 1522,restaurant,12.9027012,77.7042133,,OSM
Bearful,restaurant,12.9060056,77.6999816,,OSM
Sri Lakshmi Venkateshwara Deluxe Mess,restaurant,12.9296045,77.6949781,regional;andhra,OSM
Indira Canteen,fast_food,12.9413694,77.6088716,south_indian,OSM
Andhra Kafe Bar & Restaurant,restaurant,12.9888472,77.7264325,indian;andhra,OSM
Rashtrakutas,restaurant,12.9136212,77.6449401,,OSM
Irani Chai,cafe,12.913772,77.6442852,,OSM
Udupi Food Park,restaurant,12.9049803,77.6440307,,OSM
Indira Canteen,fast_food,12.9924502,77.715714,south_indian,OSM
Asha Tiffins,restaurant,12.9645664,77.7144081,,OSM
Indira Canteen,fast_food,13.0118146,77.5686496,south_indian,OSM
Unknown,restaurant,12.9467942,77.5798276,,OSM
Haveli,restaurant,12.9522525,77.6522708,indian,OSM
Indira Canteen,fast_food,12.9951618,77.5381263,south_indian,OSM
Indira Canteen,fast_food,12.9883746,77.6043739,south_indian,OSM
Indira Canteen,fast_food,12.9893456,77.5717545,south_indian,OSM
Sagar's Cafe,cafe,12.9550657,77.7175366,,OSM
Gokul Veg,restaurant,13.1046814,77.5999878,indian;chinese,OSM
Udupi Grand,restaurant,13.1032921,77.6008365,,OSM
Zodiac Bar and Kitchen,restaurant,12.9554768,77.7117502,,OSM
Le Jardin,restaurant,12.9773237,77.6967541,,OSM
Udupi Kitchen,restaurant,12.9259924,77.6695792,regional;south_indian,OSM
BOGINENI Cocktail Bar & kitchen,restaurant,13.0106631,77.7600018,,OSM
The Pump House,restaurant,13.0105169,77.7599497,,OSM
Third Wave Coffee,cafe,12.9117744,77.6502287,,OSM
by2coffee,cafe,12.9550831,77.5659679,,OSM
Sri Vishnu Park,restaurant,13.0990542,77.5847248,,OSM
Sri Sai Cafe,cafe,13.0961151,77.5851484,,OSM
Thirupathi Bhimas,restaurant,13.0930992,77.5843125,regional;chinese;ice_cream,OSM
Silbatti,restaurant,12.9162168,77.64458,indian;chinese,OSM
Pyramid Food Court,food_court,12.9491371,77.6436683,,OSM
HKBK Mess,restaurant,13.0352341,77.6200897,,OSM
HKBK canteen,restaurant,13.0369675,77.6197695,,OSM
Uber Verdant Club House,cafe,12.9078623,77.7012255,regional,OSM
Myfroyoland Premium Frozen Yogurt,restaurant,13.0634878,77.5918453,ice_cream;froyo;frozen_yogurt;dessert;sorbet,OSM
Leon's Burgers & Wings,fast_food,12.9469875,77.6990939,,OSM
64 Mutton Pulao,restaurant,13.0929241,77.5867105,,OSM
Indira Canteen,fast_food,12.9735959,77.7026593,south_indian,OSM
Aadvitha's Spice,restaurant,12.95969,77.7169397,,OSM
Cafe Krishnam,restaurant,12.9206935,77.5967678,north_indian;south_indian;chinese,OSM
Udupi Upahar,fast_food,12.944281,77.5973075,indian;south_indian;north_indian;chinese,OSM
Vaayu Vihar Canteen,restaurant,13.0265658,77.5625598,indian,OSM
Glenn's Bakehouse,cafe,12.9132217,77.6828834,,OSM
Udupi Gardenia,restaurant,13.0384768,77.6650296,regional;south_indian,OSM
Udupi Gardenia Jayantinagar,restaurant,13.0280364,77.6642559,regional;south_indian,OSM
Cafe Coffee Day,cafe,13.0027861,77.5967064,coffee_shop,OSM
Bean Stop Café,cafe,12.9714033,77.5357915,coffee_shop;sandwich;dessert;mexican;burger,OSM
Ocean Basket,restaurant,12.8406318,77.6524073,seafood,OSM
The Spiceberry,restaurant,12.9259165,77.6690737,,OSM
Indira Canteen,fast_food,12.9095578,77.7028625,south_indian,OSM
Ivy Park Hotel And Restaurant,restaurant,12.9093192,77.7050695,,OSM
Royal Indraprastha,restaurant,13.1041174,77.5732296,,OSM
CMR Canteen,restaurant,13.1189796,77.6599868,,OSM
Xochi,restaurant,12.9238522,77.6732734,,OSM
Tummy Town Food Court,food_court,12.8600211,77.5424613,,OSM
Sri Rangam Kafe,cafe,12.8608159,77.6130828,tea;coffee_shop;regional,OSM
Indira Canteen,fast_food,12.9136594,77.5670643,south_indian,OSM
Kaavu,restaurant,12.9613717,77.7320296,,OSM
Vindoos,fast_food,12.9762864,77.7310959,sandwich;juice;coffee_shop;tea;salad;local,OSM
Kanti Sweets,restaurant,12.927789,77.5810239,,OSM
Beku,restaurant,12.9105907,77.5966425,,OSM
Brundavan Delicacy,restaurant,12.8748536,77.5703085,regional,OSM
Sri Sai Prasanna Kailash Juice Shop,fast_food,12.9399242,77.7475691,juice,OSM
cafeteria,restaurant,12.8938083,77.6750777,,OSM
FOOD COURT,cafe,12.8628849,77.6649951,indian;shawarma;juice,OSM
Food Truck,restaurant,12.8639883,77.6654533,,OSM
MM Foods,fast_food,12.9226772,77.5007729,coffee_shop;regional,OSM
Canteen,fast_food,12.9005512,77.5177751,chinese;north_indian;south_indian;snacks,OSM
